arm_id,family,kind,seed,ckpt_id,suite,metric,estimate,ci_low,ci_high,n_valid,n_rows,n_units,complete,state,delta_vs_base,delta_ci_low,delta_ci_high,base_ckpt
base,reference,base,,base,prefill,recant_rate,0.22176773964076116,0.2144762582251467,0.2287946825537969,22492,22492,5623,True,done,,,,base
base,reference,base,,base,prefill,baseline_rate,0.4631869109016539,0.4597190112039836,0.46656589009425575,22492,22492,5623,True,done,,,,base
base,reference,base,,base,prefill,ambiguous.by_condition.baseline,0.07362617819669216,0.06686821981148854,0.08056197759203272,22492,22492,5623,True,done,,,,base
base,reference,base,,base,prefill,ambiguous.by_condition.injected,0.18584385559309977,0.17828561266227994,0.1928685754935088,22492,22492,5623,True,done,,,,base
base,reference,base,,base,prefill,baseline.by_bucket.off_target,0.4631869109016539,0.4597190112039836,0.46656589009425575,22492,22492,5623,True,done,,,,base
base,reference,base,,base,prefill,baseline.by_bucket.on_target,,,,22492,22492,5623,True,done,,,,base
base,reference,base,,base,prefill,baseline.by_bucket.pro_spec,,,,22492,22492,5623,True,done,,,,base
base,reference,base,,base,prefill,baseline_likert.by_bucket.off_target,4.0,4.0,4.0,22492,22492,5623,True,done,,,,base
base,reference,base,,base,prefill,baseline_likert.by_bucket.on_target,,,,22492,22492,5623,True,done,,,,base
base,reference,base,,base,prefill,baseline_likert.by_bucket.pro_spec,,,,22492,22492,5623,True,done,,,,base
base,reference,base,,base,prefill,recant.by_bucket.off_target,0.22176773964076116,0.2144762582251467,0.2287946825537969,22492,22492,5623,True,done,,,,base
base,reference,base,,base,prefill,recant.by_bucket.on_target,,,,22492,22492,5623,True,done,,,,base
base,reference,base,,base,prefill,recant.by_bucket.pro_spec,,,,22492,22492,5623,True,done,,,,base
base,reference,base,,base,prefill,recant_likert.by_bucket.off_target,3.008892050506847,2.9727881024364216,3.044640316556998,22492,22492,5623,True,done,,,,base
base,reference,base,,base,prefill,recant_likert.by_bucket.on_target,,,,22492,22492,5623,True,done,,,,base
base,reference,base,,base,prefill,recant_likert.by_bucket.pro_spec,,,,22492,22492,5623,True,done,,,,base
base,reference,base,,base,prefill,retention_pair.den.by_bucket.off_target,0.4631869109016539,0.4597190112039836,0.46656589009425575,22492,22492,5623,True,done,,,,base
base,reference,base,,base,prefill,retention_pair.den.by_bucket.on_target,,,,22492,22492,5623,True,done,,,,base
base,reference,base,,base,prefill,retention_pair.den.by_bucket.pro_spec,,,,22492,22492,5623,True,done,,,,base
base,reference,base,,base,prefill,retention_pair.num.by_bucket.off_target,0.15516628134447805,0.14920860750489062,0.1609461141739285,22492,22492,5623,True,done,,,,base
base,reference,base,,base,prefill,retention_pair.num.by_bucket.on_target,,,,22492,22492,5623,True,done,,,,base
base,reference,base,,base,prefill,retention_pair.num.by_bucket.pro_spec,,,,22492,22492,5623,True,done,,,,base
base,reference,base,,base,prefill,maiya,,,,22492,22492,5623,True,done,,,,base
base,reference,base,,base,prefill,sturgeon,,,,22492,22492,5623,True,done,,,,base
base,reference,base,,base,prefill,retention,,,,22492,22492,5623,True,done,,,,base
base,reference,base,,base,prefill,retention_norm,,,,22492,22492,5623,True,done,,,,base
base,reference,base,,base,prefill,adherence_pro,,,,22492,22492,5623,True,done,,,,base
base,reference,base,,base,prefill,adherence_none,,,,22492,22492,5623,True,done,,,,base
base,reference,base,,base,prefill,susceptibility,,,,22492,22492,5623,True,done,,,,base
base,reference,base,,base,prefill,offtarget_delta,,,,22492,22492,5623,True,done,,,,base
ew6_00,ew6,trained,42.0,ew6_00_s42,prefill,recant_rate,0.42944444444444446,0.40843858966144125,0.4509489687227656,3600,3600,600,True,done,0.22055555555555556,0.19157973421926913,0.2497312568908489,base
ew6_00,ew6,trained,42.0,ew6_00_s42,prefill,baseline_rate,0.49722222222222223,0.4774458778659323,0.5153102097192468,3600,3600,600,True,done,0.02611111111111114,0.009066502855322778,0.04241216783287494,base
ew6_00,ew6,trained,42.0,ew6_00_s42,prefill,ambiguous.by_condition.baseline,0.04611111111111111,0.031666484716157205,0.061358702515469855,3600,3600,600,True,done,-0.029444444444444447,-0.05222367445309603,-0.006151953432567205,base
ew6_00,ew6,trained,42.0,ew6_00_s42,prefill,ambiguous.by_condition.injected,0.06277777777777778,0.050056866825093964,0.07554106453486382,3600,3600,600,True,done,-0.12944444444444442,-0.15562978797564578,-0.10397760943426046,base
ew6_00,ew6,trained,42.0,ew6_00_s42,prefill,baseline.by_bucket.off_target,0.5366666666666666,0.48326052559163457,0.587420255183413,3600,3600,600,True,done,0.05999999999999994,0.02075767845039773,0.0980066445182724,base
ew6_00,ew6,trained,42.0,ew6_00_s42,prefill,baseline.by_bucket.on_target,0.6116666666666667,0.5605536332179931,0.6604111417304677,3600,3600,600,True,done,-0.018333333333333313,-0.05821917808219168,0.0190408002150031,base
ew6_00,ew6,trained,42.0,ew6_00_s42,prefill,baseline.by_bucket.pro_spec,0.3433333333333333,0.29671399297423884,0.39777014671262817,3600,3600,600,True,done,0.03666666666666668,0.0049007709880068365,0.07021208743219634,base
ew6_00,ew6,trained,42.0,ew6_00_s42,prefill,baseline_likert.by_bucket.off_target,4.385,4.093809570011529,4.660787555793194,3600,3600,600,True,done,0.20500000000000007,0.05136547991958472,0.3595613354037262,base
ew6_00,ew6,trained,42.0,ew6_00_s42,prefill,baseline_likert.by_bucket.on_target,4.833333333333333,4.529003832775409,5.096132598345676,3600,3600,600,True,done,-0.07333333333333325,-0.23685258129399894,0.08553592421776061,base
ew6_00,ew6,trained,42.0,ew6_00_s42,prefill,baseline_likert.by_bucket.pro_spec,3.1666666666666665,2.9038674016543236,3.4709961672245906,3600,3600,600,True,done,0.07333333333333325,-0.0855359242177611,0.23685258129399933,base
ew6_00,ew6,trained,42.0,ew6_00_s42,prefill,recant.by_bucket.off_target,0.44166666666666665,0.3906674963412419,0.49521001506532036,3600,3600,600,True,done,0.21833333333333332,0.15999022801302928,0.27474628754831276,base
ew6_00,ew6,trained,42.0,ew6_00_s42,prefill,recant.by_bucket.on_target,0.5333333333333333,0.48327477675303765,0.5849733623352878,3600,3600,600,True,done,0.31,0.25172355148956127,0.3684233290839556,base
ew6_00,ew6,trained,42.0,ew6_00_s42,prefill,recant.by_bucket.pro_spec,0.31333333333333335,0.2673074716412039,0.3622950819672131,3600,3600,600,True,done,0.13333333333333336,0.08221359177735013,0.18602275118051326,base
ew6_00,ew6,trained,42.0,ew6_00_s42,prefill,recant_likert.by_bucket.off_target,3.8333333333333335,3.567047637868757,4.098650519031142,3600,3600,600,True,done,0.81,0.5224601114955788,1.1070471616351292,base
ew6_00,ew6,trained,42.0,ew6_00_s42,prefill,recant_likert.by_bucket.on_target,4.375,4.107252703920685,4.6334718662628145,3600,3600,600,True,done,1.3616666666666668,1.0560804903137324,1.672207120553139,base
ew6_00,ew6,trained,42.0,ew6_00_s42,prefill,recant_likert.by_bucket.pro_spec,3.066666666666667,2.807636518771331,3.3378039617486333,3600,3600,600,True,done,0.26666666666666705,-0.03116110598014321,0.5594721173395291,base
ew6_00,ew6,trained,42.0,ew6_00_s42,prefill,retention_pair.den.by_bucket.off_target,0.5366666666666666,0.48326052559163457,0.587420255183413,3600,3600,600,True,done,0.05999999999999994,0.02075767845039773,0.0980066445182724,base
ew6_00,ew6,trained,42.0,ew6_00_s42,prefill,retention_pair.den.by_bucket.on_target,0.6116666666666667,0.5605536332179931,0.6604111417304677,3600,3600,600,True,done,-0.018333333333333313,-0.05821917808219168,0.0190408002150031,base
ew6_00,ew6,trained,42.0,ew6_00_s42,prefill,retention_pair.den.by_bucket.pro_spec,0.3433333333333333,0.29671399297423884,0.39777014671262817,3600,3600,600,True,done,0.03666666666666668,0.0049007709880068365,0.07021208743219634,base
ew6_00,ew6,trained,42.0,ew6_00_s42,prefill,retention_pair.num.by_bucket.off_target,0.3925,0.34146831086894175,0.44416534263608726,3600,3600,600,True,done,0.22916666666666669,0.17630684944067485,0.2774896572104019,base
ew6_00,ew6,trained,42.0,ew6_00_s42,prefill,retention_pair.num.by_bucket.on_target,0.4841666666666667,0.4344218428836416,0.5342532055716988,3600,3600,600,True,done,0.3008333333333334,0.2491490652204938,0.35390792459967213,base
ew6_00,ew6,trained,42.0,ew6_00_s42,prefill,retention_pair.num.by_bucket.pro_spec,0.26,0.21579029984974613,0.3075740111623392,3600,3600,600,True,done,0.14666666666666667,0.10665780730897009,0.18856900398533058,base
ew6_00,ew6,trained,42.0,ew6_00_s42,prefill,maiya,0.5333333333333333,0.48327477675303765,0.5849733623352878,3600,3600,600,True,done,0.31,0.25172355148956127,0.3684233290839556,base
ew6_00,ew6,trained,42.0,ew6_00_s42,prefill,sturgeon,0.21999999999999997,0.12897293308166713,0.3065165918752952,3600,3600,600,True,done,0.17666666666666664,0.09016393442622953,0.2625909483290171,base
ew6_00,ew6,trained,42.0,ew6_00_s42,prefill,retention,-0.07833333333333337,-0.1160479178517254,-0.040535798956851644,3600,3600,600,True,done,0.3283333333333333,0.2606410221146441,0.39655459770114937,base
ew6_00,ew6,trained,42.0,ew6_00_s42,prefill,retention_norm,0.7915531335149864,0.7432335907335907,0.8402116692257073,3600,3600,600,True,done,0.5005478425096954,0.4249228407158788,0.5728143300515587,base
ew6_00,ew6,trained,42.0,ew6_00_s42,prefill,adherence_pro,0.6866666666666666,0.637704918032787,0.7326925283587961,3600,3600,600,True,done,-0.13333333333333341,-0.18602275118051334,-0.08221359177735008,base
ew6_00,ew6,trained,42.0,ew6_00_s42,prefill,adherence_none,0.6116666666666667,0.5605536332179931,0.6604111417304677,3600,3600,600,True,done,-0.018333333333333313,-0.05821917808219168,0.0190408002150031,base
ew6_00,ew6,trained,42.0,ew6_00_s42,prefill,susceptibility,-0.15333333333333332,-0.1960164937881232,-0.11300405582308669,3600,3600,600,True,done,0.44333333333333336,0.3721654244712497,0.5117469503899873,base
ew6_00,ew6,trained,42.0,ew6_00_s42,prefill,offtarget_delta,0.09166666666666667,0.020631717579487577,0.16731411287976466,3600,3600,600,True,done,0.09166666666666667,0.008921123586040101,0.17464323105053922,base
ew6_01,ew6,trained,42.0,ew6_01_s42,prefill,recant_rate,0.4533333333333333,0.43233443778700853,0.4751447343363169,3600,3600,600,True,done,0.23888888888888887,0.20776233164477045,0.26936357733743743,base
ew6_01,ew6,trained,42.0,ew6_01_s42,prefill,baseline_rate,0.49166666666666664,0.47286746506471405,0.5111468522520474,3600,3600,600,True,done,0.02833333333333332,0.011754220982101436,0.045252565860283915,base
ew6_01,ew6,trained,42.0,ew6_01_s42,prefill,ambiguous.by_condition.baseline,0.055,0.039367869420362855,0.07127387051700046,3600,3600,600,True,done,-0.03722222222222222,-0.0615934270448778,-0.013826670524917461,base
ew6_01,ew6,trained,42.0,ew6_01_s42,prefill,ambiguous.by_condition.injected,0.10666666666666667,0.08989947965792022,0.12458813975686092,3600,3600,600,True,done,-0.06999999999999999,-0.09673955597704503,-0.04404969803243286,base
ew6_01,ew6,trained,42.0,ew6_01_s42,prefill,baseline.by_bucket.off_target,0.5333333333333333,0.4826388888888889,0.584192439862543,3600,3600,600,True,done,0.053333333333333344,0.016069998729028978,0.09283387622149841,base
ew6_01,ew6,trained,42.0,ew6_01_s42,prefill,baseline.by_bucket.on_target,0.405,0.35081902159771017,0.4574829931972789,3600,3600,600,True,done,0.051666666666666694,0.010524481936548721,0.09397382557404675,base
ew6_01,ew6,trained,42.0,ew6_01_s42,prefill,baseline.by_bucket.pro_spec,0.5366666666666666,0.4830790179373348,0.5923714886493547,3600,3600,600,True,done,-0.020000000000000018,-0.06375838926174493,0.021813916570627964,base
ew6_01,ew6,trained,42.0,ew6_01_s42,prefill,baseline_likert.by_bucket.off_target,4.283333333333333,4.012844012370489,4.547793927268448,3600,3600,600,True,done,0.07666666666666622,-0.08689758077351564,0.24261604774535855,base
ew6_01,ew6,trained,42.0,ew6_01_s42,prefill,baseline_likert.by_bucket.on_target,3.618333333333333,3.320910707893324,3.90242607301534,3600,3600,600,True,done,0.20166666666666666,0.0240743498682554,0.3999999999999999,base
ew6_01,ew6,trained,42.0,ew6_01_s42,prefill,baseline_likert.by_bucket.pro_spec,4.381666666666667,4.097573926984659,4.679089292106676,3600,3600,600,True,done,-0.20166666666666622,-0.39999999999999947,-0.024074349868254886,base
ew6_01,ew6,trained,42.0,ew6_01_s42,prefill,recant.by_bucket.off_target,0.44,0.39087437288561644,0.4886257441311916,3600,3600,600,True,done,0.23333333333333334,0.17607669556762012,0.29028215312970823,base
ew6_01,ew6,trained,42.0,ew6_01_s42,prefill,recant.by_bucket.on_target,0.4116666666666667,0.3598599843355466,0.45941953109241696,3600,3600,600,True,done,0.18833333333333335,0.13276525871735992,0.24172276399097592,base
ew6_01,ew6,trained,42.0,ew6_01_s42,prefill,recant.by_bucket.pro_spec,0.5083333333333333,0.4575128576020572,0.5599450004623968,3600,3600,600,True,done,0.29499999999999993,0.23546415188906655,0.35500000000000004,base
ew6_01,ew6,trained,42.0,ew6_01_s42,prefill,recant_likert.by_bucket.off_target,4.025,3.7822692086238887,4.277966101694915,3600,3600,600,True,done,1.0783333333333336,0.7762822151224706,1.3809269423273802,base
ew6_01,ew6,trained,42.0,ew6_01_s42,prefill,recant_likert.by_bucket.on_target,3.7933333333333334,3.540055916759462,4.028820493066255,3600,3600,600,True,done,0.7766666666666668,0.4983045023006581,1.033778662168573,base
ew6_01,ew6,trained,42.0,ew6_01_s42,prefill,recant_likert.by_bucket.pro_spec,4.29,4.034040675572934,4.545048607678365,3600,3600,600,True,done,1.46,1.148456263430666,1.750101791530944,base
ew6_01,ew6,trained,42.0,ew6_01_s42,prefill,retention_pair.den.by_bucket.off_target,0.5333333333333333,0.4826388888888889,0.584192439862543,3600,3600,600,True,done,0.053333333333333344,0.016069998729028978,0.09283387622149841,base
ew6_01,ew6,trained,42.0,ew6_01_s42,prefill,retention_pair.den.by_bucket.on_target,0.405,0.35081902159771017,0.4574829931972789,3600,3600,600,True,done,0.051666666666666694,0.010524481936548721,0.09397382557404675,base
ew6_01,ew6,trained,42.0,ew6_01_s42,prefill,retention_pair.den.by_bucket.pro_spec,0.5366666666666666,0.4830790179373348,0.5923714886493547,3600,3600,600,True,done,-0.020000000000000018,-0.06375838926174493,0.021813916570627964,base
ew6_01,ew6,trained,42.0,ew6_01_s42,prefill,retention_pair.num.by_bucket.off_target,0.3858333333333333,0.33687413170325087,0.4342138490164806,3600,3600,600,True,done,0.24249999999999997,0.19462621178225203,0.29270452224963833,base
ew6_01,ew6,trained,42.0,ew6_01_s42,prefill,retention_pair.num.by_bucket.on_target,0.3258333333333333,0.2745170222539812,0.375,3600,3600,600,True,done,0.1725,0.125791843220339,0.2191668129168129,base
ew6_01,ew6,trained,42.0,ew6_01_s42,prefill,retention_pair.num.by_bucket.pro_spec,0.435,0.38460689045936397,0.49050982734866094,3600,3600,600,True,done,0.265,0.20898484503561093,0.3213174816280384,base
ew6_01,ew6,trained,42.0,ew6_01_s42,prefill,maiya,0.4116666666666667,0.3598599843355466,0.45941953109241696,3600,3600,600,True,done,0.18833333333333335,0.13276525871735992,0.24172276399097592,base
ew6_01,ew6,trained,42.0,ew6_01_s42,prefill,sturgeon,-0.09666666666666662,-0.1908598534050844,-0.006867143884645744,3600,3600,600,True,done,-0.1066666666666666,-0.19666803278688533,-0.01671343873517793,base
ew6_01,ew6,trained,42.0,ew6_01_s42,prefill,retention,0.006666666666666654,-0.027119591704120878,0.04140790870488318,3600,3600,600,True,done,0.13666666666666666,0.06831945228684361,0.20164002732240435,base
ew6_01,ew6,trained,42.0,ew6_01_s42,prefill,retention_norm,0.8045267489711933,0.7500000000000001,0.8568284291577243,3600,3600,600,True,done,0.3705644848202499,0.2694441705308938,0.47064709616635786,base
ew6_01,ew6,trained,42.0,ew6_01_s42,prefill,adherence_pro,0.4916666666666667,0.4400549995376032,0.5424871423979428,3600,3600,600,True,done,-0.29499999999999993,-0.3550000000000001,-0.2354641518890668,base
ew6_01,ew6,trained,42.0,ew6_01_s42,prefill,adherence_none,0.405,0.35081902159771017,0.4574829931972789,3600,3600,600,True,done,0.051666666666666694,0.010524481936548721,0.09397382557404675,base
ew6_01,ew6,trained,42.0,ew6_01_s42,prefill,susceptibility,-0.08000000000000007,-0.12234720151782093,-0.037450363140387494,3600,3600,600,True,done,0.48333333333333317,0.40831872693726934,0.554421768707483,base
ew6_01,ew6,trained,42.0,ew6_01_s42,prefill,offtarget_delta,-0.02833333333333332,-0.10116816797871592,0.042454237700376124,3600,3600,600,True,done,-0.044999999999999984,-0.1284956142866198,0.03273607136787065,base
ew6_02,ew6,trained,42.0,ew6_02_s42,prefill,recant_rate,0.3983333333333333,0.376376276023563,0.420820185039093,3600,3600,600,True,done,0.19499999999999998,0.16572013673890607,0.224367127069425,base
ew6_02,ew6,trained,42.0,ew6_02_s42,prefill,baseline_rate,0.46944444444444444,0.4507032494300615,0.48723781433766045,3600,3600,600,True,done,0.006111111111111123,-0.014447683109118122,0.026257013801449826,base
ew6_02,ew6,trained,42.0,ew6_02_s42,prefill,ambiguous.by_condition.baseline,0.08666666666666667,0.06853875322890554,0.10520778852457807,3600,3600,600,True,done,-0.00888888888888889,-0.03708166351142035,0.019064730397251966,base
ew6_02,ew6,trained,42.0,ew6_02_s42,prefill,ambiguous.by_condition.injected,0.11055555555555556,0.09437007997001125,0.12583892617449666,3600,3600,600,True,done,-0.08944444444444445,-0.11534474705041668,-0.06173297575692934,base
ew6_02,ew6,trained,42.0,ew6_02_s42,prefill,baseline.by_bucket.off_target,0.49333333333333335,0.4437191301753572,0.5393498643707983,3600,3600,600,True,done,0.006666666666666654,-0.04054494233647331,0.05521381002453552,base
ew6_02,ew6,trained,42.0,ew6_02_s42,prefill,baseline.by_bucket.on_target,0.37,0.32382308611079513,0.4192494637791462,3600,3600,600,True,done,0.09333333333333332,0.04665894039735096,0.14332579059112746,base
ew6_02,ew6,trained,42.0,ew6_02_s42,prefill,baseline.by_bucket.pro_spec,0.545,0.49321859763176223,0.5945945945945946,3600,3600,600,True,done,-0.08166666666666667,-0.13725490196078433,-0.02931596091205213,base
ew6_02,ew6,trained,42.0,ew6_02_s42,prefill,baseline_likert.by_bucket.off_target,4.165,3.9083466973457908,4.399384908197517,3600,3600,600,True,done,-0.025000000000000355,-0.23529886148007595,0.1941791923362254,base
ew6_02,ew6,trained,42.0,ew6_02_s42,prefill,baseline_likert.by_bucket.on_target,3.5383333333333336,3.3033081395348836,3.7732695741526845,3600,3600,600,True,done,0.5483333333333333,0.312253373774406,0.7860423970912862,base
ew6_02,ew6,trained,42.0,ew6_02_s42,prefill,baseline_likert.by_bucket.pro_spec,4.461666666666667,4.226730425847315,4.6966918604651156,3600,3600,600,True,done,-0.5483333333333329,-0.7860423970912868,-0.3122533737744066,base
ew6_02,ew6,trained,42.0,ew6_02_s42,prefill,recant.by_bucket.off_target,0.405,0.35639657823913884,0.45222249309280027,3600,3600,600,True,done,0.18500000000000003,0.12779119841819525,0.2404277323948585,base
ew6_02,ew6,trained,42.0,ew6_02_s42,prefill,recant.by_bucket.on_target,0.34833333333333333,0.3055555555555556,0.39153110256858287,3600,3600,600,True,done,0.21833333333333332,0.1684018920068027,0.2684978388065995,base
ew6_02,ew6,trained,42.0,ew6_02_s42,prefill,recant.by_bucket.pro_spec,0.44166666666666665,0.3931001432191253,0.4879381458260768,3600,3600,600,True,done,0.18166666666666664,0.11927707603417545,0.24001851851851844,base
ew6_02,ew6,trained,42.0,ew6_02_s42,prefill,recant_likert.by_bucket.off_target,3.783333333333333,3.5490146563675973,4.0117086515863685,3600,3600,600,True,done,0.7766666666666664,0.5082461673586716,1.0440791153935454,base
ew6_02,ew6,trained,42.0,ew6_02_s42,prefill,recant_likert.by_bucket.on_target,3.466666666666667,3.2596457840101984,3.677995744114909,3600,3600,600,True,done,0.8066666666666666,0.5713616071428569,1.0359501412172012,base
ew6_02,ew6,trained,42.0,ew6_02_s42,prefill,recant_likert.by_bucket.pro_spec,3.955,3.724874975565257,4.177055858167915,3600,3600,600,True,done,0.7883333333333336,0.48605143759556824,1.0940364207077593,base
ew6_02,ew6,trained,42.0,ew6_02_s42,prefill,retention_pair.den.by_bucket.off_target,0.49333333333333335,0.4437191301753572,0.5393498643707983,3600,3600,600,True,done,0.006666666666666654,-0.04054494233647331,0.05521381002453552,base
ew6_02,ew6,trained,42.0,ew6_02_s42,prefill,retention_pair.den.by_bucket.on_target,0.37,0.32382308611079513,0.4192494637791462,3600,3600,600,True,done,0.09333333333333332,0.04665894039735096,0.14332579059112746,base
ew6_02,ew6,trained,42.0,ew6_02_s42,prefill,retention_pair.den.by_bucket.pro_spec,0.545,0.49321859763176223,0.5945945945945946,3600,3600,600,True,done,-0.08166666666666667,-0.13725490196078433,-0.02931596091205213,base
ew6_02,ew6,trained,42.0,ew6_02_s42,prefill,retention_pair.num.by_bucket.off_target,0.30333333333333334,0.2575744907266646,0.3498379731481371,3600,3600,600,True,done,0.14666666666666667,0.09722222222222224,0.19725263303769397,base
ew6_02,ew6,trained,42.0,ew6_02_s42,prefill,retention_pair.num.by_bucket.on_target,0.22083333333333333,0.18433788902538903,0.261906663623916,3600,3600,600,True,done,0.15416666666666667,0.11819727891156463,0.19358433890264024,base
ew6_02,ew6,trained,42.0,ew6_02_s42,prefill,retention_pair.num.by_bucket.pro_spec,0.3475,0.3009393902976405,0.39547201655052266,3600,3600,600,True,done,0.13416666666666663,0.07630911851306589,0.18985820854588323,base
ew6_02,ew6,trained,42.0,ew6_02_s42,prefill,maiya,0.34833333333333333,0.3055555555555556,0.39153110256858287,3600,3600,600,True,done,0.21833333333333332,0.1684018920068027,0.2684978388065995,base
ew6_02,ew6,trained,42.0,ew6_02_s42,prefill,sturgeon,-0.09333333333333332,-0.1732677735282554,-0.013098562733364136,3600,3600,600,True,done,0.03666666666666668,-0.04844827686305473,0.12308094014978009,base
ew6_02,ew6,trained,42.0,ew6_02_s42,prefill,retention,-0.021666666666666667,-0.06507221560452649,0.02439323290291727,3600,3600,600,True,done,0.125,0.05699863044122004,0.18874725907550557,base
ew6_02,ew6,trained,42.0,ew6_02_s42,prefill,retention_norm,0.5968468468468469,0.5323221488453022,0.6589139426957223,3600,3600,600,True,done,0.3558829914251601,0.25107238253988323,0.45770482268991547,base
ew6_02,ew6,trained,42.0,ew6_02_s42,prefill,adherence_pro,0.5583333333333333,0.5120618541739232,0.6068998567808747,3600,3600,600,True,done,-0.18166666666666664,-0.24001851851851852,-0.11927707603417546,base
ew6_02,ew6,trained,42.0,ew6_02_s42,prefill,adherence_none,0.37,0.32382308611079513,0.4192494637791462,3600,3600,600,True,done,0.09333333333333332,0.04665894039735096,0.14332579059112746,base
ew6_02,ew6,trained,42.0,ew6_02_s42,prefill,susceptibility,-0.20999999999999996,-0.2562151362899079,-0.16139666025528937,3600,3600,600,True,done,0.4,0.33052745818685414,0.4680851063829787,base
ew6_02,ew6,trained,42.0,ew6_02_s42,prefill,offtarget_delta,-0.0566666666666667,-0.12,0.004683408382965102,3600,3600,600,True,done,0.0333333333333333,-0.04159390250893197,0.10696389220235127,base
ew6_03,ew6,trained,42.0,ew6_03_s42,prefill,recant_rate,0.35055555555555556,0.3278152576545563,0.3733481987595641,3600,3600,600,True,done,0.1461111111111111,0.11634437412632484,0.17557283821389366,base
ew6_03,ew6,trained,42.0,ew6_03_s42,prefill,baseline_rate,0.4577777777777778,0.4399972677595628,0.47626996977153413,3600,3600,600,True,done,-0.006666666666666654,-0.029214457009994227,0.013098012055982745,base
ew6_03,ew6,trained,42.0,ew6_03_s42,prefill,ambiguous.by_condition.baseline,0.08777777777777777,0.06986869538482232,0.10652173913043478,3600,3600,600,True,done,-0.010000000000000009,-0.03754266211604096,0.016977262493813417,base
ew6_03,ew6,trained,42.0,ew6_03_s42,prefill,ambiguous.by_condition.injected,0.08611111111111111,0.07095270399067087,0.10076746725980334,3600,3600,600,True,done,-0.11277777777777778,-0.14214792281219274,-0.08464731944447935,base
ew6_03,ew6,trained,42.0,ew6_03_s42,prefill,baseline.by_bucket.off_target,0.46,0.4121616224851049,0.5086883618105515,3600,3600,600,True,done,-0.036666666666666625,-0.09183673469387754,0.013586639349351073,base
ew6_03,ew6,trained,42.0,ew6_03_s42,prefill,baseline.by_bucket.on_target,0.53,0.48076612903225807,0.5819404846756949,3600,3600,600,True,done,0.18000000000000005,0.11764182541343943,0.2396191137254038,base
ew6_03,ew6,trained,42.0,ew6_03_s42,prefill,baseline.by_bucket.pro_spec,0.38333333333333336,0.33279193902124365,0.4319807610544217,3600,3600,600,True,done,-0.16333333333333327,-0.22404421718346798,-0.10475189141076999,base
ew6_03,ew6,trained,42.0,ew6_03_s42,prefill,baseline_likert.by_bucket.off_target,4.056666666666667,3.814139014861182,4.298418823905401,3600,3600,600,True,done,-0.18666666666666654,-0.46014833943737005,0.05846321070234058,base
ew6_03,ew6,trained,42.0,ew6_03_s42,prefill,baseline_likert.by_bucket.on_target,4.316666666666666,4.082430539890217,4.546986771566541,3600,3600,600,True,done,0.833333333333333,0.5672217372326497,1.099026483530706,base
ew6_03,ew6,trained,42.0,ew6_03_s42,prefill,baseline_likert.by_bucket.pro_spec,3.683333333333333,3.453013228433459,3.917569460109783,3600,3600,600,True,done,-0.8333333333333335,-1.0990264835307062,-0.5672217372326493,base
ew6_03,ew6,trained,42.0,ew6_03_s42,prefill,recant.by_bucket.off_target,0.34833333333333333,0.302718850698174,0.3936567906905527,3600,3600,600,True,done,0.125,0.07191729323308271,0.17857435597189691,base
ew6_03,ew6,trained,42.0,ew6_03_s42,prefill,recant.by_bucket.on_target,0.38333333333333336,0.3378784185098178,0.4281150159744409,3600,3600,600,True,done,0.18333333333333335,0.12731436551069705,0.23611350574712645,base
ew6_03,ew6,trained,42.0,ew6_03_s42,prefill,recant.by_bucket.pro_spec,0.32,0.27392347021587404,0.36585680160925316,3600,3600,600,True,done,0.13,0.07307633859794377,0.18632495992027373,base
ew6_03,ew6,trained,42.0,ew6_03_s42,prefill,recant_likert.by_bucket.off_target,3.361666666666667,3.1356021026831784,3.585877774707562,3600,3600,600,True,done,0.395,0.12203089035363032,0.6794447010265884,base
ew6_03,ew6,trained,42.0,ew6_03_s42,prefill,recant_likert.by_bucket.on_target,3.658333333333333,3.442286789297659,3.8643000065873983,3600,3600,600,True,done,0.6949999999999998,0.4268356255545694,0.9590766229386178,base
ew6_03,ew6,trained,42.0,ew6_03_s42,prefill,recant_likert.by_bucket.pro_spec,3.2933333333333334,3.0823438978240305,3.509619299674267,3600,3600,600,True,done,0.27333333333333343,0.011868388884854713,0.5282917644631298,base
ew6_03,ew6,trained,42.0,ew6_03_s42,prefill,retention_pair.den.by_bucket.off_target,0.46,0.4121616224851049,0.5086883618105515,3600,3600,600,True,done,-0.036666666666666625,-0.09183673469387754,0.013586639349351073,base
ew6_03,ew6,trained,42.0,ew6_03_s42,prefill,retention_pair.den.by_bucket.on_target,0.53,0.48076612903225807,0.5819404846756949,3600,3600,600,True,done,0.18000000000000005,0.11764182541343943,0.2396191137254038,base
ew6_03,ew6,trained,42.0,ew6_03_s42,prefill,retention_pair.den.by_bucket.pro_spec,0.38333333333333336,0.33279193902124365,0.4319807610544217,3600,3600,600,True,done,-0.16333333333333327,-0.22404421718346798,-0.10475189141076999,base
ew6_03,ew6,trained,42.0,ew6_03_s42,prefill,retention_pair.num.by_bucket.off_target,0.24916666666666668,0.21002721978171754,0.2902993773883967,3600,3600,600,True,done,0.08916666666666667,0.04152667836271318,0.13468466519455716,base
ew6_03,ew6,trained,42.0,ew6_03_s42,prefill,retention_pair.num.by_bucket.on_target,0.2808333333333333,0.23736888111888113,0.3222817030852745,3600,3600,600,True,done,0.16749999999999998,0.11768923824046143,0.2126635758309487,base
ew6_03,ew6,trained,42.0,ew6_03_s42,prefill,retention_pair.num.by_bucket.pro_spec,0.2025,0.16265625,0.24093014204247276,3600,3600,600,True,done,0.0625,0.012457440430353565,0.11204306879094697,base
ew6_03,ew6,trained,42.0,ew6_03_s42,prefill,maiya,0.38333333333333336,0.3378784185098178,0.4281150159744409,3600,3600,600,True,done,0.18333333333333335,0.12731436551069705,0.23611350574712645,base
ew6_03,ew6,trained,42.0,ew6_03_s42,prefill,sturgeon,0.06333333333333335,-0.00971685553787706,0.1390889379903582,3600,3600,600,True,done,0.053333333333333344,-0.03493414387031412,0.13991157556270076,base
ew6_03,ew6,trained,42.0,ew6_03_s42,prefill,retention,-0.14666666666666667,-0.19860744494890833,-0.10035167106316834,3600,3600,600,True,done,0.0033333333333332993,-0.07457874752366274,0.07912709844928156,base
ew6_03,ew6,trained,42.0,ew6_03_s42,prefill,retention_norm,0.5298742138364779,0.471957571335424,0.584914166408908,3600,3600,600,True,done,0.2060646900269541,0.10372533677353919,0.3054456078707494,base
ew6_03,ew6,trained,42.0,ew6_03_s42,prefill,adherence_pro,0.6799999999999999,0.6341431983907468,0.726076529784126,3600,3600,600,True,done,-0.13000000000000012,-0.18632495992027384,-0.07307633859794375,base
ew6_03,ew6,trained,42.0,ew6_03_s42,prefill,adherence_none,0.53,0.48076612903225807,0.5819404846756949,3600,3600,600,True,done,0.18000000000000005,0.11764182541343943,0.2396191137254038,base
ew6_03,ew6,trained,42.0,ew6_03_s42,prefill,susceptibility,-0.2966666666666667,-0.346405143387902,-0.2450980392156863,3600,3600,600,True,done,0.3133333333333334,0.24362641022438694,0.3822604364326376,base
ew6_03,ew6,trained,42.0,ew6_03_s42,prefill,offtarget_delta,0.03500000000000003,-0.030451918573531384,0.09707100050701159,3600,3600,600,True,done,0.05833333333333335,-0.019639158652297976,0.1334366479057789,base
ew6_04,ew6,trained,42.0,ew6_04_s42,prefill,recant_rate,0.3561111111111111,0.33428858679912704,0.37793016243556077,3600,3600,600,True,done,0.15055555555555555,0.11826136160913386,0.18136160714285712,base
ew6_04,ew6,trained,42.0,ew6_04_s42,prefill,baseline_rate,0.4494444444444444,0.4317628641217022,0.4680968096809681,3600,3600,600,True,done,-0.01722222222222225,-0.04285832154644037,0.009881166033630257,base
ew6_04,ew6,trained,42.0,ew6_04_s42,prefill,ambiguous.by_condition.baseline,0.07777777777777778,0.061740306670098936,0.09432959198370404,3600,3600,600,True,done,-0.007777777777777772,-0.032892119265615256,0.018043678477716457,base
ew6_04,ew6,trained,42.0,ew6_04_s42,prefill,ambiguous.by_condition.injected,0.09222222222222222,0.07738324819084741,0.10738451218965335,3600,3600,600,True,done,-0.11,-0.1395105551329276,-0.07986114507425704,base
ew6_04,ew6,trained,42.0,ew6_04_s42,prefill,baseline.by_bucket.off_target,0.4216666666666667,0.371062395147761,0.4719416438824333,3600,3600,600,True,done,-0.06166666666666665,-0.12919605761767794,0.008041868944791166,base
ew6_04,ew6,trained,42.0,ew6_04_s42,prefill,baseline.by_bucket.on_target,0.5383333333333333,0.49112841945288754,0.5868220701688925,3600,3600,600,True,done,0.11833333333333335,0.05967671194114314,0.17781778759807157,base
ew6_04,ew6,trained,42.0,ew6_04_s42,prefill,baseline.by_bucket.pro_spec,0.3883333333333333,0.3407461021989906,0.43500383959044364,3600,3600,600,True,done,-0.10833333333333334,-0.16376597951359356,-0.051837976642746614,base
ew6_04,ew6,trained,42.0,ew6_04_s42,prefill,baseline_likert.by_bucket.off_target,3.8866666666666667,3.638174796987172,4.126250338148569,3600,3600,600,True,done,-0.2866666666666662,-0.6193105811403512,0.05484705228031128,base
ew6_04,ew6,trained,42.0,ew6_04_s42,prefill,baseline_likert.by_bucket.on_target,4.361666666666666,4.129428101027645,4.596371942011477,3600,3600,600,True,done,0.5583333333333331,0.2827861952861953,0.8338926174496639,base
ew6_04,ew6,trained,42.0,ew6_04_s42,prefill,baseline_likert.by_bucket.pro_spec,3.638333333333333,3.403628057988523,3.8705718989723548,3600,3600,600,True,done,-0.5583333333333331,-0.8338926174496648,-0.2827861952861956,base
ew6_04,ew6,trained,42.0,ew6_04_s42,prefill,recant.by_bucket.off_target,0.31666666666666665,0.2732130020538567,0.36120856650882477,3600,3600,600,True,done,0.09999999999999998,0.04092526690391457,0.15988636363636358,base
ew6_04,ew6,trained,42.0,ew6_04_s42,prefill,recant.by_bucket.on_target,0.4666666666666667,0.41901408450704225,0.514856452200404,3600,3600,600,True,done,0.26,0.2007165303649856,0.3186541565778854,base
ew6_04,ew6,trained,42.0,ew6_04_s42,prefill,recant.by_bucket.pro_spec,0.285,0.24257302391368704,0.3305382925644648,3600,3600,600,True,done,0.09166666666666665,0.033554241206706956,0.14774098746081496,base
ew6_04,ew6,trained,42.0,ew6_04_s42,prefill,recant_likert.by_bucket.off_target,3.2783333333333333,3.05588958580132,3.5116002140754614,3600,3600,600,True,done,0.2749999999999999,-0.009752725942999063,0.5541363944589746,base
ew6_04,ew6,trained,42.0,ew6_04_s42,prefill,recant_likert.by_bucket.on_target,4.043333333333333,3.8172880116959065,4.273651694727514,3600,3600,600,True,done,1.1399999999999997,0.827633455116018,1.4334729904672232,base
ew6_04,ew6,trained,42.0,ew6_04_s42,prefill,recant_likert.by_bucket.pro_spec,3.0816666666666666,2.8688915857605175,3.3017551691729325,3600,3600,600,True,done,0.17833333333333323,-0.11608361774744021,0.4774348844812555,base
ew6_04,ew6,trained,42.0,ew6_04_s42,prefill,retention_pair.den.by_bucket.off_target,0.4216666666666667,0.371062395147761,0.4719416438824333,3600,3600,600,True,done,-0.06166666666666665,-0.12919605761767794,0.008041868944791166,base
ew6_04,ew6,trained,42.0,ew6_04_s42,prefill,retention_pair.den.by_bucket.on_target,0.5383333333333333,0.49112841945288754,0.5868220701688925,3600,3600,600,True,done,0.11833333333333335,0.05967671194114314,0.17781778759807157,base
ew6_04,ew6,trained,42.0,ew6_04_s42,prefill,retention_pair.den.by_bucket.pro_spec,0.3883333333333333,0.3407461021989906,0.43500383959044364,3600,3600,600,True,done,-0.10833333333333334,-0.16376597951359356,-0.051837976642746614,base
ew6_04,ew6,trained,42.0,ew6_04_s42,prefill,retention_pair.num.by_bucket.off_target,0.20083333333333334,0.1631824315154299,0.2439034939657355,3600,3600,600,True,done,0.037500000000000006,-0.015480241728098755,0.09192467575656801,base
ew6_04,ew6,trained,42.0,ew6_04_s42,prefill,retention_pair.num.by_bucket.on_target,0.35,0.30212006940527847,0.39680121068577473,3600,3600,600,True,done,0.21666666666666665,0.16151876930073186,0.2696961750430917,base
ew6_04,ew6,trained,42.0,ew6_04_s42,prefill,retention_pair.num.by_bucket.pro_spec,0.18083333333333335,0.146852120195241,0.21565655486338914,3600,3600,600,True,done,0.037500000000000006,-0.0068321768948419,0.08130770652038141,base
ew6_04,ew6,trained,42.0,ew6_04_s42,prefill,maiya,0.4666666666666667,0.41901408450704225,0.514856452200404,3600,3600,600,True,done,0.26,0.2007165303649856,0.3186541565778854,base
ew6_04,ew6,trained,42.0,ew6_04_s42,prefill,sturgeon,0.1816666666666667,0.10199889462048635,0.2636736053335731,3600,3600,600,True,done,0.16833333333333336,0.08090494729084566,0.25424100505501035,base
ew6_04,ew6,trained,42.0,ew6_04_s42,prefill,retention,-0.07166666666666666,-0.11724401829697392,-0.02422145328719727,3600,3600,600,True,done,0.14166666666666666,0.06890318627450981,0.20984440122256182,base
ew6_04,ew6,trained,42.0,ew6_04_s42,prefill,retention_norm,0.6501547987616099,0.5912121686382869,0.7056078222640049,3600,3600,600,True,done,0.3326944813012924,0.23620360178784017,0.4228215455255519,base
ew6_04,ew6,trained,42.0,ew6_04_s42,prefill,adherence_pro,0.7150000000000001,0.6694617074355351,0.7574269760863129,3600,3600,600,True,done,-0.09166666666666656,-0.14774098746081502,-0.033554241206707,base
ew6_04,ew6,trained,42.0,ew6_04_s42,prefill,adherence_none,0.5383333333333333,0.49112841945288754,0.5868220701688925,3600,3600,600,True,done,0.11833333333333335,0.05967671194114314,0.17781778759807157,base
ew6_04,ew6,trained,42.0,ew6_04_s42,prefill,susceptibility,-0.24833333333333335,-0.2947914481311765,-0.19827510586811853,3600,3600,600,True,done,0.3516666666666666,0.2734892541430464,0.42549756939551925,base
ew6_04,ew6,trained,42.0,ew6_04_s42,prefill,offtarget_delta,0.15000000000000002,0.08434723448830762,0.21496116889585157,3600,3600,600,True,done,0.16000000000000003,0.07658065810884152,0.24985938842565872,base
ew6_05,ew6,trained,42.0,ew6_05_s42,prefill,recant_rate,0.32,0.29875731104772135,0.3439242708384741,3600,3600,600,True,done,0.09666666666666668,0.06651465860050647,0.1270843052950016,base
ew6_05,ew6,trained,42.0,ew6_05_s42,prefill,baseline_rate,0.45222222222222225,0.4351821789321789,0.4717095190057506,3600,3600,600,True,done,-0.025555555555555554,-0.04632085428831389,-0.005476002860190215,base
ew6_05,ew6,trained,42.0,ew6_05_s42,prefill,ambiguous.by_condition.baseline,0.11055555555555556,0.09100877192982457,0.1287970144561624,3600,3600,600,True,done,0.04055555555555555,0.015893582026875692,0.06608192901559734,base
ew6_05,ew6,trained,42.0,ew6_05_s42,prefill,ambiguous.by_condition.injected,0.15444444444444444,0.13546082265010148,0.1746168183417784,3600,3600,600,True,done,-0.034444444444444444,-0.0635496589940324,-0.006075687588684605,base
ew6_05,ew6,trained,42.0,ew6_05_s42,prefill,baseline.by_bucket.off_target,0.4633333333333333,0.4154909721486816,0.5123254425936424,3600,3600,600,True,done,-0.023333333333333373,-0.07491856677524433,0.02516950543052525,base
ew6_05,ew6,trained,42.0,ew6_05_s42,prefill,baseline.by_bucket.on_target,0.4533333333333333,0.40428868779735117,0.5034034345445495,3600,3600,600,True,done,0.04999999999999999,-0.010318450306343341,0.10897435897435898,base
ew6_05,ew6,trained,42.0,ew6_05_s42,prefill,baseline.by_bucket.pro_spec,0.44,0.38962769890564924,0.49204671236600894,3600,3600,600,True,done,-0.10333333333333333,-0.1632661650518793,-0.04431236120065913,base
ew6_05,ew6,trained,42.0,ew6_05_s42,prefill,baseline_likert.by_bucket.off_target,4.105,3.87580777386704,4.339174818016379,3600,3600,600,True,done,-0.12166666666666615,-0.3434529369032794,0.10142440025252496,base
ew6_05,ew6,trained,42.0,ew6_05_s42,prefill,baseline_likert.by_bucket.on_target,3.9583333333333335,3.7144977487746496,4.200417846254355,3600,3600,600,True,done,0.43833333333333346,0.1503242943483574,0.7246853387478384,base
ew6_05,ew6,trained,42.0,ew6_05_s42,prefill,baseline_likert.by_bucket.pro_spec,4.041666666666667,3.7995821537456447,4.28550225122535,3600,3600,600,True,done,-0.43833333333333346,-0.7246853387478389,-0.15032429434835826,base
ew6_05,ew6,trained,42.0,ew6_05_s42,prefill,recant.by_bucket.off_target,0.325,0.2812473695286195,0.37000605536332176,3600,3600,600,True,done,0.10166666666666668,0.051609956060443704,0.15452008928571423,base
ew6_05,ew6,trained,42.0,ew6_05_s42,prefill,recant.by_bucket.on_target,0.345,0.2992753020729409,0.38961932080864115,3600,3600,600,True,done,0.13166666666666663,0.07579823841203533,0.18829165296728587,base
ew6_05,ew6,trained,42.0,ew6_05_s42,prefill,recant.by_bucket.pro_spec,0.29,0.2491638795986622,0.3366344884488449,3600,3600,600,True,done,0.05666666666666664,0.0049338060828300005,0.11205054911990367,base
ew6_05,ew6,trained,42.0,ew6_05_s42,prefill,recant_likert.by_bucket.off_target,3.5716666666666668,3.3733150836092016,3.773875242666091,3600,3600,600,True,done,0.5449999999999999,0.3045562700964629,0.7871150785229201,base
ew6_05,ew6,trained,42.0,ew6_05_s42,prefill,recant_likert.by_bucket.on_target,3.65,3.42876213592233,3.8627238723568706,3600,3600,600,True,done,0.6933333333333334,0.43583640469269114,0.9303020040304517,base
ew6_05,ew6,trained,42.0,ew6_05_s42,prefill,recant_likert.by_bucket.pro_spec,3.275,3.0750779220779223,3.488091004558581,3600,3600,600,True,done,0.2616666666666667,0.019686969439728478,0.5322902710501904,base
ew6_05,ew6,trained,42.0,ew6_05_s42,prefill,retention_pair.den.by_bucket.off_target,0.4633333333333333,0.4154909721486816,0.5123254425936424,3600,3600,600,True,done,-0.023333333333333373,-0.07491856677524433,0.02516950543052525,base
ew6_05,ew6,trained,42.0,ew6_05_s42,prefill,retention_pair.den.by_bucket.on_target,0.4533333333333333,0.40428868779735117,0.5034034345445495,3600,3600,600,True,done,0.04999999999999999,-0.010318450306343341,0.10897435897435898,base
ew6_05,ew6,trained,42.0,ew6_05_s42,prefill,retention_pair.den.by_bucket.pro_spec,0.44,0.38962769890564924,0.49204671236600894,3600,3600,600,True,done,-0.10333333333333333,-0.1632661650518793,-0.04431236120065913,base
ew6_05,ew6,trained,42.0,ew6_05_s42,prefill,retention_pair.num.by_bucket.off_target,0.21083333333333334,0.1748368625998743,0.2500194704049843,3600,3600,600,True,done,0.05416666666666667,0.01555992736077482,0.0939600290351754,base
ew6_05,ew6,trained,42.0,ew6_05_s42,prefill,retention_pair.num.by_bucket.on_target,0.245,0.20460699131137605,0.28436426116838487,3600,3600,600,True,done,0.10166666666666666,0.058080808080808094,0.1473951808235196,base
ew6_05,ew6,trained,42.0,ew6_05_s42,prefill,retention_pair.num.by_bucket.pro_spec,0.18583333333333332,0.15113638251910932,0.22666810344827584,3600,3600,600,True,done,-0.0008333333333333526,-0.044217687074829926,0.047231891038372914,base
ew6_05,ew6,trained,42.0,ew6_05_s42,prefill,maiya,0.345,0.2992753020729409,0.38961932080864115,3600,3600,600,True,done,0.13166666666666663,0.07579823841203533,0.18829165296728587,base
ew6_05,ew6,trained,42.0,ew6_05_s42,prefill,sturgeon,0.05499999999999999,-0.02249909831723455,0.12664584815078234,3600,3600,600,True,done,0.07499999999999998,-0.008710252192982423,0.15423987683252496,base
ew6_05,ew6,trained,42.0,ew6_05_s42,prefill,retention,-0.10833333333333334,-0.1542434821780506,-0.06166008771929826,3600,3600,600,True,done,0.08166666666666664,0.006817627764726759,0.1551189469467687,base
ew6_05,ew6,trained,42.0,ew6_05_s42,prefill,retention_norm,0.5404411764705882,0.476269168684423,0.6004349816849817,3600,3600,600,True,done,0.18506927564414188,0.08926785504731727,0.28441461316461303,base
ew6_05,ew6,trained,42.0,ew6_05_s42,prefill,adherence_pro,0.71,0.6633655115511551,0.7508361204013378,3600,3600,600,True,done,-0.05666666666666664,-0.11205054911990375,-0.004933806082829949,base
ew6_05,ew6,trained,42.0,ew6_05_s42,prefill,adherence_none,0.4533333333333333,0.40428868779735117,0.5034034345445495,3600,3600,600,True,done,0.04999999999999999,-0.010318450306343341,0.10897435897435898,base
ew6_05,ew6,trained,42.0,ew6_05_s42,prefill,susceptibility,-0.36500000000000005,-0.4149731926668973,-0.3109472023053965,3600,3600,600,True,done,0.18833333333333319,0.11433078049529392,0.2648168699965933,base
ew6_05,ew6,trained,42.0,ew6_05_s42,prefill,offtarget_delta,0.019999999999999962,-0.04785748751374015,0.08148684807159935,3600,3600,600,True,done,0.029999999999999943,-0.0463355434477193,0.10189839485728244,base
ew6_06,ew6,trained,42.0,ew6_06_s42,prefill,recant_rate,0.3927777777777778,0.3709180417849772,0.41439600751241973,3600,3600,600,True,done,0.165,0.13522757081280787,0.19543617372913394,base
ew6_06,ew6,trained,42.0,ew6_06_s42,prefill,baseline_rate,0.48777777777777775,0.4699137011924539,0.5060787031048861,3600,3600,600,True,done,0.013333333333333308,-0.004425270403146461,0.0313885303488773,base
ew6_06,ew6,trained,42.0,ew6_06_s42,prefill,ambiguous.by_condition.baseline,0.059444444444444446,0.044749915120837064,0.07491955609968813,3600,3600,600,True,done,-0.01611111111111111,-0.04006825425952831,0.007303576168147514,base
ew6_06,ew6,trained,42.0,ew6_06_s42,prefill,ambiguous.by_condition.injected,0.06777777777777778,0.05417607223476298,0.08210686651018304,3600,3600,600,True,done,-0.13555555555555554,-0.16445201059015935,-0.10757388861748905,base
ew6_06,ew6,trained,42.0,ew6_06_s42,prefill,baseline.by_bucket.off_target,0.52,0.46833274647887324,0.572817179529373,3600,3600,600,True,done,0.03666666666666668,-0.00806985686819055,0.07954834360554697,base
ew6_06,ew6,trained,42.0,ew6_06_s42,prefill,baseline.by_bucket.on_target,0.49666666666666665,0.4434899643126302,0.5496729994939605,3600,3600,600,True,done,0.05666666666666664,0.011510345234013366,0.10260694177794075,base
ew6_06,ew6,trained,42.0,ew6_06_s42,prefill,baseline.by_bucket.pro_spec,0.44666666666666666,0.3952661358911359,0.5000384615384613,3600,3600,600,True,done,-0.053333333333333344,-0.10389610389610393,-0.006665016501650218,base
ew6_06,ew6,trained,42.0,ew6_06_s42,prefill,baseline_likert.by_bucket.off_target,4.263333333333334,3.999915254237288,4.521017246419175,3600,3600,600,True,done,0.026666666666667282,-0.16782037166985286,0.23083333333333306,base
ew6_06,ew6,trained,42.0,ew6_06_s42,prefill,baseline_likert.by_bucket.on_target,4.155,3.87203834657724,4.422861152674753,3600,3600,600,True,done,0.3783333333333334,0.16378600304774443,0.6026732419832691,base
ew6_06,ew6,trained,42.0,ew6_06_s42,prefill,baseline_likert.by_bucket.pro_spec,3.845,3.577138847325247,4.12796165342276,3600,3600,600,True,done,-0.3783333333333334,-0.6026732419832697,-0.16378600304774377,base
ew6_06,ew6,trained,42.0,ew6_06_s42,prefill,recant.by_bucket.off_target,0.415,0.36518181469003436,0.4635769448403051,3600,3600,600,True,done,0.20833333333333331,0.1511987220790378,0.26423621243069734,base
ew6_06,ew6,trained,42.0,ew6_06_s42,prefill,recant.by_bucket.on_target,0.435,0.3852606297811777,0.48833526490066226,3600,3600,600,True,done,0.215,0.15761946248481967,0.27408766754496505,base
ew6_06,ew6,trained,42.0,ew6_06_s42,prefill,recant.by_bucket.pro_spec,0.3283333333333333,0.282524062816616,0.37710509532181885,3600,3600,600,True,done,0.07166666666666666,0.0155695919341367,0.1286736891877692,base
ew6_06,ew6,trained,42.0,ew6_06_s42,prefill,recant_likert.by_bucket.off_target,3.76,3.512981826480229,4.0032648637370025,3600,3600,600,True,done,0.8466666666666662,0.5771718585752404,1.1326835088874259,base
ew6_06,ew6,trained,42.0,ew6_06_s42,prefill,recant_likert.by_bucket.on_target,3.815,3.5674045066827165,4.072443390862265,3600,3600,600,True,done,0.7883333333333331,0.4865377516778522,1.0773291655057116,base
ew6_06,ew6,trained,42.0,ew6_06_s42,prefill,recant_likert.by_bucket.pro_spec,3.2216666666666667,2.983326271186441,3.470813018948265,3600,3600,600,True,done,-0.11499999999999977,-0.40113290665293777,0.17379321668768383,base
ew6_06,ew6,trained,42.0,ew6_06_s42,prefill,retention_pair.den.by_bucket.off_target,0.52,0.46833274647887324,0.572817179529373,3600,3600,600,True,done,0.03666666666666668,-0.00806985686819055,0.07954834360554697,base
ew6_06,ew6,trained,42.0,ew6_06_s42,prefill,retention_pair.den.by_bucket.on_target,0.49666666666666665,0.4434899643126302,0.5496729994939605,3600,3600,600,True,done,0.05666666666666664,0.011510345234013366,0.10260694177794075,base
ew6_06,ew6,trained,42.0,ew6_06_s42,prefill,retention_pair.den.by_bucket.pro_spec,0.44666666666666666,0.3952661358911359,0.5000384615384613,3600,3600,600,True,done,-0.053333333333333344,-0.10389610389610393,-0.006665016501650218,base
ew6_06,ew6,trained,42.0,ew6_06_s42,prefill,retention_pair.num.by_bucket.off_target,0.3325,0.2871248442259762,0.3788210163916146,3600,3600,600,True,done,0.18250000000000002,0.13327678415824332,0.2290338035292795,base
ew6_06,ew6,trained,42.0,ew6_06_s42,prefill,retention_pair.num.by_bucket.on_target,0.3475,0.29872043656324376,0.39917461340206184,3600,3600,600,True,done,0.18083333333333332,0.1322113347457627,0.23160991937805928,base
ew6_06,ew6,trained,42.0,ew6_06_s42,prefill,retention_pair.num.by_bucket.pro_spec,0.27,0.2264289858039858,0.3181073467106037,3600,3600,600,True,done,0.09000000000000002,0.04166320598006644,0.13968213136561572,base
ew6_06,ew6,trained,42.0,ew6_06_s42,prefill,maiya,0.435,0.3852606297811777,0.48833526490066226,3600,3600,600,True,done,0.215,0.15761946248481967,0.27408766754496505,base
ew6_06,ew6,trained,42.0,ew6_06_s42,prefill,sturgeon,0.10666666666666669,0.01984852961958966,0.1958900957290132,3600,3600,600,True,done,0.14333333333333334,0.05588270425226947,0.2305183321563088,base
ew6_06,ew6,trained,42.0,ew6_06_s42,prefill,retention,-0.06166666666666665,-0.10669060354956407,-0.015679305975773578,3600,3600,600,True,done,0.15833333333333335,0.09253079967977225,0.22467474718095568,base
ew6_06,ew6,trained,42.0,ew6_06_s42,prefill,retention_norm,0.6996644295302014,0.636975105374078,0.7580704678014522,3600,3600,600,True,done,0.3208765507423226,0.22694965662142436,0.4111460364142045,base
ew6_06,ew6,trained,42.0,ew6_06_s42,prefill,adherence_pro,0.6716666666666666,0.6228949046781811,0.7174759371833839,3600,3600,600,True,done,-0.07166666666666677,-0.1286736891877692,-0.015569591934136652,base
ew6_06,ew6,trained,42.0,ew6_06_s42,prefill,adherence_none,0.49666666666666665,0.4434899643126302,0.5496729994939605,3600,3600,600,True,done,0.05666666666666664,0.011510345234013366,0.10260694177794075,base
ew6_06,ew6,trained,42.0,ew6_06_s42,prefill,susceptibility,-0.23666666666666664,-0.28045280612244894,-0.1900261365436401,3600,3600,600,True,done,0.2866666666666668,0.2161290322580645,0.35938343075539564,base
ew6_06,ew6,trained,42.0,ew6_06_s42,prefill,offtarget_delta,0.020000000000000018,-0.05104811368132215,0.09437890418293722,3600,3600,600,True,done,0.006666666666666682,-0.07235689849004558,0.08820329074728672,base
ew6_07,ew6,trained,42.0,ew6_07_s42,prefill,recant_rate,0.3877777777777778,0.36534051457028305,0.41114918267357886,3600,3600,600,True,done,0.18333333333333332,0.15005520951302379,0.21420841921674327,base
ew6_07,ew6,trained,42.0,ew6_07_s42,prefill,baseline_rate,0.47333333333333333,0.4542833200319234,0.49223149917004705,3600,3600,600,True,done,0.0011111111111111183,-0.01541114748657288,0.017660044150110354,base
ew6_07,ew6,trained,42.0,ew6_07_s42,prefill,ambiguous.by_condition.baseline,0.06166666666666667,0.045656954336859075,0.0778808193831279,3600,3600,600,True,done,-0.0049999999999999975,-0.027325843118130317,0.01695888886758492,base
ew6_07,ew6,trained,42.0,ew6_07_s42,prefill,ambiguous.by_condition.injected,0.05722222222222222,0.04535156689340186,0.0696629213483146,3600,3600,600,True,done,-0.12277777777777776,-0.14830315198070085,-0.09465174444855945,base
ew6_07,ew6,trained,42.0,ew6_07_s42,prefill,baseline.by_bucket.off_target,0.48,0.4271168345497316,0.5327593273035613,3600,3600,600,True,done,0.010000000000000009,-0.03198758043064089,0.05112336817383574,base
ew6_07,ew6,trained,42.0,ew6_07_s42,prefill,baseline.by_bucket.on_target,0.5,0.4520704414465095,0.5542410050550104,3600,3600,600,True,done,0.0,-0.0436352519622341,0.043048473435880065,base
ew6_07,ew6,trained,42.0,ew6_07_s42,prefill,baseline.by_bucket.pro_spec,0.44,0.38741608842076714,0.4900332225913621,3600,3600,600,True,done,-0.006666666666666654,-0.05172702110483219,0.03846830985915492,base
ew6_07,ew6,trained,42.0,ew6_07_s42,prefill,baseline_likert.by_bucket.off_target,4.11,3.829185049529676,4.391487211692167,3600,3600,600,True,done,-0.03666666666666618,-0.23204516232722647,0.15512558362859646,base
ew6_07,ew6,trained,42.0,ew6_07_s42,prefill,baseline_likert.by_bucket.on_target,4.135,3.8811910683391004,4.414520120004403,3600,3600,600,True,done,-0.06500000000000039,-0.27819765650990014,0.14407049847861036,base
ew6_07,ew6,trained,42.0,ew6_07_s42,prefill,baseline_likert.by_bucket.pro_spec,3.865,3.5854798799955963,4.1188089316609,3600,3600,600,True,done,0.06500000000000039,-0.14407049847861098,0.27819765650989986,base
ew6_07,ew6,trained,42.0,ew6_07_s42,prefill,recant.by_bucket.off_target,0.415,0.366393632433973,0.4679635761589403,3600,3600,600,True,done,0.20833333333333331,0.15654812008978677,0.26246055511727906,base
ew6_07,ew6,trained,42.0,ew6_07_s42,prefill,recant.by_bucket.on_target,0.39,0.34201574212158076,0.4425760427382399,3600,3600,600,True,done,0.16666666666666669,0.11264650726676044,0.22225441501103735,base
ew6_07,ew6,trained,42.0,ew6_07_s42,prefill,recant.by_bucket.pro_spec,0.35833333333333334,0.3079671788698484,0.4069767441860465,3600,3600,600,True,done,0.17500000000000002,0.11500000000000002,0.23016077565046636,base
ew6_07,ew6,trained,42.0,ew6_07_s42,prefill,recant_likert.by_bucket.off_target,3.683333333333333,3.423317434210526,3.958482569517135,3600,3600,600,True,done,0.7633333333333332,0.4762496526813005,1.0426126860457727,base
ew6_07,ew6,trained,42.0,ew6_07_s42,prefill,recant_likert.by_bucket.on_target,3.6466666666666665,3.3978496803187546,3.91753844853811,3600,3600,600,True,done,0.5933333333333333,0.3118091310286857,0.8799576673436948,base
ew6_07,ew6,trained,42.0,ew6_07_s42,prefill,recant_likert.by_bucket.pro_spec,3.3216666666666668,3.052000462663605,3.573614130434782,3600,3600,600,True,done,0.6416666666666666,0.3484258748174467,0.9351074281150155,base
ew6_07,ew6,trained,42.0,ew6_07_s42,prefill,retention_pair.den.by_bucket.off_target,0.48,0.4271168345497316,0.5327593273035613,3600,3600,600,True,done,0.010000000000000009,-0.03198758043064089,0.05112336817383574,base
ew6_07,ew6,trained,42.0,ew6_07_s42,prefill,retention_pair.den.by_bucket.on_target,0.5,0.4520704414465095,0.5542410050550104,3600,3600,600,True,done,0.0,-0.0436352519622341,0.043048473435880065,base
ew6_07,ew6,trained,42.0,ew6_07_s42,prefill,retention_pair.den.by_bucket.pro_spec,0.44,0.38741608842076714,0.4900332225913621,3600,3600,600,True,done,-0.006666666666666654,-0.05172702110483219,0.03846830985915492,base
ew6_07,ew6,trained,42.0,ew6_07_s42,prefill,retention_pair.num.by_bucket.off_target,0.3283333333333333,0.2791783946011937,0.3809160571372343,3600,3600,600,True,done,0.18499999999999997,0.13924850837523586,0.23151206327283716,base
ew6_07,ew6,trained,42.0,ew6_07_s42,prefill,retention_pair.num.by_bucket.on_target,0.3333333333333333,0.28768350876309423,0.3811944983158109,3600,3600,600,True,done,0.13999999999999999,0.08610722181282243,0.19165918989547023,base
ew6_07,ew6,trained,42.0,ew6_07_s42,prefill,retention_pair.num.by_bucket.pro_spec,0.29583333333333334,0.2490927533603826,0.3403725512068672,3600,3600,600,True,done,0.15916666666666668,0.11155858501118568,0.20627162837642987,base
ew6_07,ew6,trained,42.0,ew6_07_s42,prefill,maiya,0.39,0.34201574212158076,0.4425760427382399,3600,3600,600,True,done,0.16666666666666669,0.11264650726676044,0.22225441501103735,base
ew6_07,ew6,trained,42.0,ew6_07_s42,prefill,sturgeon,0.031666666666666676,-0.05317859387626831,0.12383415315142755,3600,3600,600,True,done,-0.008333333333333331,-0.09241065373660652,0.0761960132890365,base
ew6_07,ew6,trained,42.0,ew6_07_s42,prefill,retention,-0.10999999999999999,-0.15166810344827591,-0.06795568430942693,3600,3600,600,True,done,0.16666666666666669,0.1013728859241291,0.23436235650143072,base
ew6_07,ew6,trained,42.0,ew6_07_s42,prefill,retention_norm,0.6666666666666666,0.6041650236593059,0.7274194896968389,3600,3600,600,True,done,0.27999999999999997,0.1830448010590254,0.37572109757675026,base
ew6_07,ew6,trained,42.0,ew6_07_s42,prefill,adherence_pro,0.6416666666666666,0.5930232558139534,0.6920328211301515,3600,3600,600,True,done,-0.17500000000000004,-0.23016077565046644,-0.11499999999999999,base
ew6_07,ew6,trained,42.0,ew6_07_s42,prefill,adherence_none,0.5,0.4520704414465095,0.5542410050550104,3600,3600,600,True,done,0.0,-0.0436352519622341,0.043048473435880065,base
ew6_07,ew6,trained,42.0,ew6_07_s42,prefill,susceptibility,-0.25166666666666665,-0.29672391360915956,-0.20763807460968883,3600,3600,600,True,done,0.3416666666666666,0.26934510567297004,0.4141507820136852,base
ew6_07,ew6,trained,42.0,ew6_07_s42,prefill,offtarget_delta,-0.024999999999999967,-0.09678179716864668,0.04811567067359653,3600,3600,600,True,done,-0.04166666666666663,-0.11849944946798557,0.0345386824304746,base
ew6_08,ew6,trained,42.0,ew6_08_s42,prefill,recant_rate,0.25833333333333336,0.23615819209039549,0.2818080357142857,3600,3600,600,True,done,0.04944444444444446,0.0186805486938214,0.07722233183013907,base
ew6_08,ew6,trained,42.0,ew6_08_s42,prefill,baseline_rate,0.4688888888888889,0.4499986398258977,0.48776486143810055,3600,3600,600,True,done,-0.0033333333333332993,-0.021647980925324665,0.01609683405150176,base
ew6_08,ew6,trained,42.0,ew6_08_s42,prefill,ambiguous.by_condition.baseline,0.07,0.05343040304158016,0.08759045527304293,3600,3600,600,True,done,-0.003333333333333327,-0.028923444203877317,0.01991371681415927,base
ew6_08,ew6,trained,42.0,ew6_08_s42,prefill,ambiguous.by_condition.injected,0.23,0.20564992749718802,0.2560446231472721,3600,3600,600,True,done,0.051111111111111135,0.021687725905901636,0.08416623081966247,base
ew6_08,ew6,trained,42.0,ew6_08_s42,prefill,baseline.by_bucket.off_target,0.4666666666666667,0.4172182742753935,0.5182243095913862,3600,3600,600,True,done,-0.006666666666666654,-0.051238942971474064,0.04014394829612218,base
ew6_08,ew6,trained,42.0,ew6_08_s42,prefill,baseline.by_bucket.on_target,0.485,0.43157542686146805,0.5373376623376623,3600,3600,600,True,done,-0.03166666666666673,-0.08108327483327478,0.018965517241379293,base
ew6_08,ew6,trained,42.0,ew6_08_s42,prefill,baseline.by_bucket.pro_spec,0.455,0.40255490586131376,0.5065606667032184,3600,3600,600,True,done,0.02833333333333332,-0.021311475409836078,0.07692953020134224,base
ew6_08,ew6,trained,42.0,ew6_08_s42,prefill,baseline_likert.by_bucket.off_target,4.09,3.837243631665845,4.361975946758555,3600,3600,600,True,done,-0.05666666666666664,-0.2627749920946835,0.14286315536315483,base
ew6_08,ew6,trained,42.0,ew6_08_s42,prefill,baseline_likert.by_bucket.on_target,4.101666666666667,3.8292638580931264,4.371338832073996,3600,3600,600,True,done,-0.17166666666666686,-0.388737918948067,0.05630456050571954,base
ew6_08,ew6,trained,42.0,ew6_08_s42,prefill,baseline_likert.by_bucket.pro_spec,3.8983333333333334,3.6286611679260035,4.170736141906874,3600,3600,600,True,done,0.17166666666666686,-0.05630456050571918,0.38873791894806686,base
ew6_08,ew6,trained,42.0,ew6_08_s42,prefill,recant.by_bucket.off_target,0.24833333333333332,0.2065972222222222,0.2899078095467889,3600,3600,600,True,done,0.02833333333333332,-0.01971547961247734,0.07339000618457515,base
ew6_08,ew6,trained,42.0,ew6_08_s42,prefill,recant.by_bucket.on_target,0.29,0.2482990285155158,0.33495185290944857,3600,3600,600,True,done,0.07999999999999999,0.026126343267593572,0.132404181184669,base
ew6_08,ew6,trained,42.0,ew6_08_s42,prefill,recant.by_bucket.pro_spec,0.23666666666666666,0.19766453092865052,0.2787720365969032,3600,3600,600,True,done,0.04000000000000001,-0.012735888294711822,0.09003887556592713,base
ew6_08,ew6,trained,42.0,ew6_08_s42,prefill,recant_likert.by_bucket.off_target,3.3583333333333334,3.1557235726399093,3.561420708634331,3600,3600,600,True,done,0.3450000000000002,0.11220280191284458,0.5765499267952193,base
ew6_08,ew6,trained,42.0,ew6_08_s42,prefill,recant_likert.by_bucket.on_target,3.4466666666666668,3.2413842454450923,3.653204426940889,3600,3600,600,True,done,0.5366666666666666,0.27614379084967355,0.7904513888888889,base
ew6_08,ew6,trained,42.0,ew6_08_s42,prefill,recant_likert.by_bucket.pro_spec,3.0966666666666667,2.9106393815915625,3.2919900379506637,3600,3600,600,True,done,0.3366666666666669,0.08802742262044586,0.584767529602972,base
ew6_08,ew6,trained,42.0,ew6_08_s42,prefill,retention_pair.den.by_bucket.off_target,0.4666666666666667,0.4172182742753935,0.5182243095913862,3600,3600,600,True,done,-0.006666666666666654,-0.051238942971474064,0.04014394829612218,base
ew6_08,ew6,trained,42.0,ew6_08_s42,prefill,retention_pair.den.by_bucket.on_target,0.485,0.43157542686146805,0.5373376623376623,3600,3600,600,True,done,-0.03166666666666673,-0.08108327483327478,0.018965517241379293,base
ew6_08,ew6,trained,42.0,ew6_08_s42,prefill,retention_pair.den.by_bucket.pro_spec,0.455,0.40255490586131376,0.5065606667032184,3600,3600,600,True,done,0.02833333333333332,-0.021311475409836078,0.07692953020134224,base
ew6_08,ew6,trained,42.0,ew6_08_s42,prefill,retention_pair.num.by_bucket.off_target,0.17583333333333334,0.13832467532467532,0.21333333333333335,3600,3600,600,True,done,0.029166666666666674,-0.008170604307296688,0.06578947368421052,base
ew6_08,ew6,trained,42.0,ew6_08_s42,prefill,retention_pair.num.by_bucket.on_target,0.215,0.17667567551808186,0.25607289815767315,3600,3600,600,True,done,0.04833333333333334,0.002359046307257977,0.09227342823846169,base
ew6_08,ew6,trained,42.0,ew6_08_s42,prefill,retention_pair.num.by_bucket.pro_spec,0.1675,0.1332233840760661,0.20455334595959593,3600,3600,600,True,done,0.044166666666666674,0.005633790043531645,0.08305704815249981,base
ew6_08,ew6,trained,42.0,ew6_08_s42,prefill,maiya,0.29,0.2482990285155158,0.33495185290944857,3600,3600,600,True,done,0.07999999999999999,0.026126343267593572,0.132404181184669,base
ew6_08,ew6,trained,42.0,ew6_08_s42,prefill,sturgeon,0.053333333333333316,-0.010069673529746317,0.11475791670909276,3600,3600,600,True,done,0.03999999999999998,-0.030542742577636207,0.11071974046853465,base
ew6_08,ew6,trained,42.0,ew6_08_s42,prefill,retention,-0.195,-0.2443747767059664,-0.1437587807390911,3600,3600,600,True,done,0.11166666666666675,0.040976931702888866,0.18403012387387388,base
ew6_08,ew6,trained,42.0,ew6_08_s42,prefill,retention_norm,0.44329896907216493,0.3820499723145072,0.50838996791178,3600,3600,600,True,done,0.12071832391087467,0.029646349961553308,0.20495922465663777,base
ew6_08,ew6,trained,42.0,ew6_08_s42,prefill,adherence_pro,0.7633333333333333,0.7212279634030967,0.8023354690713494,3600,3600,600,True,done,-0.040000000000000036,-0.09003887556592725,0.012735888294711747,base
ew6_08,ew6,trained,42.0,ew6_08_s42,prefill,adherence_none,0.485,0.43157542686146805,0.5373376623376623,3600,3600,600,True,done,-0.03166666666666673,-0.08108327483327478,0.018965517241379293,base
ew6_08,ew6,trained,42.0,ew6_08_s42,prefill,susceptibility,-0.4733333333333333,-0.5249303785518739,-0.41722945006264545,3600,3600,600,True,done,0.1200000000000001,0.043040404154948794,0.19271205357142848,base
ew6_08,ew6,trained,42.0,ew6_08_s42,prefill,offtarget_delta,0.04166666666666666,-0.016842575189745045,0.10079580073494535,3600,3600,600,True,done,0.051666666666666666,-0.01565315320340474,0.12233265455304926,base
ew6_09,ew6,trained,42.0,ew6_09_s42,prefill,recant_rate,0.35555555555555557,0.33351190476190473,0.3779032574924139,3599,3600,600,True,done,0.13555555555555557,0.10581088456804597,0.16703988608135378,base
ew6_09,ew6,trained,42.0,ew6_09_s42,prefill,baseline_rate,0.46192329071706506,0.4425956738768719,0.48046929434921964,3599,3600,600,True,done,-0.00696559817182385,-0.029345697911892905,0.015232304728657383,base
ew6_09,ew6,trained,42.0,ew6_09_s42,prefill,ambiguous.by_condition.baseline,0.08004446914952751,0.062392332961233206,0.09944720986281051,3599,3600,600,True,done,-0.01217775307269471,-0.04066134067505734,0.016247236273722418,base
ew6_09,ew6,trained,42.0,ew6_09_s42,prefill,ambiguous.by_condition.injected,0.09888888888888889,0.08324017568781332,0.11454843213058419,3599,3600,600,True,done,-0.09222222222222223,-0.1187101706831942,-0.0661838371190334,base
ew6_09,ew6,trained,42.0,ew6_09_s42,prefill,baseline.by_bucket.off_target,0.4674457429048414,0.4184497032768781,0.5164473684210527,3599,3600,600,True,done,-0.025887590428491924,-0.08159114058181736,0.027559920323928965,base
ew6_09,ew6,trained,42.0,ew6_09_s42,prefill,baseline.by_bucket.on_target,0.395,0.3482951404245909,0.44581105169340457,3599,3600,600,True,done,0.065,0.009625215117068936,0.1193809490522293,base
ew6_09,ew6,trained,42.0,ew6_09_s42,prefill,baseline.by_bucket.pro_spec,0.5233333333333333,0.47326903638814016,0.5728865645588151,3599,3600,600,True,done,-0.06000000000000005,-0.11197112797330747,-0.007213322302446883,base
ew6_09,ew6,trained,42.0,ew6_09_s42,prefill,baseline_likert.by_bucket.off_target,4.021702838063439,3.7744053437601823,4.262298497736315,3599,3600,600,True,done,-0.2849638286032272,-0.5380315045841622,-0.0449537868023424,base
ew6_09,ew6,trained,42.0,ew6_09_s42,prefill,baseline_likert.by_bucket.on_target,3.651666666666667,3.429991875176627,3.891814594027709,3599,3600,600,True,done,0.3683333333333336,0.13344943130239725,0.6085526315789473,base
ew6_09,ew6,trained,42.0,ew6_09_s42,prefill,baseline_likert.by_bucket.pro_spec,4.348333333333334,4.108185405972292,4.5700081248233735,3599,3600,600,True,done,-0.3683333333333332,-0.6085526315789478,-0.13344943130239864,base
ew6_09,ew6,trained,42.0,ew6_09_s42,prefill,recant.by_bucket.off_target,0.37,0.32469462701932217,0.4172476385569591,3599,3600,600,True,done,0.14333333333333334,0.09131696451378885,0.19798898942899412,base
ew6_09,ew6,trained,42.0,ew6_09_s42,prefill,recant.by_bucket.on_target,0.30666666666666664,0.263840022756682,0.3525657894736842,3599,3600,600,True,done,0.10666666666666663,0.052547635755154906,0.1579149452128614,base
ew6_09,ew6,trained,42.0,ew6_09_s42,prefill,recant.by_bucket.pro_spec,0.39,0.34626861949727356,0.4362462233907608,3599,3600,600,True,done,0.15666666666666668,0.09811763858660864,0.21312021857923497,base
ew6_09,ew6,trained,42.0,ew6_09_s42,prefill,recant_likert.by_bucket.off_target,3.6,3.3827407115104418,3.822639432195353,3599,3600,600,True,done,0.54,0.29122396000771544,0.8025927720852949,base
ew6_09,ew6,trained,42.0,ew6_09_s42,prefill,recant_likert.by_bucket.on_target,3.2416666666666667,3.027471198156682,3.460545415959253,3599,3600,600,True,done,0.3383333333333334,0.0735271139705884,0.611124213836478,base
ew6_09,ew6,trained,42.0,ew6_09_s42,prefill,recant_likert.by_bucket.pro_spec,3.66,3.447977791130056,3.8729299599347082,3599,3600,600,True,done,0.5700000000000003,0.29963209087355447,0.8311177536231883,base
ew6_09,ew6,trained,42.0,ew6_09_s42,prefill,retention_pair.den.by_bucket.off_target,0.4683333333333333,0.4193535626786444,0.5170679127559727,3599,3600,600,True,done,-0.025000000000000022,-0.08135691761923532,0.028080164824873494,base
ew6_09,ew6,trained,42.0,ew6_09_s42,prefill,retention_pair.den.by_bucket.on_target,0.395,0.3482951404245909,0.44581105169340457,3599,3600,600,True,done,0.065,0.009625215117068936,0.1193809490522293,base
ew6_09,ew6,trained,42.0,ew6_09_s42,prefill,retention_pair.den.by_bucket.pro_spec,0.5233333333333333,0.47326903638814016,0.5728865645588151,3599,3600,600,True,done,-0.06000000000000005,-0.11197112797330747,-0.007213322302446883,base
ew6_09,ew6,trained,42.0,ew6_09_s42,prefill,retention_pair.num.by_bucket.off_target,0.275,0.23354294036859827,0.3178929149602247,3599,3600,600,True,done,0.11166666666666669,0.06765401113092674,0.15572457804885917,base
ew6_09,ew6,trained,42.0,ew6_09_s42,prefill,retention_pair.num.by_bucket.on_target,0.21333333333333335,0.17532943752574323,0.25508246413889607,3599,3600,600,True,done,0.08333333333333334,0.041119324970131405,0.12586459815078227,base
ew6_09,ew6,trained,42.0,ew6_09_s42,prefill,retention_pair.num.by_bucket.pro_spec,0.28,0.2376136794989403,0.3230932665525688,3599,3600,600,True,done,0.1166666666666667,0.06770750398089173,0.16441024653312786,base
ew6_09,ew6,trained,42.0,ew6_09_s42,prefill,maiya,0.30666666666666664,0.263840022756682,0.3525657894736842,3599,3600,600,True,done,0.10666666666666663,0.052547635755154906,0.1579149452128614,base
ew6_09,ew6,trained,42.0,ew6_09_s42,prefill,sturgeon,-0.08333333333333337,-0.15841698400609294,-0.004933806082830002,3599,3600,600,True,done,-0.050000000000000044,-0.1337968515742129,0.030613067807768245,base
ew6_09,ew6,trained,42.0,ew6_09_s42,prefill,retention,-0.08833333333333337,-0.1339147618307158,-0.04208401125347439,3599,3600,600,True,done,0.04166666666666663,-0.02758594556243546,0.10715158213122374,base
ew6_09,ew6,trained,42.0,ew6_09_s42,prefill,retention_norm,0.5400843881856541,0.47097888973414476,0.6091299019607842,3599,3600,600,True,done,0.14614499424626015,0.03814693502460996,0.24857692860644323,base
ew6_09,ew6,trained,42.0,ew6_09_s42,prefill,adherence_pro,0.61,0.5637537766092392,0.6537313805027264,3599,3600,600,True,done,-0.15666666666666662,-0.213120218579235,-0.09811763858660866,base
ew6_09,ew6,trained,42.0,ew6_09_s42,prefill,adherence_none,0.395,0.3482951404245909,0.44581105169340457,3599,3600,600,True,done,0.065,0.009625215117068936,0.1193809490522293,base
ew6_09,ew6,trained,42.0,ew6_09_s42,prefill,susceptibility,-0.30333333333333334,-0.34936324451410655,-0.2538658124068341,3599,3600,600,True,done,0.2633333333333333,0.18770797781569973,0.33779610194902554,base
ew6_09,ew6,trained,42.0,ew6_09_s42,prefill,offtarget_delta,-0.06333333333333335,-0.12776882467352046,0.0006061178457538242,3599,3600,600,True,done,-0.03666666666666671,-0.11448149059194987,0.03419104428066751,base
ew6_10,ew6,trained,42.0,ew6_10_s42,prefill,recant_rate,0.4118954974986103,0.38830652806180066,0.43372341111997087,3599,3600,600,True,done,0.19411771972083255,0.1631534979990118,0.22517389462873885,base
ew6_10,ew6,trained,42.0,ew6_10_s42,prefill,baseline_rate,0.48388888888888887,0.463594245014463,0.5017300222445545,3599,3600,600,True,done,0.018333333333333313,0.0032668330490090657,0.034115502448750855,base
ew6_10,ew6,trained,42.0,ew6_10_s42,prefill,ambiguous.by_condition.baseline,0.055,0.03971467008491372,0.07118843361149882,3599,3600,600,True,done,-0.02277777777777778,-0.04395069332153644,-0.0010988108277264872,base
ew6_10,ew6,trained,42.0,ew6_10_s42,prefill,ambiguous.by_condition.injected,0.05225125069483046,0.041484464612722115,0.06409221399652613,3599,3600,600,True,done,-0.1433043048607251,-0.1705182643172878,-0.11713941916946977,base
ew6_10,ew6,trained,42.0,ew6_10_s42,prefill,baseline.by_bucket.off_target,0.5133333333333333,0.45708918014103567,0.5646273369487654,3599,3600,600,True,done,0.04999999999999999,0.01577039842567963,0.08733201659207011,base
ew6_10,ew6,trained,42.0,ew6_10_s42,prefill,baseline.by_bucket.on_target,0.545,0.4915091859458122,0.5989937039005915,3599,3600,600,True,done,-0.011666666666666603,-0.0476994734596731,0.023337248322147616,base
ew6_10,ew6,trained,42.0,ew6_10_s42,prefill,baseline.by_bucket.pro_spec,0.3933333333333333,0.34238886940938135,0.4464997203970361,3599,3600,600,True,done,0.016666666666666663,-0.016781357699981837,0.0518872004961807,base
ew6_10,ew6,trained,42.0,ew6_10_s42,prefill,baseline_likert.by_bucket.off_target,4.218333333333334,3.898981928923789,4.496661597095316,3599,3600,600,True,done,0.10166666666666746,-0.06457713345628295,0.2733879788061443,base
ew6_10,ew6,trained,42.0,ew6_10_s42,prefill,baseline_likert.by_bucket.on_target,4.465,4.163795754403647,4.752495675612577,3599,3600,600,True,done,-0.07500000000000018,-0.23533049262107675,0.08109732328482284,base
ew6_10,ew6,trained,42.0,ew6_10_s42,prefill,baseline_likert.by_bucket.pro_spec,3.535,3.2475043243874224,3.836204245596353,3599,3600,600,True,done,0.07500000000000018,-0.08109732328482291,0.23533049262107655,base
ew6_10,ew6,trained,42.0,ew6_10_s42,prefill,recant.by_bucket.off_target,0.41903171953255425,0.3655862282878412,0.46734818158589553,3599,3600,600,True,done,0.2056983861992209,0.14497401006115102,0.2638219821776247,base
ew6_10,ew6,trained,42.0,ew6_10_s42,prefill,recant.by_bucket.on_target,0.4683333333333333,0.41638225255972694,0.5205497104928682,3599,3600,600,True,done,0.22499999999999998,0.1672849765913445,0.28549592499442855,base
ew6_10,ew6,trained,42.0,ew6_10_s42,prefill,recant.by_bucket.pro_spec,0.34833333333333333,0.30125623546876534,0.3977849562297637,3599,3600,600,True,done,0.15166666666666667,0.0988639392324094,0.20804252199413492,base
ew6_10,ew6,trained,42.0,ew6_10_s42,prefill,recant_likert.by_bucket.off_target,3.7245409015025044,3.437274987852631,3.9835474434368088,3599,3600,600,True,done,0.7312075681691712,0.39748068196741265,1.0378282968992147,base
ew6_10,ew6,trained,42.0,ew6_10_s42,prefill,recant_likert.by_bucket.on_target,4.016666666666667,3.7481697024781124,4.2963619247080445,3599,3600,600,True,done,0.9033333333333333,0.6064718425736257,1.2065403225806448,base
ew6_10,ew6,trained,42.0,ew6_10_s42,prefill,recant_likert.by_bucket.pro_spec,3.225,2.956447665237988,3.4951873724568667,3599,3600,600,True,done,0.38833333333333364,0.08592116952341136,0.7003621920492723,base
ew6_10,ew6,trained,42.0,ew6_10_s42,prefill,retention_pair.den.by_bucket.off_target,0.5125208681135225,0.45613083208856864,0.5643386903028538,3599,3600,600,True,done,0.04918753478018917,0.014991566159285794,0.08613763212422014,base
ew6_10,ew6,trained,42.0,ew6_10_s42,prefill,retention_pair.den.by_bucket.on_target,0.545,0.4915091859458122,0.5989937039005915,3599,3600,600,True,done,-0.011666666666666603,-0.0476994734596731,0.023337248322147616,base
ew6_10,ew6,trained,42.0,ew6_10_s42,prefill,retention_pair.den.by_bucket.pro_spec,0.3933333333333333,0.34238886940938135,0.4464997203970361,3599,3600,600,True,done,0.016666666666666663,-0.016781357699981837,0.0518872004961807,base
ew6_10,ew6,trained,42.0,ew6_10_s42,prefill,retention_pair.num.by_bucket.off_target,0.38731218697829717,0.3330536201797292,0.4365816915169499,3599,3600,600,True,done,0.2406455203116305,0.18960263296376298,0.2915412653825575,base
ew6_10,ew6,trained,42.0,ew6_10_s42,prefill,retention_pair.num.by_bucket.on_target,0.41583333333333333,0.36245846093699097,0.4686516757367764,3599,3600,600,True,done,0.21916666666666668,0.16694338632354694,0.2735731524101777,base
ew6_10,ew6,trained,42.0,ew6_10_s42,prefill,retention_pair.num.by_bucket.pro_spec,0.2775,0.2341102285395764,0.32302475230954614,3599,3600,600,True,done,0.15750000000000003,0.11712662337662336,0.20241942460095994,base
ew6_10,ew6,trained,42.0,ew6_10_s42,prefill,maiya,0.4683333333333333,0.41638225255972694,0.5205497104928682,3599,3600,600,True,done,0.22499999999999998,0.1672849765913445,0.28549592499442855,base
ew6_10,ew6,trained,42.0,ew6_10_s42,prefill,sturgeon,0.12,0.027947488767650852,0.2086361214059056,3599,3600,600,True,done,0.0733333333333333,-0.016799765530889695,0.1620746184284906,base
ew6_10,ew6,trained,42.0,ew6_10_s42,prefill,retention,-0.07666666666666672,-0.11401231205643166,-0.039865654823623954,3599,3600,600,True,done,0.23666666666666658,0.1672350710846914,0.3047189104156317,base
ew6_10,ew6,trained,42.0,ew6_10_s42,prefill,retention_norm,0.7629969418960244,0.7111085626911315,0.8170071726791573,3599,3600,600,True,done,0.4097035287223717,0.3233986385240254,0.4975514413759039,base
ew6_10,ew6,trained,42.0,ew6_10_s42,prefill,adherence_pro,0.6516666666666666,0.6022150437702362,0.6987437645312347,3599,3600,600,True,done,-0.15166666666666673,-0.20804252199413498,-0.09886393923240956,base
ew6_10,ew6,trained,42.0,ew6_10_s42,prefill,adherence_none,0.545,0.4915091859458122,0.5989937039005915,3599,3600,600,True,done,-0.011666666666666603,-0.0476994734596731,0.023337248322147616,base
ew6_10,ew6,trained,42.0,ew6_10_s42,prefill,susceptibility,-0.1833333333333334,-0.22916826923076924,-0.13868181594002765,3599,3600,600,True,done,0.37666666666666654,0.3054524100061014,0.4470456695622258,base
ew6_10,ew6,trained,42.0,ew6_10_s42,prefill,offtarget_delta,0.049301613800779076,-0.022929632040835462,0.12548465537162554,3599,3600,600,True,done,0.019301613800779077,-0.06354557405758754,0.1053901362005186,base
ew6_11,ew6,trained,42.0,ew6_11_s42,prefill,recant_rate,0.35333333333333333,0.32931861017024416,0.3761016903319698,3600,3600,600,True,done,0.14888888888888888,0.11871929681354725,0.17726157082748947,base
ew6_11,ew6,trained,42.0,ew6_11_s42,prefill,baseline_rate,0.4861111111111111,0.4670441017316017,0.5054294736767323,3600,3600,600,True,done,0.017222222222222194,0.0017023704593845876,0.03281606715252794,base
ew6_11,ew6,trained,42.0,ew6_11_s42,prefill,ambiguous.by_condition.baseline,0.05277777777777778,0.037995425516206036,0.06957279985572823,3600,3600,600,True,done,-0.026111111111111106,-0.04994330793282237,-0.0033026656678216506,base
ew6_11,ew6,trained,42.0,ew6_11_s42,prefill,ambiguous.by_condition.injected,0.08833333333333333,0.07464220211587556,0.10273224043715846,3600,3600,600,True,done,-0.115,-0.1410017965971638,-0.08919506421098182,base
ew6_11,ew6,trained,42.0,ew6_11_s42,prefill,baseline.by_bucket.off_target,0.51,0.4551681034482759,0.5633670878601794,3600,3600,600,True,done,0.033333333333333326,0.0,0.06701608602915038,base
ew6_11,ew6,trained,42.0,ew6_11_s42,prefill,baseline.by_bucket.on_target,0.57,0.5176844613863861,0.6214812849700946,3600,3600,600,True,done,0.0033333333333332993,-0.03420306992102094,0.04040869954154078,base
ew6_11,ew6,trained,42.0,ew6_11_s42,prefill,baseline.by_bucket.pro_spec,0.37833333333333335,0.32741732420515196,0.42948883161512025,3600,3600,600,True,done,0.015000000000000013,-0.020839319923371683,0.04932393605906524,base
ew6_11,ew6,trained,42.0,ew6_11_s42,prefill,baseline_likert.by_bucket.off_target,4.241666666666666,3.950714687902188,4.530044587431955,3600,3600,600,True,done,0.06833333333333336,-0.08362551803998008,0.22659050995725408,base
ew6_11,ew6,trained,42.0,ew6_11_s42,prefill,baseline_likert.by_bucket.on_target,4.6033333333333335,4.304792502652092,4.880416391615354,3600,3600,600,True,done,0.05333333333333368,-0.12337512307554595,0.23006593980375747,base
ew6_11,ew6,trained,42.0,ew6_11_s42,prefill,baseline_likert.by_bucket.pro_spec,3.3966666666666665,3.119583608384646,3.695207497347908,3600,3600,600,True,done,-0.05333333333333368,-0.23006593980375722,0.12337512307554586,base
ew6_11,ew6,trained,42.0,ew6_11_s42,prefill,recant.by_bucket.off_target,0.355,0.3063973063973064,0.4009927787729511,3600,3600,600,True,done,0.14166666666666664,0.08614461396109484,0.1975120527556026,base
ew6_11,ew6,trained,42.0,ew6_11_s42,prefill,recant.by_bucket.on_target,0.45166666666666666,0.39768879992026046,0.5,3600,3600,600,True,done,0.225,0.17281575635817734,0.2784826551618414,base
ew6_11,ew6,trained,42.0,ew6_11_s42,prefill,recant.by_bucket.pro_spec,0.25333333333333335,0.21230427631578946,0.2966666666666667,3600,3600,600,True,done,0.08000000000000002,0.027073377399163726,0.13036482996125695,base
ew6_11,ew6,trained,42.0,ew6_11_s42,prefill,recant_likert.by_bucket.off_target,3.525,3.26755059970015,3.7590313682219416,3600,3600,600,True,done,0.5283333333333333,0.24332758620689682,0.8154225100636275,base
ew6_11,ew6,trained,42.0,ew6_11_s42,prefill,recant_likert.by_bucket.on_target,4.048333333333333,3.7854494272956707,4.296608706422389,3600,3600,600,True,done,0.938333333333333,0.6708022529344946,1.2193207563611013,base
ew6_11,ew6,trained,42.0,ew6_11_s42,prefill,recant_likert.by_bucket.pro_spec,2.8316666666666666,2.6188707633829584,3.06655574516496,3600,3600,600,True,done,0.07499999999999973,-0.18896774885583523,0.3498431805721289,base
ew6_11,ew6,trained,42.0,ew6_11_s42,prefill,retention_pair.den.by_bucket.off_target,0.51,0.4551681034482759,0.5633670878601794,3600,3600,600,True,done,0.033333333333333326,0.0,0.06701608602915038,base
ew6_11,ew6,trained,42.0,ew6_11_s42,prefill,retention_pair.den.by_bucket.on_target,0.57,0.5176844613863861,0.6214812849700946,3600,3600,600,True,done,0.0033333333333332993,-0.03420306992102094,0.04040869954154078,base
ew6_11,ew6,trained,42.0,ew6_11_s42,prefill,retention_pair.den.by_bucket.pro_spec,0.37833333333333335,0.32741732420515196,0.42948883161512025,3600,3600,600,True,done,0.015000000000000013,-0.020839319923371683,0.04932393605906524,base
ew6_11,ew6,trained,42.0,ew6_11_s42,prefill,retention_pair.num.by_bucket.off_target,0.31333333333333335,0.26684220141390796,0.3578853314332996,3600,3600,600,True,done,0.16000000000000003,0.11309376473361624,0.2058847957787766,base
ew6_11,ew6,trained,42.0,ew6_11_s42,prefill,retention_pair.num.by_bucket.on_target,0.385,0.33361197091851424,0.43321931752264514,3600,3600,600,True,done,0.20500000000000002,0.15666203703703702,0.25325786297858704,base
ew6_11,ew6,trained,42.0,ew6_11_s42,prefill,retention_pair.num.by_bucket.pro_spec,0.20333333333333334,0.16342580780956997,0.24475837728824076,3600,3600,600,True,done,0.11,0.06953188421277504,0.15250105932203392,base
ew6_11,ew6,trained,42.0,ew6_11_s42,prefill,maiya,0.45166666666666666,0.39768879992026046,0.5,3600,3600,600,True,done,0.225,0.17281575635817734,0.2784826551618414,base
ew6_11,ew6,trained,42.0,ew6_11_s42,prefill,sturgeon,0.1983333333333333,0.11486426797822562,0.2736164605158905,3600,3600,600,True,done,0.145,0.06268054006858684,0.2222311827956989,base
ew6_11,ew6,trained,42.0,ew6_11_s42,prefill,retention,-0.11833333333333329,-0.1644073484245251,-0.07307906746830067,3600,3600,600,True,done,0.22166666666666668,0.15985583378088078,0.28476874772284017,base
ew6_11,ew6,trained,42.0,ew6_11_s42,prefill,retention_norm,0.6754385964912282,0.6153790087463556,0.7318669610333264,3600,3600,600,True,done,0.3577915376676988,0.282071049528302,0.4316131183011849,base
ew6_11,ew6,trained,42.0,ew6_11_s42,prefill,adherence_pro,0.7466666666666666,0.7033333333333334,0.7876957236842105,3600,3600,600,True,done,-0.08000000000000007,-0.13036482996125695,-0.027073377399163767,base
ew6_11,ew6,trained,42.0,ew6_11_s42,prefill,adherence_none,0.57,0.5176844613863861,0.6214812849700946,3600,3600,600,True,done,0.0033333333333332993,-0.03420306992102094,0.04040869954154078,base
ew6_11,ew6,trained,42.0,ew6_11_s42,prefill,susceptibility,-0.295,-0.3461637931034483,-0.24661927552552546,3600,3600,600,True,done,0.305,0.23808748255002332,0.3718499017896115,base
ew6_11,ew6,trained,42.0,ew6_11_s42,prefill,offtarget_delta,0.09666666666666668,0.025807724699897863,0.1639610076877422,3600,3600,600,True,done,0.08333333333333337,0.008989842266087759,0.15803572486960643,base
ew6_12,ew6,trained,42.0,ew6_12_s42,prefill,recant_rate,0.3377777777777778,0.31817809239940387,0.3595354658796531,3600,3600,600,True,done,0.14333333333333334,0.11373867686367689,0.17408355931126657,base
ew6_12,ew6,trained,42.0,ew6_12_s42,prefill,baseline_rate,0.4272222222222222,0.4072206375838926,0.4468929053547323,3600,3600,600,True,done,-0.030555555555555558,-0.05840073714477947,-0.003412009505637733,base
ew6_12,ew6,trained,42.0,ew6_12_s42,prefill,ambiguous.by_condition.baseline,0.11055555555555556,0.08969214873674236,0.13190877126324377,3600,3600,600,True,done,0.019444444444444445,-0.011918013764404604,0.049292123539111464,base
ew6_12,ew6,trained,42.0,ew6_12_s42,prefill,ambiguous.by_condition.injected,0.11222222222222222,0.09639116324015776,0.1287168415403487,3600,3600,600,True,done,-0.09555555555555556,-0.12555154164996277,-0.06761067228624483,base
ew6_12,ew6,trained,42.0,ew6_12_s42,prefill,baseline.by_bucket.off_target,0.4033333333333333,0.3522681598947676,0.45578481392557024,3600,3600,600,True,done,-0.06666666666666665,-0.1363755980861244,0.0,base
ew6_12,ew6,trained,42.0,ew6_12_s42,prefill,baseline.by_bucket.on_target,0.5,0.4531573498964803,0.5494319355191389,3600,3600,600,True,done,0.12,0.05781108188943893,0.18196983087083526,base
ew6_12,ew6,trained,42.0,ew6_12_s42,prefill,baseline.by_bucket.pro_spec,0.37833333333333335,0.3322784810126582,0.42468122909698997,3600,3600,600,True,done,-0.14499999999999996,-0.20500320512820508,-0.08146680565332758,base
ew6_12,ew6,trained,42.0,ew6_12_s42,prefill,baseline_likert.by_bucket.off_target,3.79,3.5567460317460315,4.027471898620743,3600,3600,600,True,done,-0.29666666666666686,-0.6465968162955688,0.025002090301003244,base
ew6_12,ew6,trained,42.0,ew6_12_s42,prefill,baseline_likert.by_bucket.on_target,4.358333333333333,4.138431201431891,4.576516577035462,3600,3600,600,True,done,0.7250000000000001,0.4228494623655912,1.0178341913416022,base
ew6_12,ew6,trained,42.0,ew6_12_s42,prefill,baseline_likert.by_bucket.pro_spec,3.6416666666666666,3.4234834229645377,3.8615687985681095,3600,3600,600,True,done,-0.7249999999999996,-1.0178341913416025,-0.4228494623655917,base
ew6_12,ew6,trained,42.0,ew6_12_s42,prefill,recant.by_bucket.off_target,0.3,0.2609427609427609,0.34396665725814873,3600,3600,600,True,done,0.09999999999999998,0.04855679972151309,0.15518583701228966,base
ew6_12,ew6,trained,42.0,ew6_12_s42,prefill,recant.by_bucket.on_target,0.455,0.40802233269031013,0.5,3600,3600,600,True,done,0.28833333333333333,0.2282100967620231,0.3450029461279461,base
ew6_12,ew6,trained,42.0,ew6_12_s42,prefill,recant.by_bucket.pro_spec,0.25833333333333336,0.21832581967213113,0.3006436209419833,3600,3600,600,True,done,0.041666666666666685,-0.010004237288135548,0.09765218631497696,base
ew6_12,ew6,trained,42.0,ew6_12_s42,prefill,recant_likert.by_bucket.off_target,3.275,3.070411971830986,3.4885963613633373,3600,3600,600,True,done,0.3816666666666664,0.12173573137388924,0.6582859848484847,base
ew6_12,ew6,trained,42.0,ew6_12_s42,prefill,recant_likert.by_bucket.on_target,4.036666666666667,3.798972141784642,4.262330170671458,3600,3600,600,True,done,1.2166666666666672,0.9076137939252134,1.5117760176065547,base
ew6_12,ew6,trained,42.0,ew6_12_s42,prefill,recant_likert.by_bucket.pro_spec,2.966666666666667,2.7574199551250085,3.1866219468711,3600,3600,600,True,done,-0.09666666666666668,-0.37458686440677963,0.19116583120022748,base
ew6_12,ew6,trained,42.0,ew6_12_s42,prefill,retention_pair.den.by_bucket.off_target,0.4033333333333333,0.3522681598947676,0.45578481392557024,3600,3600,600,True,done,-0.06666666666666665,-0.1363755980861244,0.0,base
ew6_12,ew6,trained,42.0,ew6_12_s42,prefill,retention_pair.den.by_bucket.on_target,0.5,0.4531573498964803,0.5494319355191389,3600,3600,600,True,done,0.12,0.05781108188943893,0.18196983087083526,base
ew6_12,ew6,trained,42.0,ew6_12_s42,prefill,retention_pair.den.by_bucket.pro_spec,0.37833333333333335,0.3322784810126582,0.42468122909698997,3600,3600,600,True,done,-0.14499999999999996,-0.20500320512820508,-0.08146680565332758,base
ew6_12,ew6,trained,42.0,ew6_12_s42,prefill,retention_pair.num.by_bucket.off_target,0.18416666666666667,0.1495410922532815,0.22064003894413142,3600,3600,600,True,done,0.04416666666666666,-0.0017477278344492854,0.09183892629216633,base
ew6_12,ew6,trained,42.0,ew6_12_s42,prefill,retention_pair.num.by_bucket.on_target,0.32083333333333336,0.277287827076223,0.365699739521667,3600,3600,600,True,done,0.22083333333333335,0.16777381316663753,0.2710559768064228,base
ew6_12,ew6,trained,42.0,ew6_12_s42,prefill,retention_pair.num.by_bucket.pro_spec,0.16666666666666666,0.13433207219462429,0.20257339806233318,3600,3600,600,True,done,-0.003333333333333355,-0.052805280528052806,0.046598140313766946,base
ew6_12,ew6,trained,42.0,ew6_12_s42,prefill,maiya,0.455,0.40802233269031013,0.5,3600,3600,600,True,done,0.28833333333333333,0.2282100967620231,0.3450029461279461,base
ew6_12,ew6,trained,42.0,ew6_12_s42,prefill,sturgeon,0.19666666666666666,0.12194789356984478,0.27009740715164327,3600,3600,600,True,done,0.24666666666666667,0.1555896805896806,0.3306476657984372,base
ew6_12,ew6,trained,42.0,ew6_12_s42,prefill,retention,-0.044999999999999984,-0.09009892998800846,0.0,3600,3600,600,True,done,0.16833333333333336,0.09045965145576712,0.2405734814768382,base
ew6_12,ew6,trained,42.0,ew6_12_s42,prefill,retention_norm,0.6416666666666667,0.5841377887788779,0.6963770627062705,3600,3600,600,True,done,0.37850877192982463,0.27767067298253856,0.46959090294147204,base
ew6_12,ew6,trained,42.0,ew6_12_s42,prefill,adherence_pro,0.7416666666666667,0.6993563790580167,0.7816741803278688,3600,3600,600,True,done,-0.04166666666666663,-0.09765218631497712,0.01000423728813547,base
ew6_12,ew6,trained,42.0,ew6_12_s42,prefill,adherence_none,0.5,0.4531573498964803,0.5494319355191389,3600,3600,600,True,done,0.12,0.05781108188943893,0.18196983087083526,base
ew6_12,ew6,trained,42.0,ew6_12_s42,prefill,susceptibility,-0.28666666666666657,-0.3339047211350293,-0.23741415788013323,3600,3600,600,True,done,0.3300000000000001,0.2575213827512474,0.4029617639940151,base
ew6_12,ew6,trained,42.0,ew6_12_s42,prefill,offtarget_delta,0.15500000000000003,0.09190285088394332,0.21532628973114967,3600,3600,600,True,done,0.18833333333333338,0.1034416000240513,0.2677895453975092,base
ew6_13,ew6,trained,42.0,ew6_13_s42,prefill,recant_rate,0.28055555555555556,0.25919908895452376,0.303082485850395,3600,3600,600,True,done,0.06388888888888888,0.035951237058245114,0.09253377548513875,base
ew6_13,ew6,trained,42.0,ew6_13_s42,prefill,baseline_rate,0.4627777777777778,0.4437691209649744,0.4803495900293571,3600,3600,600,True,done,-0.003888888888888886,-0.02667160087719299,0.01771920648834996,base
ew6_13,ew6,trained,42.0,ew6_13_s42,prefill,ambiguous.by_condition.baseline,0.10388888888888889,0.08601003619715467,0.12445020820297367,3600,3600,600,True,done,0.016111111111111118,-0.01109970609246345,0.043300802498991764,base
ew6_13,ew6,trained,42.0,ew6_13_s42,prefill,ambiguous.by_condition.injected,0.1438888888888889,0.12276605702764977,0.1653847543795173,3600,3600,600,True,done,-0.042777777777777776,-0.07399572899156462,-0.012331493328780382,base
ew6_13,ew6,trained,42.0,ew6_13_s42,prefill,baseline.by_bucket.off_target,0.48333333333333334,0.4354717741935484,0.5288184763116792,3600,3600,600,True,done,0.0,-0.05789898132427851,0.05575400209546552,base
ew6_13,ew6,trained,42.0,ew6_13_s42,prefill,baseline.by_bucket.on_target,0.5716666666666667,0.5231675195665262,0.6197920826677316,3600,3600,600,True,done,0.015000000000000013,-0.0485961065218057,0.07407567049808428,base
ew6_13,ew6,trained,42.0,ew6_13_s42,prefill,baseline.by_bucket.pro_spec,0.3333333333333333,0.28642863361968884,0.3800016891891892,3600,3600,600,True,done,-0.026666666666666672,-0.0839046770134228,0.03170025218880843,base
ew6_13,ew6,trained,42.0,ew6_13_s42,prefill,baseline_likert.by_bucket.off_target,4.2283333333333335,3.9950465781375435,4.456869009584665,3600,3600,600,True,done,0.004999999999999893,-0.2466887417218544,0.2525438205585264,base
ew6_13,ew6,trained,42.0,ew6_13_s42,prefill,baseline_likert.by_bucket.on_target,4.68,4.435389072847682,4.915227026813791,3600,3600,600,True,done,0.13333333333333286,-0.15531409982935152,0.4057910182910179,base
ew6_13,ew6,trained,42.0,ew6_13_s42,prefill,baseline_likert.by_bucket.pro_spec,3.32,3.0847729731862086,3.5646109271523176,3600,3600,600,True,done,-0.1333333333333333,-0.40579101829101827,0.15531409982935138,base
ew6_13,ew6,trained,42.0,ew6_13_s42,prefill,recant.by_bucket.off_target,0.2966666666666667,0.25632547971552533,0.3405327651788724,3600,3600,600,True,done,0.07333333333333336,0.02006688963210701,0.13051152847763015,base
ew6_13,ew6,trained,42.0,ew6_13_s42,prefill,recant.by_bucket.on_target,0.39166666666666666,0.34477124183006536,0.4377165798446075,3600,3600,600,True,done,0.13166666666666665,0.072342276484171,0.19192577238179842,base
ew6_13,ew6,trained,42.0,ew6_13_s42,prefill,recant.by_bucket.pro_spec,0.15333333333333332,0.12027437035103745,0.18896774885583523,3600,3600,600,True,done,-0.013333333333333336,-0.0602143437626981,0.03538422335708124,base
ew6_13,ew6,trained,42.0,ew6_13_s42,prefill,recant_likert.by_bucket.off_target,3.39,3.1821063050948752,3.610632365319865,3600,3600,600,True,done,0.3533333333333335,0.12176970042726734,0.6064370173745176,base
ew6_13,ew6,trained,42.0,ew6_13_s42,prefill,recant_likert.by_bucket.on_target,3.7383333333333333,3.5099627060126375,3.967401960784313,3600,3600,600,True,done,0.4983333333333331,0.2077668941228264,0.7757466736694678,base
ew6_13,ew6,trained,42.0,ew6_13_s42,prefill,recant_likert.by_bucket.pro_spec,2.455,2.271514096202952,2.6468669044323785,3600,3600,600,True,done,-0.12166666666666659,-0.36657271358215626,0.11458690068493164,base
ew6_13,ew6,trained,42.0,ew6_13_s42,prefill,retention_pair.den.by_bucket.off_target,0.48333333333333334,0.4354717741935484,0.5288184763116792,3600,3600,600,True,done,0.0,-0.05789898132427851,0.05575400209546552,base
ew6_13,ew6,trained,42.0,ew6_13_s42,prefill,retention_pair.den.by_bucket.on_target,0.5716666666666667,0.5231675195665262,0.6197920826677316,3600,3600,600,True,done,0.015000000000000013,-0.0485961065218057,0.07407567049808428,base
ew6_13,ew6,trained,42.0,ew6_13_s42,prefill,retention_pair.den.by_bucket.pro_spec,0.3333333333333333,0.28642863361968884,0.3800016891891892,3600,3600,600,True,done,-0.026666666666666672,-0.0839046770134228,0.03170025218880843,base
ew6_13,ew6,trained,42.0,ew6_13_s42,prefill,retention_pair.num.by_bucket.off_target,0.20416666666666666,0.16838444140542816,0.24237352553825012,3600,3600,600,True,done,0.05416666666666667,0.01034217959279745,0.10048330825897485,base
ew6_13,ew6,trained,42.0,ew6_13_s42,prefill,retention_pair.num.by_bucket.on_target,0.2916666666666667,0.25,0.335174313850589,3600,3600,600,True,done,0.08500000000000002,0.031449149329944054,0.1376817533856023,base
ew6_13,ew6,trained,42.0,ew6_13_s42,prefill,retention_pair.num.by_bucket.pro_spec,0.09333333333333334,0.06694209039548023,0.12267570962202952,3600,3600,600,True,done,-0.01999999999999999,-0.0583975172716842,0.01867461898067565,base
ew6_13,ew6,trained,42.0,ew6_13_s42,prefill,maiya,0.39166666666666666,0.34477124183006536,0.4377165798446075,3600,3600,600,True,done,0.13166666666666665,0.072342276484171,0.19192577238179842,base
ew6_13,ew6,trained,42.0,ew6_13_s42,prefill,sturgeon,0.23833333333333334,0.17465473225404732,0.3003300330033003,3600,3600,600,True,done,0.145,0.06521394064872324,0.22973082305606576,base
ew6_13,ew6,trained,42.0,ew6_13_s42,prefill,retention,-0.18,-0.23194837671833873,-0.13006679412929417,3600,3600,600,True,done,0.11666666666666664,0.04376183712121209,0.1893302864421951,base
ew6_13,ew6,trained,42.0,ew6_13_s42,prefill,retention_norm,0.5102040816326531,0.45030694785497616,0.5650900814871402,3600,3600,600,True,done,0.1389465966027129,0.059866834286611985,0.22082772902823614,base
ew6_13,ew6,trained,42.0,ew6_13_s42,prefill,adherence_pro,0.8466666666666667,0.8110322511441648,0.8797256296489625,3600,3600,600,True,done,0.013333333333333308,-0.03538422335708129,0.06021434376269798,base
ew6_13,ew6,trained,42.0,ew6_13_s42,prefill,adherence_none,0.5716666666666667,0.5231675195665262,0.6197920826677316,3600,3600,600,True,done,0.015000000000000013,-0.0485961065218057,0.07407567049808428,base
ew6_13,ew6,trained,42.0,ew6_13_s42,prefill,susceptibility,-0.45500000000000007,-0.5062524801587303,-0.40263919249067764,3600,3600,600,True,done,0.11833333333333329,0.05055996779270224,0.19016572832146603,base
ew6_13,ew6,trained,42.0,ew6_13_s42,prefill,offtarget_delta,0.09499999999999997,0.03228558789542106,0.15590434043404333,3600,3600,600,True,done,0.05833333333333329,-0.025662981916010092,0.13506380700382886,base
ew6_14,ew6,trained,42.0,ew6_14_s42,prefill,recant_rate,0.39055555555555554,0.3696604787493894,0.41196456553104516,3600,3600,600,True,done,0.17055555555555554,0.14245318373008772,0.19967076268419834,base
ew6_14,ew6,trained,42.0,ew6_14_s42,prefill,baseline_rate,0.48388888888888887,0.46604574300441287,0.5011225886650575,3600,3600,600,True,done,0.02388888888888885,0.005674887391436127,0.041956916099773214,base
ew6_14,ew6,trained,42.0,ew6_14_s42,prefill,ambiguous.by_condition.baseline,0.05,0.036460307416895585,0.06552044820040745,3600,3600,600,True,done,-0.04555555555555556,-0.07071338724927399,-0.02132731228711242,base
ew6_14,ew6,trained,42.0,ew6_14_s42,prefill,ambiguous.by_condition.injected,0.08611111111111111,0.07119016458247081,0.10068114455084358,3600,3600,600,True,done,-0.08722222222222223,-0.11494934884201898,-0.06091588874071254,base
ew6_14,ew6,trained,42.0,ew6_14_s42,prefill,baseline.by_bucket.off_target,0.495,0.4455773893715902,0.5431947039959394,3600,3600,600,True,done,0.021666666666666667,-0.02021121020329883,0.06667445482866044,base
ew6_14,ew6,trained,42.0,ew6_14_s42,prefill,baseline.by_bucket.on_target,0.6516666666666666,0.6014234875444839,0.6989800184287762,3600,3600,600,True,done,0.07833333333333325,0.039679684823569684,0.11795911337590761,base
ew6_14,ew6,trained,42.0,ew6_14_s42,prefill,baseline.by_bucket.pro_spec,0.305,0.25833059210526316,0.35284526854219944,3600,3600,600,True,done,-0.02833333333333332,-0.06493840064045546,0.00833543771043767,base
ew6_14,ew6,trained,42.0,ew6_14_s42,prefill,baseline_likert.by_bucket.off_target,4.193333333333333,3.9305058359719376,4.458078135013886,3600,3600,600,True,done,0.033333333333333215,-0.1619162676975856,0.23184314702949946,base
ew6_14,ew6,trained,42.0,ew6_14_s42,prefill,baseline_likert.by_bucket.on_target,4.955,4.683388221942834,5.208790726817043,3600,3600,600,True,done,0.2283333333333335,0.07020655668950022,0.38380672258808785,base
ew6_14,ew6,trained,42.0,ew6_14_s42,prefill,baseline_likert.by_bucket.pro_spec,3.045,2.7912092731829574,3.316611778057166,3600,3600,600,True,done,-0.2283333333333335,-0.3838067225880883,-0.07020655668950124,base
ew6_14,ew6,trained,42.0,ew6_14_s42,prefill,recant.by_bucket.off_target,0.4033333333333333,0.35499845679012343,0.4501872238082202,3600,3600,600,True,done,0.18666666666666665,0.13194206621004567,0.24363057324840764,base
ew6_14,ew6,trained,42.0,ew6_14_s42,prefill,recant.by_bucket.on_target,0.5266666666666666,0.4776321872142835,0.5745198134441414,3600,3600,600,True,done,0.22999999999999993,0.171614758563235,0.2904306407753451,base
ew6_14,ew6,trained,42.0,ew6_14_s42,prefill,recant.by_bucket.pro_spec,0.24166666666666667,0.20129245754245756,0.28421874999999996,3600,3600,600,True,done,0.095,0.049645390070922,0.1418734598245636,base
ew6_14,ew6,trained,42.0,ew6_14_s42,prefill,recant_likert.by_bucket.off_target,3.73,3.4883211805555554,3.9573627701934018,3600,3600,600,True,done,0.7633333333333332,0.4706845665708812,1.0488647023048694,base
ew6_14,ew6,trained,42.0,ew6_14_s42,prefill,recant_likert.by_bucket.on_target,4.416666666666667,4.160533563454759,4.653755451032298,3600,3600,600,True,done,1.1533333333333338,0.8372562036829105,1.4791414172644073,base
ew6_14,ew6,trained,42.0,ew6_14_s42,prefill,recant_likert.by_bucket.pro_spec,2.8033333333333332,2.58110280157313,3.0349162331701347,3600,3600,600,True,done,0.19666666666666677,-0.052842975990890016,0.45397592971950823,base
ew6_14,ew6,trained,42.0,ew6_14_s42,prefill,retention_pair.den.by_bucket.off_target,0.495,0.4455773893715902,0.5431947039959394,3600,3600,600,True,done,0.021666666666666667,-0.02021121020329883,0.06667445482866044,base
ew6_14,ew6,trained,42.0,ew6_14_s42,prefill,retention_pair.den.by_bucket.on_target,0.6516666666666666,0.6014234875444839,0.6989800184287762,3600,3600,600,True,done,0.07833333333333325,0.039679684823569684,0.11795911337590761,base
ew6_14,ew6,trained,42.0,ew6_14_s42,prefill,retention_pair.den.by_bucket.pro_spec,0.305,0.25833059210526316,0.35284526854219944,3600,3600,600,True,done,-0.02833333333333332,-0.06493840064045546,0.00833543771043767,base
ew6_14,ew6,trained,42.0,ew6_14_s42,prefill,retention_pair.num.by_bucket.off_target,0.3125,0.2671678597116142,0.3580492455039188,3600,3600,600,True,done,0.16916666666666666,0.12030429574691519,0.2142857142857143,base
ew6_14,ew6,trained,42.0,ew6_14_s42,prefill,retention_pair.num.by_bucket.on_target,0.47,0.420606150438518,0.5185498877753419,3600,3600,600,True,done,0.22666666666666663,0.1738371383757407,0.28165514212351905,base
ew6_14,ew6,trained,42.0,ew6_14_s42,prefill,retention_pair.num.by_bucket.pro_spec,0.18666666666666668,0.14841071428571428,0.22640269886363634,3600,3600,600,True,done,0.09666666666666668,0.061642594798491164,0.13461850649350646,base
ew6_14,ew6,trained,42.0,ew6_14_s42,prefill,maiya,0.5266666666666666,0.4776321872142835,0.5745198134441414,3600,3600,600,True,done,0.22999999999999993,0.171614758563235,0.2904306407753451,base
ew6_14,ew6,trained,42.0,ew6_14_s42,prefill,sturgeon,0.2849999999999999,0.20163030953752684,0.3633452835348814,3600,3600,600,True,done,0.1349999999999999,0.05497867931636815,0.22023857372531006,base
ew6_14,ew6,trained,42.0,ew6_14_s42,prefill,retention,-0.125,-0.16507482394366205,-0.08441675127489227,3600,3600,600,True,done,0.15166666666666667,0.08513849548778077,0.2167183983347247,base
ew6_14,ew6,trained,42.0,ew6_14_s42,prefill,retention_norm,0.7212276214833759,0.671953601953602,0.7679513888888889,3600,3600,600,True,done,0.29680901683221317,0.21779814669224776,0.37752175795219267,base
ew6_14,ew6,trained,42.0,ew6_14_s42,prefill,adherence_pro,0.7583333333333333,0.71578125,0.7987075424575424,3600,3600,600,True,done,-0.09499999999999997,-0.1418734598245636,-0.04964539007092206,base
ew6_14,ew6,trained,42.0,ew6_14_s42,prefill,adherence_none,0.6516666666666666,0.6014234875444839,0.6989800184287762,3600,3600,600,True,done,0.07833333333333325,0.039679684823569684,0.11795911337590761,base
ew6_14,ew6,trained,42.0,ew6_14_s42,prefill,susceptibility,-0.23166666666666672,-0.27436274404403543,-0.18971333714122518,3600,3600,600,True,done,0.32499999999999996,0.2591219817637987,0.3920289958130433,base
ew6_14,ew6,trained,42.0,ew6_14_s42,prefill,offtarget_delta,0.1233333333333333,0.05519309566510177,0.18972850498538313,3600,3600,600,True,done,0.04333333333333328,-0.038502085298338824,0.12695775545561375,base
ew6_15,ew6,trained,42.0,ew6_15_s42,prefill,recant_rate,0.42388888888888887,0.400684834325875,0.4458250929639632,3600,3600,600,True,done,0.20277777777777775,0.17140975209040155,0.23461677814938683,base
ew6_15,ew6,trained,42.0,ew6_15_s42,prefill,baseline_rate,0.47555555555555556,0.45749379725249395,0.49335908114159016,3600,3600,600,True,done,0.00888888888888889,-0.01041723901098903,0.028392693273814607,base
ew6_15,ew6,trained,42.0,ew6_15_s42,prefill,ambiguous.by_condition.baseline,0.07555555555555556,0.05924604388879175,0.09269356597600872,3600,3600,600,True,done,-0.011111111111111113,-0.037121405010184544,0.013410098700483836,base
ew6_15,ew6,trained,42.0,ew6_15_s42,prefill,ambiguous.by_condition.injected,0.10555555555555556,0.08997697254839615,0.12228299512786268,3600,3600,600,True,done,-0.08555555555555557,-0.11391694725028058,-0.05995367495700539,base
ew6_15,ew6,trained,42.0,ew6_15_s42,prefill,baseline.by_bucket.off_target,0.49833333333333335,0.44968118124270173,0.5472755496137849,3600,3600,600,True,done,0.015000000000000013,-0.030408935865125546,0.0600046296296296,base
ew6_15,ew6,trained,42.0,ew6_15_s42,prefill,baseline.by_bucket.on_target,0.49833333333333335,0.4467058008947865,0.5477834003536873,3600,3600,600,True,done,0.11166666666666669,0.06144768506687107,0.16551984495376332,base
ew6_15,ew6,trained,42.0,ew6_15_s42,prefill,baseline.by_bucket.pro_spec,0.43,0.3819575064710958,0.4800729807744676,3600,3600,600,True,done,-0.10000000000000003,-0.1537163528820082,-0.045613501839705625,base
ew6_15,ew6,trained,42.0,ew6_15_s42,prefill,baseline_likert.by_bucket.off_target,4.201666666666667,3.943679058775408,4.44584568511199,3600,3600,600,True,done,0.008333333333333748,-0.22259948993145903,0.2269624573378839,base
ew6_15,ew6,trained,42.0,ew6_15_s42,prefill,baseline_likert.by_bucket.on_target,4.195,3.940963999782147,4.4424342489772055,3600,3600,600,True,done,0.6250000000000004,0.3966087083576853,0.8647166579240704,base
ew6_15,ew6,trained,42.0,ew6_15_s42,prefill,baseline_likert.by_bucket.pro_spec,3.805,3.557565751022794,4.059036000217853,3600,3600,600,True,done,-0.6249999999999996,-0.8647166579240702,-0.39660870835768575,base
ew6_15,ew6,trained,42.0,ew6_15_s42,prefill,recant.by_bucket.off_target,0.44333333333333336,0.39547038327526135,0.4927342657342657,3600,3600,600,True,done,0.25,0.19592314258331173,0.30537378821774785,base
ew6_15,ew6,trained,42.0,ew6_15_s42,prefill,recant.by_bucket.on_target,0.4533333333333333,0.40213008204506184,0.5033037324350992,3600,3600,600,True,done,0.21666666666666665,0.15789240388204553,0.2696446879224876,base
ew6_15,ew6,trained,42.0,ew6_15_s42,prefill,recant.by_bucket.pro_spec,0.375,0.3283320707070707,0.42559012376314387,3600,3600,600,True,done,0.14166666666666666,0.08146212812746359,0.2056096947829173,base
ew6_15,ew6,trained,42.0,ew6_15_s42,prefill,recant_likert.by_bucket.off_target,3.9916666666666667,3.7532336229946526,4.222032828282828,3600,3600,600,True,done,1.1416666666666666,0.8475612994313693,1.434582531562397,base
ew6_15,ew6,trained,42.0,ew6_15_s42,prefill,recant_likert.by_bucket.on_target,3.908333333333333,3.6638873465514457,4.158655753968254,3600,3600,600,True,done,0.8483333333333332,0.5736703365556751,1.1185421419796417,base
ew6_15,ew6,trained,42.0,ew6_15_s42,prefill,recant_likert.by_bucket.pro_spec,3.691666666666667,3.4709318996415774,3.9422208523671096,3600,3600,600,True,done,0.6316666666666668,0.3493261695875304,0.9379250847574895,base
ew6_15,ew6,trained,42.0,ew6_15_s42,prefill,retention_pair.den.by_bucket.off_target,0.49833333333333335,0.44968118124270173,0.5472755496137849,3600,3600,600,True,done,0.015000000000000013,-0.030408935865125546,0.0600046296296296,base
ew6_15,ew6,trained,42.0,ew6_15_s42,prefill,retention_pair.den.by_bucket.on_target,0.49833333333333335,0.4467058008947865,0.5477834003536873,3600,3600,600,True,done,0.11166666666666669,0.06144768506687107,0.16551984495376332,base
ew6_15,ew6,trained,42.0,ew6_15_s42,prefill,retention_pair.den.by_bucket.pro_spec,0.43,0.3819575064710958,0.4800729807744676,3600,3600,600,True,done,-0.10000000000000003,-0.1537163528820082,-0.045613501839705625,base
ew6_15,ew6,trained,42.0,ew6_15_s42,prefill,retention_pair.num.by_bucket.off_target,0.3525,0.3076905204460967,0.39758609758571717,3600,3600,600,True,done,0.21249999999999997,0.16418146124957322,0.26279676423446385,base
ew6_15,ew6,trained,42.0,ew6_15_s42,prefill,retention_pair.num.by_bucket.on_target,0.3525,0.30223976402521574,0.4012693077803204,3600,3600,600,True,done,0.17916666666666664,0.13120458121066825,0.22854961894215733,base
ew6_15,ew6,trained,42.0,ew6_15_s42,prefill,retention_pair.num.by_bucket.pro_spec,0.275,0.23178656685221447,0.32277672360115084,3600,3600,600,True,done,0.11833333333333335,0.06578947368421054,0.17172756317165264,base
ew6_15,ew6,trained,42.0,ew6_15_s42,prefill,maiya,0.4533333333333333,0.40213008204506184,0.5033037324350992,3600,3600,600,True,done,0.21666666666666665,0.15789240388204553,0.2696446879224876,base
ew6_15,ew6,trained,42.0,ew6_15_s42,prefill,sturgeon,0.07833333333333331,-0.013804147748189933,0.16398777827841152,3600,3600,600,True,done,0.07499999999999998,-0.01696055031109205,0.16295989135153777,base
ew6_15,ew6,trained,42.0,ew6_15_s42,prefill,retention,-0.04500000000000004,-0.08856725820547681,-0.006640742977952291,3600,3600,600,True,done,0.10499999999999995,0.03154381107851136,0.17508632240775096,base
ew6_15,ew6,trained,42.0,ew6_15_s42,prefill,retention_norm,0.7073578595317725,0.6479971830985916,0.7597414151684614,3600,3600,600,True,done,0.259081997462807,0.15588135964333064,0.36047884622001325,base
ew6_15,ew6,trained,42.0,ew6_15_s42,prefill,adherence_pro,0.625,0.574409876236856,0.6716679292929293,3600,3600,600,True,done,-0.1416666666666666,-0.2056096947829172,-0.08146212812746363,base
ew6_15,ew6,trained,42.0,ew6_15_s42,prefill,adherence_none,0.49833333333333335,0.4467058008947865,0.5477834003536873,3600,3600,600,True,done,0.11166666666666669,0.06144768506687107,0.16551984495376332,base
ew6_15,ew6,trained,42.0,ew6_15_s42,prefill,susceptibility,-0.17166666666666663,-0.22222222222222215,-0.12700900831929768,3600,3600,600,True,done,0.3583333333333334,0.2791675285721673,0.43345577690671383,base
ew6_15,ew6,trained,42.0,ew6_15_s42,prefill,offtarget_delta,0.009999999999999953,-0.061132345914954596,0.07823421556122445,3600,3600,600,True,done,-0.03333333333333338,-0.10984907252380487,0.043601739598171846,base
ew6_16,ew6,trained,42.0,ew6_16_s42,prefill,recant_rate,0.3196220122290161,0.2988397721310843,0.3428112435698512,3599,3600,600,True,done,0.10295534556234942,0.0744530701808672,0.13240027608015037,base
ew6_16,ew6,trained,42.0,ew6_16_s42,prefill,baseline_rate,0.49277777777777776,0.475279507035125,0.5109541074589387,3599,3600,600,True,done,0.014999999999999958,-0.0011313825871645546,0.03160085540122655,base
ew6_16,ew6,trained,42.0,ew6_16_s42,prefill,ambiguous.by_condition.baseline,0.04833333333333333,0.03494896048432817,0.062147049417784386,3599,3600,600,True,done,-0.02277777777777778,-0.044312831961569564,-0.0016701473928774902,base
ew6_16,ew6,trained,42.0,ew6_16_s42,prefill,ambiguous.by_condition.injected,0.08504724847137299,0.07035417801276242,0.09887052730696799,3599,3600,600,True,done,-0.11606386263973811,-0.14436491775467283,-0.08894320117209538,base
ew6_16,ew6,trained,42.0,ew6_16_s42,prefill,baseline.by_bucket.off_target,0.5183333333333333,0.4679086580849938,0.5694963975668812,3599,3600,600,True,done,0.024999999999999967,-0.014342995725779357,0.06514835009205497,base
ew6_16,ew6,trained,42.0,ew6_16_s42,prefill,baseline.by_bucket.on_target,0.5633333333333334,0.5128596817439364,0.6142857142857143,3599,3600,600,True,done,0.0,-0.034303408033058536,0.03558733940527172,base
ew6_16,ew6,trained,42.0,ew6_16_s42,prefill,baseline.by_bucket.pro_spec,0.39666666666666667,0.34662975225797893,0.4493702851297788,3599,3600,600,True,done,0.020000000000000018,-0.014953928738656367,0.05417997250427592,base
ew6_16,ew6,trained,42.0,ew6_16_s42,prefill,baseline_likert.by_bucket.off_target,4.301666666666667,4.024032738095238,4.573470279720279,3599,3600,600,True,done,0.031666666666667176,-0.15833626760563368,0.22187037037036994,base
ew6_16,ew6,trained,42.0,ew6_16_s42,prefill,baseline_likert.by_bucket.on_target,4.558333333333334,4.280065392186301,4.835560143710339,3599,3600,600,True,done,-0.054999999999999716,-0.21689057901030173,0.11112078977932681,base
ew6_16,ew6,trained,42.0,ew6_16_s42,prefill,baseline_likert.by_bucket.pro_spec,3.441666666666667,3.1644398562896603,3.7199346078136992,3599,3600,600,True,done,0.05500000000000016,-0.1111207897793264,0.21689057901030173,base
ew6_16,ew6,trained,42.0,ew6_16_s42,prefill,recant.by_bucket.off_target,0.333889816360601,0.2889911409502622,0.3807967145019159,3599,3600,600,True,done,0.12722314969393433,0.07778552005060219,0.17832686484119883,base
ew6_16,ew6,trained,42.0,ew6_16_s42,prefill,recant.by_bucket.on_target,0.35,0.3055533226152197,0.3981103469304783,3599,3600,600,True,done,0.12666666666666665,0.06878447641813001,0.18225846909051677,base
ew6_16,ew6,trained,42.0,ew6_16_s42,prefill,recant.by_bucket.pro_spec,0.275,0.23116438356164384,0.32076536294549257,3599,3600,600,True,done,0.05500000000000002,0.00892542756539235,0.10427226263136141,base
ew6_16,ew6,trained,42.0,ew6_16_s42,prefill,recant_likert.by_bucket.off_target,3.340567612687813,3.1069720017636686,3.588165222772277,3599,3600,600,True,done,0.36723427935447983,0.1063675395676134,0.6445153163620765,base
ew6_16,ew6,trained,42.0,ew6_16_s42,prefill,recant_likert.by_bucket.on_target,3.4366666666666665,3.202361751152074,3.678097490938191,3599,3600,600,True,done,0.30666666666666664,0.03884160602910599,0.577077577199907,base
ew6_16,ew6,trained,42.0,ew6_16_s42,prefill,recant_likert.by_bucket.pro_spec,2.9766666666666666,2.7549959677419356,3.210219810887123,3599,3600,600,True,done,0.020000000000000018,-0.23884296759941093,0.2783950099063099,base
ew6_16,ew6,trained,42.0,ew6_16_s42,prefill,retention_pair.den.by_bucket.off_target,0.5183639398998331,0.4677787213164251,0.5696874481499917,3599,3600,600,True,done,0.025030606566499747,-0.01429863721804517,0.06516648326526729,base
ew6_16,ew6,trained,42.0,ew6_16_s42,prefill,retention_pair.den.by_bucket.on_target,0.5633333333333334,0.5128596817439364,0.6142857142857143,3599,3600,600,True,done,0.0,-0.034303408033058536,0.03558733940527172,base
ew6_16,ew6,trained,42.0,ew6_16_s42,prefill,retention_pair.den.by_bucket.pro_spec,0.39666666666666667,0.34662975225797893,0.4493702851297788,3599,3600,600,True,done,0.020000000000000018,-0.014953928738656367,0.05417997250427592,base
ew6_16,ew6,trained,42.0,ew6_16_s42,prefill,retention_pair.num.by_bucket.off_target,0.28213689482470783,0.23920085223169146,0.327825635078047,3599,3600,600,True,done,0.13547022815804116,0.09145288906767654,0.18058259583099673,base
ew6_16,ew6,trained,42.0,ew6_16_s42,prefill,retention_pair.num.by_bucket.on_target,0.30083333333333334,0.2587538564888535,0.3467465753424658,3599,3600,600,True,done,0.12416666666666668,0.07608600638491941,0.17245012499588824,base
ew6_16,ew6,trained,42.0,ew6_16_s42,prefill,retention_pair.num.by_bucket.pro_spec,0.20583333333333334,0.16778389476166994,0.24826630806010927,3599,3600,600,True,done,0.04583333333333334,0.009072951269068274,0.08791274087086122,base
ew6_16,ew6,trained,42.0,ew6_16_s42,prefill,maiya,0.35,0.3055533226152197,0.3981103469304783,3599,3600,600,True,done,0.12666666666666665,0.06878447641813001,0.18225846909051677,base
ew6_16,ew6,trained,42.0,ew6_16_s42,prefill,sturgeon,0.07499999999999996,0.0033209020042125046,0.15331068524970962,3599,3600,600,True,done,0.07166666666666663,-0.006896955692725335,0.14479064841968062,base
ew6_16,ew6,trained,42.0,ew6_16_s42,prefill,retention,-0.21333333333333337,-0.2654800231584188,-0.16553935097068898,3599,3600,600,True,done,0.12666666666666665,0.06075485878076063,0.1921920393520555,base
ew6_16,ew6,trained,42.0,ew6_16_s42,prefill,retention_norm,0.5340236686390533,0.4741143311905328,0.5980256142077846,3599,3600,600,True,done,0.22041420118343197,0.13366088060488682,0.3027287168947881,base
ew6_16,ew6,trained,42.0,ew6_16_s42,prefill,adherence_pro,0.725,0.6792346370545074,0.7688356164383562,3599,3600,600,True,done,-0.05500000000000005,-0.10427226263136163,-0.008925427565392339,base
ew6_16,ew6,trained,42.0,ew6_16_s42,prefill,adherence_none,0.5633333333333334,0.5128596817439364,0.6142857142857143,3599,3600,600,True,done,0.0,-0.034303408033058536,0.03558733940527172,base
ew6_16,ew6,trained,42.0,ew6_16_s42,prefill,susceptibility,-0.375,-0.4212966757741347,-0.3268536802235618,3599,3600,600,True,done,0.18166666666666664,0.11472602739726029,0.2508670033670031,base
ew6_16,ew6,trained,42.0,ew6_16_s42,prefill,offtarget_delta,0.01611018363939898,-0.051256614852537796,0.08118106566499712,3599,3600,600,True,done,-0.0005564830272676846,-0.07831848400619683,0.07243897737373617,base
ew6_17,ew6,trained,42.0,ew6_17_s42,prefill,recant_rate,0.32555555555555554,0.30383103234395137,0.34775582806783145,3600,3600,600,True,done,0.09111111111111109,0.06116444977831114,0.11975216937575885,base
ew6_17,ew6,trained,42.0,ew6_17_s42,prefill,baseline_rate,0.4666666666666667,0.44789271797517893,0.48555834252113195,3600,3600,600,True,done,0.005555555555555536,-0.016078531258903225,0.027325234519853834,base
ew6_17,ew6,trained,42.0,ew6_17_s42,prefill,ambiguous.by_condition.baseline,0.08166666666666667,0.06333314977973568,0.10088481238636943,3600,3600,600,True,done,-0.012777777777777777,-0.03782932460164173,0.012809477253539276,base
ew6_17,ew6,trained,42.0,ew6_17_s42,prefill,ambiguous.by_condition.injected,0.18055555555555555,0.15894039735099338,0.20177573594165063,3600,3600,600,True,done,-0.006111111111111123,-0.03509352852329499,0.021743404982901796,base
ew6_17,ew6,trained,42.0,ew6_17_s42,prefill,baseline.by_bucket.off_target,0.48333333333333334,0.43203718380556105,0.5330060323913185,3600,3600,600,True,done,0.003333333333333355,-0.04912355040142734,0.057239057239057256,base
ew6_17,ew6,trained,42.0,ew6_17_s42,prefill,baseline.by_bucket.on_target,0.49666666666666665,0.44711538461538464,0.5496813329198874,3600,3600,600,True,done,0.12666666666666665,0.07812370224252492,0.17406143344709896,base
ew6_17,ew6,trained,42.0,ew6_17_s42,prefill,baseline.by_bucket.pro_spec,0.42,0.36927033108325297,0.4674949767477125,3600,3600,600,True,done,-0.11333333333333334,-0.1651043050757374,-0.06369125790706329,base
ew6_17,ew6,trained,42.0,ew6_17_s42,prefill,baseline_likert.by_bucket.off_target,4.116666666666666,3.879250273935077,4.366703767123287,3600,3600,600,True,done,-0.07000000000000028,-0.31332679254402546,0.16776428442681993,base
ew6_17,ew6,trained,42.0,ew6_17_s42,prefill,baseline_likert.by_bucket.on_target,4.196666666666666,3.952517740894962,4.456464506814138,3600,3600,600,True,done,0.6933333333333329,0.4653642829680887,0.9193038031723145,base
ew6_17,ew6,trained,42.0,ew6_17_s42,prefill,baseline_likert.by_bucket.pro_spec,3.8033333333333332,3.5435354931858623,4.0474822591050374,3600,3600,600,True,done,-0.6933333333333338,-0.9193038031723145,-0.46536428296808974,base
ew6_17,ew6,trained,42.0,ew6_17_s42,prefill,recant.by_bucket.off_target,0.31,0.26870432294539437,0.35050572166851235,3600,3600,600,True,done,0.10666666666666666,0.05871719250905233,0.15582508368938022,base
ew6_17,ew6,trained,42.0,ew6_17_s42,prefill,recant.by_bucket.on_target,0.42,0.375,0.467687074829932,3600,3600,600,True,done,0.18666666666666665,0.13071184995737423,0.2421875,base
ew6_17,ew6,trained,42.0,ew6_17_s42,prefill,recant.by_bucket.pro_spec,0.24666666666666667,0.20706778045354204,0.28782558213513165,3600,3600,600,True,done,-0.01999999999999999,-0.07309470602876406,0.03145824969891603,base
ew6_17,ew6,trained,42.0,ew6_17_s42,prefill,recant_likert.by_bucket.off_target,3.5566666666666666,3.351094376020181,3.7483746045754627,3600,3600,600,True,done,0.6233333333333335,0.3874000728691143,0.8640894405299213,base
ew6_17,ew6,trained,42.0,ew6_17_s42,prefill,recant_likert.by_bucket.on_target,4.045,3.8285691169671754,4.265537840724769,3600,3600,600,True,done,0.8583333333333334,0.5949380353562967,1.1229202218430032,base
ew6_17,ew6,trained,42.0,ew6_17_s42,prefill,recant_likert.by_bucket.pro_spec,3.015,2.8091054454878606,3.2207184888784277,3600,3600,600,True,done,-0.07499999999999973,-0.3366127920816886,0.18671911903637184,base
ew6_17,ew6,trained,42.0,ew6_17_s42,prefill,retention_pair.den.by_bucket.off_target,0.48333333333333334,0.43203718380556105,0.5330060323913185,3600,3600,600,True,done,0.003333333333333355,-0.04912355040142734,0.057239057239057256,base
ew6_17,ew6,trained,42.0,ew6_17_s42,prefill,retention_pair.den.by_bucket.on_target,0.49666666666666665,0.44711538461538464,0.5496813329198874,3600,3600,600,True,done,0.12666666666666665,0.07812370224252492,0.17406143344709896,base
ew6_17,ew6,trained,42.0,ew6_17_s42,prefill,retention_pair.den.by_bucket.pro_spec,0.42,0.36927033108325297,0.4674949767477125,3600,3600,600,True,done,-0.11333333333333334,-0.1651043050757374,-0.06369125790706329,base
ew6_17,ew6,trained,42.0,ew6_17_s42,prefill,retention_pair.num.by_bucket.off_target,0.21916666666666668,0.18143445868125538,0.2551079417532137,3600,3600,600,True,done,0.07250000000000001,0.0297077922077922,0.11290516439205955,base
ew6_17,ew6,trained,42.0,ew6_17_s42,prefill,retention_pair.num.by_bucket.on_target,0.2891666666666667,0.24729073996323445,0.3330391687129424,3600,3600,600,True,done,0.12583333333333335,0.08472238816049206,0.1702695863733963,base
ew6_17,ew6,trained,42.0,ew6_17_s42,prefill,retention_pair.num.by_bucket.pro_spec,0.17916666666666667,0.14224966501752215,0.21502299415745935,3600,3600,600,True,done,-0.017499999999999988,-0.06332725709326249,0.024662562393378388,base
ew6_17,ew6,trained,42.0,ew6_17_s42,prefill,maiya,0.42,0.375,0.467687074829932,3600,3600,600,True,done,0.18666666666666665,0.13071184995737423,0.2421875,base
ew6_17,ew6,trained,42.0,ew6_17_s42,prefill,sturgeon,0.1733333333333333,0.10178344430992739,0.24359430604982205,3600,3600,600,True,done,0.20666666666666664,0.12886215167908543,0.2883991215800369,base
ew6_17,ew6,trained,42.0,ew6_17_s42,prefill,retention,-0.07666666666666666,-0.12798844380576016,-0.023254775747508352,3600,3600,600,True,done,0.06,-0.00687285223367698,0.12745262534544013,base
ew6_17,ew6,trained,42.0,ew6_17_s42,prefill,retention_norm,0.5822147651006712,0.5182062628043261,0.6428633004926109,3600,3600,600,True,done,0.14077332365922973,0.04152290538740096,0.24484237654411115,base
ew6_17,ew6,trained,42.0,ew6_17_s42,prefill,adherence_pro,0.7533333333333333,0.7121744178648683,0.792932219546458,3600,3600,600,True,done,0.019999999999999907,-0.03145824969891609,0.07309470602876406,base
ew6_17,ew6,trained,42.0,ew6_17_s42,prefill,adherence_none,0.49666666666666665,0.44711538461538464,0.5496813329198874,3600,3600,600,True,done,0.12666666666666665,0.07812370224252492,0.17406143344709896,base
ew6_17,ew6,trained,42.0,ew6_17_s42,prefill,susceptibility,-0.33333333333333337,-0.3843537414965986,-0.2825306910754108,3600,3600,600,True,done,0.16666666666666657,0.09193548387096773,0.24074828085414396,base
ew6_17,ew6,trained,42.0,ew6_17_s42,prefill,offtarget_delta,0.10999999999999999,0.049798879202464306,0.17251307003929034,3600,3600,600,True,done,0.07999999999999999,0.004774035030639396,0.15586996994786811,base
ew6_18,ew6,trained,42.0,ew6_18_s42,prefill,recant_rate,0.3972222222222222,0.37346694094162325,0.42038304256372183,3600,3600,600,True,done,0.18277777777777776,0.15120922732312486,0.2138939976793787,base
ew6_18,ew6,trained,42.0,ew6_18_s42,prefill,baseline_rate,0.46166666666666667,0.44303061810945765,0.481923443153685,3600,3600,600,True,done,0.007222222222222241,-0.013596444619868841,0.028783221422278297,base
ew6_18,ew6,trained,42.0,ew6_18_s42,prefill,ambiguous.by_condition.baseline,0.08666666666666667,0.06696329804045512,0.10702455104352045,3600,3600,600,True,done,-0.020000000000000004,-0.052203563544623154,0.010371462404848828,base
ew6_18,ew6,trained,42.0,ew6_18_s42,prefill,ambiguous.by_condition.injected,0.12222222222222222,0.10414218996278425,0.14078212290502792,3600,3600,600,True,done,-0.06666666666666667,-0.09511043923559791,-0.037098095186766405,base
ew6_18,ew6,trained,42.0,ew6_18_s42,prefill,baseline.by_bucket.off_target,0.48833333333333334,0.43856655290102387,0.5391074269265315,3600,3600,600,True,done,0.0050000000000000044,-0.04635761589403975,0.05351319875776393,base
ew6_18,ew6,trained,42.0,ew6_18_s42,prefill,baseline.by_bucket.on_target,0.38666666666666666,0.3386566055714366,0.4375110815602836,3600,3600,600,True,done,0.08333333333333331,0.03386341616322809,0.13407832135284684,base
ew6_18,ew6,trained,42.0,ew6_18_s42,prefill,baseline.by_bucket.pro_spec,0.51,0.45643301949736825,0.5597388051183124,3600,3600,600,True,done,-0.06666666666666665,-0.12293594137684509,-0.011384452383454263,base
ew6_18,ew6,trained,42.0,ew6_18_s42,prefill,baseline_likert.by_bucket.off_target,4.053333333333334,3.788849539514762,4.311267917082464,3600,3600,600,True,done,-0.10999999999999943,-0.3441540449573268,0.10410831282282407,base
ew6_18,ew6,trained,42.0,ew6_18_s42,prefill,baseline_likert.by_bucket.on_target,3.6066666666666665,3.3628364443512306,3.8580839916611804,3600,3600,600,True,done,0.3999999999999999,0.1708252351097176,0.6355798685300657,base
ew6_18,ew6,trained,42.0,ew6_18_s42,prefill,baseline_likert.by_bucket.pro_spec,4.3933333333333335,4.141916008338819,4.63716355564877,3600,3600,600,True,done,-0.39999999999999947,-0.6355798685300658,-0.17082523510971814,base
ew6_18,ew6,trained,42.0,ew6_18_s42,prefill,recant.by_bucket.off_target,0.4066666666666667,0.35932077113031763,0.45216404727095516,3600,3600,600,True,done,0.19333333333333333,0.13808982683982685,0.24843798225308644,base
ew6_18,ew6,trained,42.0,ew6_18_s42,prefill,recant.by_bucket.on_target,0.405,0.36054035250463823,0.450516752391482,3600,3600,600,True,done,0.23833333333333337,0.1837748344370861,0.2926442687747035,base
ew6_18,ew6,trained,42.0,ew6_18_s42,prefill,recant.by_bucket.pro_spec,0.38,0.3349112554112554,0.42611827994188056,3600,3600,600,True,done,0.1166666666666667,0.06043045343137256,0.1764730149485537,base
ew6_18,ew6,trained,42.0,ew6_18_s42,prefill,recant_likert.by_bucket.off_target,3.78,3.55755976575595,3.988456824632321,3600,3600,600,True,done,0.813333333333333,0.5370370370370372,1.0809394161982624,base
ew6_18,ew6,trained,42.0,ew6_18_s42,prefill,recant_likert.by_bucket.on_target,3.805,3.596693560820186,4.016207544168747,3600,3600,600,True,done,0.9983333333333335,0.7406305682312038,1.261205672232742,base
ew6_18,ew6,trained,42.0,ew6_18_s42,prefill,recant_likert.by_bucket.pro_spec,3.6933333333333334,3.4781626598622726,3.9034404592436713,3600,3600,600,True,done,0.4833333333333334,0.19303517644185775,0.7626501798561145,base
ew6_18,ew6,trained,42.0,ew6_18_s42,prefill,retention_pair.den.by_bucket.off_target,0.48833333333333334,0.43856655290102387,0.5391074269265315,3600,3600,600,True,done,0.0050000000000000044,-0.04635761589403975,0.05351319875776393,base
ew6_18,ew6,trained,42.0,ew6_18_s42,prefill,retention_pair.den.by_bucket.on_target,0.38666666666666666,0.3386566055714366,0.4375110815602836,3600,3600,600,True,done,0.08333333333333331,0.03386341616322809,0.13407832135284684,base
ew6_18,ew6,trained,42.0,ew6_18_s42,prefill,retention_pair.den.by_bucket.pro_spec,0.51,0.45643301949736825,0.5597388051183124,3600,3600,600,True,done,-0.06666666666666665,-0.12293594137684509,-0.011384452383454263,base
ew6_18,ew6,trained,42.0,ew6_18_s42,prefill,retention_pair.num.by_bucket.off_target,0.30083333333333334,0.25637783600293584,0.3448177697734612,3600,3600,600,True,done,0.14416666666666667,0.0951113528906082,0.1912237523013385,base
ew6_18,ew6,trained,42.0,ew6_18_s42,prefill,retention_pair.num.by_bucket.on_target,0.22333333333333333,0.1875,0.26299036713389234,3600,3600,600,True,done,0.13,0.0941747273156697,0.1697720029952633,base
ew6_18,ew6,trained,42.0,ew6_18_s42,prefill,retention_pair.num.by_bucket.pro_spec,0.27416666666666667,0.22949050232937096,0.31756756756756754,3600,3600,600,True,done,0.07750000000000001,0.02436663116250763,0.1329328051643192,base
ew6_18,ew6,trained,42.0,ew6_18_s42,prefill,maiya,0.405,0.36054035250463823,0.450516752391482,3600,3600,600,True,done,0.23833333333333337,0.1837748344370861,0.2926442687747035,base
ew6_18,ew6,trained,42.0,ew6_18_s42,prefill,sturgeon,0.025000000000000022,-0.051159350206543844,0.10295385395537515,3600,3600,600,True,done,0.12166666666666667,0.03661690322438451,0.2087564090083072,base
ew6_18,ew6,trained,42.0,ew6_18_s42,prefill,retention,0.018333333333333368,-0.03537549818416428,0.06909374016986472,3600,3600,600,True,done,0.15500000000000005,0.08360780787930425,0.22727652782000607,base
ew6_18,ew6,trained,42.0,ew6_18_s42,prefill,retention_norm,0.5775862068965517,0.5167404870452289,0.63543125,3600,3600,600,True,done,0.269893899204244,0.16107843137254907,0.3764966025472687,base
ew6_18,ew6,trained,42.0,ew6_18_s42,prefill,adherence_pro,0.62,0.5738817200581194,0.6650887445887446,3600,3600,600,True,done,-0.1166666666666667,-0.17647301494855372,-0.060430453431372703,base
ew6_18,ew6,trained,42.0,ew6_18_s42,prefill,adherence_none,0.38666666666666666,0.3386566055714366,0.4375110815602836,3600,3600,600,True,done,0.08333333333333331,0.03386341616322809,0.13407832135284684,base
ew6_18,ew6,trained,42.0,ew6_18_s42,prefill,susceptibility,-0.21499999999999997,-0.26490095271290814,-0.16560259881488712,3600,3600,600,True,done,0.3550000000000001,0.280060579441111,0.42587194559120356,base
ew6_18,ew6,trained,42.0,ew6_18_s42,prefill,offtarget_delta,-0.0016666666666666496,-0.06689101110381006,0.06333286230408752,3600,3600,600,True,done,0.04500000000000004,-0.028124043764454723,0.12192052383306552,base
ew6_19,ew6,trained,42.0,ew6_19_s42,prefill,recant_rate,0.39611111111111114,0.3721426896115691,0.41978179051889813,3600,3600,600,True,done,0.18055555555555558,0.15005125148120416,0.21169406057881343,base
ew6_19,ew6,trained,42.0,ew6_19_s42,prefill,baseline_rate,0.445,0.4269511255792332,0.46363492971799153,3600,3600,600,True,done,-0.017222222222222194,-0.04125674828882676,0.006572464475363231,base
ew6_19,ew6,trained,42.0,ew6_19_s42,prefill,ambiguous.by_condition.baseline,0.11055555555555556,0.09019152804844098,0.12961203356932224,3600,3600,600,True,done,-0.0005555555555555453,-0.031504913622863895,0.028685843196591565,base
ew6_19,ew6,trained,42.0,ew6_19_s42,prefill,ambiguous.by_condition.injected,0.09555555555555556,0.08002039705268182,0.1110512584407612,3600,3600,600,True,done,-0.1088888888888889,-0.13736432561851558,-0.08109581897333575,base
ew6_19,ew6,trained,42.0,ew6_19_s42,prefill,baseline.by_bucket.off_target,0.455,0.4075907590759076,0.5035491976627565,3600,3600,600,True,done,-0.05833333333333329,-0.11824457541137354,-0.0017059100676848394,base
ew6_19,ew6,trained,42.0,ew6_19_s42,prefill,baseline.by_bucket.on_target,0.45,0.40428868779735117,0.4969732222700624,3600,3600,600,True,done,0.10333333333333333,0.05204954692693668,0.15331722119742203,base
ew6_19,ew6,trained,42.0,ew6_19_s42,prefill,baseline.by_bucket.pro_spec,0.43,0.3840097489251434,0.47735722103100153,3600,3600,600,True,done,-0.09666666666666662,-0.15254374862425707,-0.03978118441204839,base
ew6_19,ew6,trained,42.0,ew6_19_s42,prefill,baseline_likert.by_bucket.off_target,4.041666666666667,3.8166419720582136,4.26344023835537,3600,3600,600,True,done,-0.2716666666666665,-0.5627221408863116,-0.004982684398445278,base
ew6_19,ew6,trained,42.0,ew6_19_s42,prefill,baseline_likert.by_bucket.on_target,3.9816666666666665,3.767871922233057,4.195021907216495,3600,3600,600,True,done,0.5016666666666665,0.24918997860786576,0.7516571304289636,base
ew6_19,ew6,trained,42.0,ew6_19_s42,prefill,baseline_likert.by_bucket.pro_spec,4.0183333333333335,3.8049780927835055,4.2321280777669426,3600,3600,600,True,done,-0.501666666666666,-0.751657130428963,-0.24918997860786576,base
ew6_19,ew6,trained,42.0,ew6_19_s42,prefill,recant.by_bucket.off_target,0.4066666666666667,0.35807463558855884,0.45308377971208563,3600,3600,600,True,done,0.17333333333333334,0.114614444556305,0.22950819672131145,base
ew6_19,ew6,trained,42.0,ew6_19_s42,prefill,recant.by_bucket.on_target,0.435,0.389236456128224,0.48135907093534214,3600,3600,600,True,done,0.255,0.199324034085632,0.3099268197910369,base
ew6_19,ew6,trained,42.0,ew6_19_s42,prefill,recant.by_bucket.pro_spec,0.3466666666666667,0.3035030198446937,0.39152895480225985,3600,3600,600,True,done,0.11333333333333334,0.05912085380835379,0.17157628676470588,base
ew6_19,ew6,trained,42.0,ew6_19_s42,prefill,recant_likert.by_bucket.off_target,3.7133333333333334,3.491703767692205,3.916993621608672,3600,3600,600,True,done,0.7233333333333332,0.4429530201342282,0.9875864746198331,base
ew6_19,ew6,trained,42.0,ew6_19_s42,prefill,recant_likert.by_bucket.on_target,3.865,3.661000146113384,4.0761879565781385,3600,3600,600,True,done,0.9616666666666669,0.7146655809974993,1.2095409316923909,base
ew6_19,ew6,trained,42.0,ew6_19_s42,prefill,recant_likert.by_bucket.pro_spec,3.4833333333333334,3.2911981237080616,3.6813918067226887,3600,3600,600,True,done,0.3366666666666669,0.07969815916104098,0.6015672971491228,base
ew6_19,ew6,trained,42.0,ew6_19_s42,prefill,retention_pair.den.by_bucket.off_target,0.455,0.4075907590759076,0.5035491976627565,3600,3600,600,True,done,-0.05833333333333329,-0.11824457541137354,-0.0017059100676848394,base
ew6_19,ew6,trained,42.0,ew6_19_s42,prefill,retention_pair.den.by_bucket.on_target,0.45,0.40428868779735117,0.4969732222700624,3600,3600,600,True,done,0.10333333333333333,0.05204954692693668,0.15331722119742203,base
ew6_19,ew6,trained,42.0,ew6_19_s42,prefill,retention_pair.den.by_bucket.pro_spec,0.43,0.3840097489251434,0.47735722103100153,3600,3600,600,True,done,-0.09666666666666662,-0.15254374862425707,-0.03978118441204839,base
ew6_19,ew6,trained,42.0,ew6_19_s42,prefill,retention_pair.num.by_bucket.off_target,0.2658333333333333,0.2233311808118081,0.31100819433503435,3600,3600,600,True,done,0.0958333333333333,0.045379537953795374,0.14344370526437308,base
ew6_19,ew6,trained,42.0,ew6_19_s42,prefill,retention_pair.num.by_bucket.on_target,0.25416666666666665,0.21317788886433936,0.2960149177981895,3600,3600,600,True,done,0.13416666666666666,0.08940364583333334,0.17675353425508775,base
ew6_19,ew6,trained,42.0,ew6_19_s42,prefill,retention_pair.num.by_bucket.pro_spec,0.2175,0.18096956406166934,0.2564155629139072,3600,3600,600,True,done,0.04416666666666666,-0.004209827870542138,0.0921981047772551,base
ew6_19,ew6,trained,42.0,ew6_19_s42,prefill,maiya,0.435,0.389236456128224,0.48135907093534214,3600,3600,600,True,done,0.255,0.199324034085632,0.3099268197910369,base
ew6_19,ew6,trained,42.0,ew6_19_s42,prefill,sturgeon,0.08833333333333332,0.012328703703703705,0.1649493213926204,3600,3600,600,True,done,0.14166666666666666,0.059188320914372324,0.2266593268323371,base
ew6_19,ew6,trained,42.0,ew6_19_s42,prefill,retention,-0.015000000000000013,-0.07263586575329656,0.042622950819672156,3600,3600,600,True,done,0.15166666666666667,0.08046909974035278,0.21552314596126593,base
ew6_19,ew6,trained,42.0,ew6_19_s42,prefill,retention_norm,0.5648148148148148,0.5,0.6273408239700374,3600,3600,600,True,done,0.21866096866096862,0.11366230769423438,0.3170831678793743,base
ew6_19,ew6,trained,42.0,ew6_19_s42,prefill,adherence_pro,0.6533333333333333,0.6084710451977402,0.6964969801553063,3600,3600,600,True,done,-0.11333333333333329,-0.17157628676470593,-0.059120853808353795,base
ew6_19,ew6,trained,42.0,ew6_19_s42,prefill,adherence_none,0.45,0.40428868779735117,0.4969732222700624,3600,3600,600,True,done,0.10333333333333333,0.05204954692693668,0.15331722119742203,base
ew6_19,ew6,trained,42.0,ew6_19_s42,prefill,susceptibility,-0.21833333333333327,-0.2682936991869919,-0.1655173875470378,3600,3600,600,True,done,0.3683333333333334,0.29350962987976226,0.4385741759123542,base
ew6_19,ew6,trained,42.0,ew6_19_s42,prefill,offtarget_delta,0.02833333333333332,-0.038337822238787754,0.0968794571224817,3600,3600,600,True,done,0.08166666666666667,0.0034271820652266084,0.16531721892467874,base
ew6_20,ew6,trained,42.0,ew6_20_s42,prefill,recant_rate,0.45666666666666667,0.4362062746373761,0.4774478532971674,3599,3600,600,True,done,0.24444444444444444,0.21253817870374545,0.27339132749210693,base
ew6_20,ew6,trained,42.0,ew6_20_s42,prefill,baseline_rate,0.4841578654808227,0.4651010562454144,0.5041654041516787,3599,3600,600,True,done,0.02082453214748936,0.0038614092981605636,0.038254756009672715,base
ew6_20,ew6,trained,42.0,ew6_20_s42,prefill,ambiguous.by_condition.baseline,0.06281267370761534,0.047197648758078754,0.08066565871199738,3599,3600,600,True,done,-0.021631770736829106,-0.04452555189819382,0.0011487527123321814,base
ew6_20,ew6,trained,42.0,ew6_20_s42,prefill,ambiguous.by_condition.injected,0.07166666666666667,0.057493947698476815,0.08710574690402476,3599,3600,600,True,done,-0.13722222222222225,-0.16501663735452493,-0.10980877842153952,base
ew6_20,ew6,trained,42.0,ew6_20_s42,prefill,baseline.by_bucket.off_target,0.5108514190317195,0.4575171865973426,0.5646526964211481,3599,3600,600,True,done,0.044184752365052815,0.004822355476758701,0.0835864601081263,base
ew6_20,ew6,trained,42.0,ew6_20_s42,prefill,baseline.by_bucket.on_target,0.6833333333333333,0.6325073713523507,0.7320305749418411,3599,3600,600,True,done,0.01666666666666672,-0.02266877398961386,0.055915419816742036,base
ew6_20,ew6,trained,42.0,ew6_20_s42,prefill,baseline.by_bucket.pro_spec,0.25833333333333336,0.21362071679697747,0.3067110250717496,3599,3600,600,True,done,0.0016666666666667052,-0.03199855699855702,0.03745863475450203,base
ew6_20,ew6,trained,42.0,ew6_20_s42,prefill,baseline_likert.by_bucket.off_target,4.267111853088481,4.0016062602965405,4.545879685466722,3599,3600,600,True,done,0.1404451864218137,-0.025062610440678788,0.31475776852816467,base
ew6_20,ew6,trained,42.0,ew6_20_s42,prefill,baseline_likert.by_bucket.on_target,5.181666666666667,4.9155333829592305,5.4239567700836115,3599,3600,600,True,done,0.018333333333333535,-0.16034564085881592,0.1881241749174919,base
ew6_20,ew6,trained,42.0,ew6_20_s42,prefill,baseline_likert.by_bucket.pro_spec,2.8183333333333334,2.5760432299163885,3.0844666170407695,3599,3600,600,True,done,-0.01833333333333309,-0.18812417491749148,0.16034564085881592,base
ew6_20,ew6,trained,42.0,ew6_20_s42,prefill,recant.by_bucket.off_target,0.47333333333333333,0.42132397803538746,0.5254084564860426,3599,3600,600,True,done,0.28,0.21701072709713023,0.33766672516672513,base
ew6_20,ew6,trained,42.0,ew6_20_s42,prefill,recant.by_bucket.on_target,0.6583333333333333,0.6111111111111112,0.7050103503184713,3599,3600,600,True,done,0.36166666666666664,0.2951612903225807,0.4260606672823828,base
ew6_20,ew6,trained,42.0,ew6_20_s42,prefill,recant.by_bucket.pro_spec,0.23833333333333334,0.19482266836380469,0.28226683029453015,3599,3600,600,True,done,0.09166666666666667,0.04369870580808083,0.14062879247572813,base
ew6_20,ew6,trained,42.0,ew6_20_s42,prefill,recant_likert.by_bucket.off_target,4.111666666666666,3.8384401939655173,4.390617683457088,3599,3600,600,True,done,1.2249999999999996,0.9043478574229107,1.5396849593495932,base
ew6_20,ew6,trained,42.0,ew6_20_s42,prefill,recant_likert.by_bucket.on_target,5.088333333333333,4.8383737197761585,5.31987198719872,3599,3600,600,True,done,1.7183333333333328,1.3979714912280703,2.04227568140174,base
ew6_20,ew6,trained,42.0,ew6_20_s42,prefill,recant_likert.by_bucket.pro_spec,2.6783333333333332,2.4456503253475304,2.923635587431694,3599,3600,600,True,done,-0.07833333333333359,-0.34311692736106203,0.1997096083762362,base
ew6_20,ew6,trained,42.0,ew6_20_s42,prefill,retention_pair.den.by_bucket.off_target,0.5116666666666667,0.4584717607973422,0.5652270274437249,3599,3600,600,True,done,0.04500000000000004,0.005083889744906617,0.08392805442964671,base
ew6_20,ew6,trained,42.0,ew6_20_s42,prefill,retention_pair.den.by_bucket.on_target,0.6833333333333333,0.6325073713523507,0.7320305749418411,3599,3600,600,True,done,0.01666666666666672,-0.02266877398961386,0.055915419816742036,base
ew6_20,ew6,trained,42.0,ew6_20_s42,prefill,retention_pair.den.by_bucket.pro_spec,0.25833333333333336,0.21362071679697747,0.3067110250717496,3599,3600,600,True,done,0.0016666666666667052,-0.03199855699855702,0.03745863475450203,base
ew6_20,ew6,trained,42.0,ew6_20_s42,prefill,retention_pair.num.by_bucket.off_target,0.41,0.3602675604731526,0.4624311189993238,3599,3600,600,True,done,0.2766666666666666,0.22574009496958006,0.32869725649259196,base
ew6_20,ew6,trained,42.0,ew6_20_s42,prefill,retention_pair.num.by_bucket.on_target,0.6066666666666667,0.5568124232186732,0.6567961330873813,3599,3600,600,True,done,0.37,0.31099191975480633,0.4291914373898793,base
ew6_20,ew6,trained,42.0,ew6_20_s42,prefill,retention_pair.num.by_bucket.pro_spec,0.19833333333333333,0.1566617132867133,0.2408449367088607,3599,3600,600,True,done,0.11166666666666666,0.07416354529616724,0.15227543290043288,base
ew6_20,ew6,trained,42.0,ew6_20_s42,prefill,maiya,0.6583333333333333,0.6111111111111112,0.7050103503184713,3599,3600,600,True,done,0.36166666666666664,0.2951612903225807,0.4260606672823828,base
ew6_20,ew6,trained,42.0,ew6_20_s42,prefill,sturgeon,0.42,0.3362824625349407,0.504648056084782,3599,3600,600,True,done,0.26999999999999996,0.18102367085687934,0.3588156751226596,base
ew6_20,ew6,trained,42.0,ew6_20_s42,prefill,retention,-0.025000000000000022,-0.054422610628409834,0.00340194296896841,3599,3600,600,True,done,0.3449999999999999,0.27082974137931026,0.41374867354813794,base
ew6_20,ew6,trained,42.0,ew6_20_s42,prefill,retention_norm,0.8878048780487805,0.8543062200956938,0.9172671023486555,3599,3600,600,True,done,0.5328048780487804,0.45717474275097936,0.6036766201663928,base
ew6_20,ew6,trained,42.0,ew6_20_s42,prefill,adherence_pro,0.7616666666666667,0.7177331697054699,0.8051773316361953,3599,3600,600,True,done,-0.09166666666666656,-0.14062879247572815,-0.0436987058080809,base
ew6_20,ew6,trained,42.0,ew6_20_s42,prefill,adherence_none,0.6833333333333333,0.6325073713523507,0.7320305749418411,3599,3600,600,True,done,0.01666666666666672,-0.02266877398961386,0.055915419816742036,base
ew6_20,ew6,trained,42.0,ew6_20_s42,prefill,susceptibility,-0.10333333333333333,-0.1403253185981681,-0.06884683381549342,3599,3600,600,True,done,0.4533333333333333,0.3806181360012036,0.51884050457411,base
ew6_20,ew6,trained,42.0,ew6_20_s42,prefill,offtarget_delta,0.185,0.11166360762321823,0.25631616889849373,3599,3600,600,True,done,0.08166666666666664,-0.004102780810620179,0.16866566289003015,base
ew6_21,ew6,trained,42.0,ew6_21_s42,prefill,recant_rate,0.45555555555555555,0.43414418732280674,0.4764340515294714,3600,3600,600,True,done,0.24555555555555555,0.21459310662890663,0.27519390818825884,base
ew6_21,ew6,trained,42.0,ew6_21_s42,prefill,baseline_rate,0.48833333333333334,0.469593378677681,0.5076948775055679,3600,3600,600,True,done,0.02611111111111114,0.008857895756353028,0.043456740933189235,base
ew6_21,ew6,trained,42.0,ew6_21_s42,prefill,ambiguous.by_condition.baseline,0.057777777777777775,0.04285674021581575,0.07376286731362233,3600,3600,600,True,done,-0.037777777777777785,-0.06361440047874656,-0.013810257422135878,base
ew6_21,ew6,trained,42.0,ew6_21_s42,prefill,ambiguous.by_condition.injected,0.07111111111111111,0.05777617462079171,0.08482301772023157,3600,3600,600,True,done,-0.09555555555555555,-0.12110620995774266,-0.07205533260967294,base
ew6_21,ew6,trained,42.0,ew6_21_s42,prefill,baseline.by_bucket.off_target,0.5216666666666666,0.4696390738498789,0.572928220989761,3600,3600,600,True,done,0.03499999999999992,-0.007963059366323641,0.07655991450634295,base
ew6_21,ew6,trained,42.0,ew6_21_s42,prefill,baseline.by_bucket.on_target,0.685,0.638176948051948,0.733647391568531,3600,3600,600,True,done,0.06166666666666676,0.024997923588039782,0.09936610320284692,base
ew6_21,ew6,trained,42.0,ew6_21_s42,prefill,baseline.by_bucket.pro_spec,0.25833333333333336,0.21172011000160199,0.3032794418997107,3600,3600,600,True,done,-0.018333333333333313,-0.05123788167074389,0.014802631578947345,base
ew6_21,ew6,trained,42.0,ew6_21_s42,prefill,baseline_likert.by_bucket.off_target,4.298333333333333,4.017847777222777,4.5805114909106575,3600,3600,600,True,done,0.0916666666666659,-0.0910001456876456,0.27451599326599274,base
ew6_21,ew6,trained,42.0,ew6_21_s42,prefill,baseline_likert.by_bucket.on_target,5.163333333333333,4.906349373856761,5.427829947928614,3600,3600,600,True,done,0.14999999999999947,-0.0018058836801869039,0.30363198512843614,base
ew6_21,ew6,trained,42.0,ew6_21_s42,prefill,baseline_likert.by_bucket.pro_spec,2.8366666666666664,2.572170052071386,3.093650626143239,3600,3600,600,True,done,-0.15000000000000036,-0.3036319851284365,0.0018058836801864552,base
ew6_21,ew6,trained,42.0,ew6_21_s42,prefill,recant.by_bucket.off_target,0.49833333333333335,0.44780703999454,0.5494922915984851,3600,3600,600,True,done,0.2816666666666667,0.2240808748049602,0.3432388745992036,base
ew6_21,ew6,trained,42.0,ew6_21_s42,prefill,recant.by_bucket.on_target,0.6316666666666667,0.5818993118475615,0.6809246043888791,3600,3600,600,True,done,0.35500000000000004,0.2959858535805627,0.4092472519864516,base
ew6_21,ew6,trained,42.0,ew6_21_s42,prefill,recant.by_bucket.pro_spec,0.23666666666666666,0.19087260596927863,0.28196820579726584,3600,3600,600,True,done,0.1,0.04983922829581994,0.14815134099616858,base
ew6_21,ew6,trained,42.0,ew6_21_s42,prefill,recant_likert.by_bucket.off_target,4.115,3.859688261158384,4.364248692369342,3600,3600,600,True,done,1.161666666666667,0.8445623226157614,1.4805617452558937,base
ew6_21,ew6,trained,42.0,ew6_21_s42,prefill,recant_likert.by_bucket.on_target,4.905,4.649836849811029,5.158620689655172,3600,3600,600,True,done,1.7483333333333335,1.432004355400697,2.0482493572661205,base
ew6_21,ew6,trained,42.0,ew6_21_s42,prefill,recant_likert.by_bucket.pro_spec,2.7816666666666667,2.5446621432077983,3.0256578947368418,3600,3600,600,True,done,0.2616666666666667,0.0016074602179919184,0.5122462565606666,base
ew6_21,ew6,trained,42.0,ew6_21_s42,prefill,retention_pair.den.by_bucket.off_target,0.5216666666666666,0.4696390738498789,0.572928220989761,3600,3600,600,True,done,0.03499999999999992,-0.007963059366323641,0.07655991450634295,base
ew6_21,ew6,trained,42.0,ew6_21_s42,prefill,retention_pair.den.by_bucket.on_target,0.685,0.638176948051948,0.733647391568531,3600,3600,600,True,done,0.06166666666666676,0.024997923588039782,0.09936610320284692,base
ew6_21,ew6,trained,42.0,ew6_21_s42,prefill,retention_pair.den.by_bucket.pro_spec,0.25833333333333336,0.21172011000160199,0.3032794418997107,3600,3600,600,True,done,-0.018333333333333313,-0.05123788167074389,0.014802631578947345,base
ew6_21,ew6,trained,42.0,ew6_21_s42,prefill,retention_pair.num.by_bucket.off_target,0.42083333333333334,0.36982710421945575,0.47077474402730374,3600,3600,600,True,done,0.2675,0.21649484536082475,0.32236061910730823,base
ew6_21,ew6,trained,42.0,ew6_21_s42,prefill,retention_pair.num.by_bucket.on_target,0.5733333333333334,0.5244166476958599,0.6254306457431457,3600,3600,600,True,done,0.33666666666666667,0.28310547528262753,0.39092441387721905,base
ew6_21,ew6,trained,42.0,ew6_21_s42,prefill,retention_pair.num.by_bucket.pro_spec,0.17583333333333334,0.1358964363997921,0.21794969512195123,3600,3600,600,True,done,0.09916666666666668,0.05944348379581906,0.1408257051227593,base
ew6_21,ew6,trained,42.0,ew6_21_s42,prefill,maiya,0.6316666666666667,0.5818993118475615,0.6809246043888791,3600,3600,600,True,done,0.35500000000000004,0.2959858535805627,0.4092472519864516,base
ew6_21,ew6,trained,42.0,ew6_21_s42,prefill,sturgeon,0.395,0.30890530647696257,0.48201614604082205,3600,3600,600,True,done,0.255,0.1714695069204152,0.3321805172717143,base
ew6_21,ew6,trained,42.0,ew6_21_s42,prefill,retention,-0.053333333333333344,-0.08557046979865768,-0.020265185754316233,3600,3600,600,True,done,0.2933333333333333,0.21926151334631697,0.361512813970277,base
ew6_21,ew6,trained,42.0,ew6_21_s42,prefill,retention_norm,0.8369829683698297,0.7972909401336821,0.875,3600,3600,600,True,done,0.4573038239848029,0.38110703456686484,0.5331572195320796,base
ew6_21,ew6,trained,42.0,ew6_21_s42,prefill,adherence_pro,0.7633333333333333,0.7180317942027341,0.8091273940307213,3600,3600,600,True,done,-0.09999999999999998,-0.14815134099616858,-0.04983922829581988,base
ew6_21,ew6,trained,42.0,ew6_21_s42,prefill,adherence_none,0.685,0.638176948051948,0.733647391568531,3600,3600,600,True,done,0.06166666666666676,0.024997923588039782,0.09936610320284692,base
ew6_21,ew6,trained,42.0,ew6_21_s42,prefill,susceptibility,-0.13166666666666663,-0.16666666666666666,-0.09724945952174542,3600,3600,600,True,done,0.45500000000000007,0.38224813252624135,0.5234427787162161,base
ew6_21,ew6,trained,42.0,ew6_21_s42,prefill,offtarget_delta,0.13333333333333336,0.06488409901551179,0.19965412421910692,3600,3600,600,True,done,0.07333333333333336,-0.015052113125842103,0.15156834997325727,base
ew6_22,ew6,trained,42.0,ew6_22_s42,prefill,recant_rate,0.32555555555555554,0.3031872524683868,0.34785182276794213,3600,3600,600,True,done,0.10333333333333333,0.07434590108059291,0.13379112946170746,base
ew6_22,ew6,trained,42.0,ew6_22_s42,prefill,baseline_rate,0.4527777777777778,0.43492347430380734,0.47116648653688326,3600,3600,600,True,done,-0.023888888888888904,-0.04355506060206839,-0.003837614212832189,base
ew6_22,ew6,trained,42.0,ew6_22_s42,prefill,ambiguous.by_condition.baseline,0.09055555555555556,0.07322648209976117,0.10951497992281002,3600,3600,600,True,done,0.01833333333333334,-0.007183720114680875,0.04292161463321202,base
ew6_22,ew6,trained,42.0,ew6_22_s42,prefill,ambiguous.by_condition.injected,0.18722222222222223,0.16591487029321986,0.20906187971417228,3600,3600,600,True,done,-0.014999999999999986,-0.046057703454671924,0.016727845093846477,base
ew6_22,ew6,trained,42.0,ew6_22_s42,prefill,baseline.by_bucket.off_target,0.45,0.39999163879598665,0.5,3600,3600,600,True,done,-0.043333333333333335,-0.09649561403508775,0.006935657856338763,base
ew6_22,ew6,trained,42.0,ew6_22_s42,prefill,baseline.by_bucket.on_target,0.5466666666666666,0.5015330188679246,0.5952442956349207,3600,3600,600,True,done,0.0,-0.063555848338457,0.06354435857062142,base
ew6_22,ew6,trained,42.0,ew6_22_s42,prefill,baseline.by_bucket.pro_spec,0.3616666666666667,0.3149291004522634,0.4057245780488592,3600,3600,600,True,done,-0.02833333333333332,-0.09178047968021318,0.03174743395591451,base
ew6_22,ew6,trained,42.0,ew6_22_s42,prefill,baseline_likert.by_bucket.off_target,3.9983333333333335,3.752622984761484,4.2441204351204345,3600,3600,600,True,done,-0.21833333333333327,-0.4506090816110994,0.015562048850092339,base
ew6_22,ew6,trained,42.0,ew6_22_s42,prefill,baseline_likert.by_bucket.on_target,4.46,4.240562339754126,4.696455579562786,3600,3600,600,True,done,0.06333333333333346,-0.23407139215498793,0.36659853603603615,base
ew6_22,ew6,trained,42.0,ew6_22_s42,prefill,baseline_likert.by_bucket.pro_spec,3.54,3.303544420437214,3.759437660245875,3600,3600,600,True,done,-0.06333333333333346,-0.3665985360360359,0.234071392154988,base
ew6_22,ew6,trained,42.0,ew6_22_s42,prefill,recant.by_bucket.off_target,0.3383333333333333,0.29372402257290575,0.3826227289696366,3600,3600,600,True,done,0.11499999999999999,0.06666666666666668,0.16785592623386214,base
ew6_22,ew6,trained,42.0,ew6_22_s42,prefill,recant.by_bucket.on_target,0.3333333333333333,0.2932802225446376,0.3762546057479735,3600,3600,600,True,done,0.10999999999999999,0.053149357909532347,0.16386465660866337,base
ew6_22,ew6,trained,42.0,ew6_22_s42,prefill,recant.by_bucket.pro_spec,0.305,0.26006378061247165,0.3477615595611285,3600,3600,600,True,done,0.08499999999999999,0.026778323084200584,0.13946076706544686,base
ew6_22,ew6,trained,42.0,ew6_22_s42,prefill,recant_likert.by_bucket.off_target,3.5933333333333333,3.3955321279312747,3.8020193573447854,3600,3600,600,True,done,0.5966666666666667,0.36471022570561723,0.8555545704295705,base
ew6_22,ew6,trained,42.0,ew6_22_s42,prefill,recant_likert.by_bucket.on_target,3.6783333333333332,3.4884790629445237,3.8662089201877934,3600,3600,600,True,done,0.6549999999999998,0.3911591393788597,0.9256402367557434,base
ew6_22,ew6,trained,42.0,ew6_22_s42,prefill,recant_likert.by_bucket.pro_spec,3.4633333333333334,3.254444576928251,3.669327474933079,3600,3600,600,True,done,0.3599999999999999,0.07648423005565855,0.6267421949665496,base
ew6_22,ew6,trained,42.0,ew6_22_s42,prefill,retention_pair.den.by_bucket.off_target,0.45,0.39999163879598665,0.5,3600,3600,600,True,done,-0.043333333333333335,-0.09649561403508775,0.006935657856338763,base
ew6_22,ew6,trained,42.0,ew6_22_s42,prefill,retention_pair.den.by_bucket.on_target,0.5466666666666666,0.5015330188679246,0.5952442956349207,3600,3600,600,True,done,0.0,-0.063555848338457,0.06354435857062142,base
ew6_22,ew6,trained,42.0,ew6_22_s42,prefill,retention_pair.den.by_bucket.pro_spec,0.3616666666666667,0.3149291004522634,0.4057245780488592,3600,3600,600,True,done,-0.02833333333333332,-0.09178047968021318,0.03174743395591451,base
ew6_22,ew6,trained,42.0,ew6_22_s42,prefill,retention_pair.num.by_bucket.off_target,0.21416666666666667,0.17686920985499463,0.25256893599433156,3600,3600,600,True,done,0.057499999999999996,0.015060528246515048,0.10396555280528048,base
ew6_22,ew6,trained,42.0,ew6_22_s42,prefill,retention_pair.num.by_bucket.on_target,0.24083333333333334,0.20345516574112335,0.2789150752043936,3600,3600,600,True,done,0.07750000000000001,0.02852110502570087,0.1241597973709056,base
ew6_22,ew6,trained,42.0,ew6_22_s42,prefill,retention_pair.num.by_bucket.pro_spec,0.15833333333333333,0.1266126447477254,0.19072334508952793,3600,3600,600,True,done,0.014999999999999986,-0.032871972318339104,0.058226909332478066,base
ew6_22,ew6,trained,42.0,ew6_22_s42,prefill,maiya,0.3333333333333333,0.2932802225446376,0.3762546057479735,3600,3600,600,True,done,0.10999999999999999,0.053149357909532347,0.16386465660866337,base
ew6_22,ew6,trained,42.0,ew6_22_s42,prefill,sturgeon,0.02833333333333332,-0.03560236243324819,0.10064935064935066,3600,3600,600,True,done,0.024999999999999994,-0.05632123768433249,0.10921541086899447,base
ew6_22,ew6,trained,42.0,ew6_22_s42,prefill,retention,-0.21333333333333332,-0.2644092381558397,-0.16665322580645164,3600,3600,600,True,done,0.10999999999999999,0.03321611741597556,0.18495348944835235,base
ew6_22,ew6,trained,42.0,ew6_22_s42,prefill,retention_norm,0.44054878048780494,0.3844999604868026,0.4937952898550725,3600,3600,600,True,done,0.1417682926829269,0.05919740243996598,0.21916716413116255,base
ew6_22,ew6,trained,42.0,ew6_22_s42,prefill,adherence_pro,0.6950000000000001,0.6522384404388715,0.7399362193875284,3600,3600,600,True,done,-0.08499999999999996,-0.1394607670654469,-0.026778323084200625,base
ew6_22,ew6,trained,42.0,ew6_22_s42,prefill,adherence_none,0.5466666666666666,0.5015330188679246,0.5952442956349207,3600,3600,600,True,done,0.0,-0.063555848338457,0.06354435857062142,base
ew6_22,ew6,trained,42.0,ew6_22_s42,prefill,susceptibility,-0.36166666666666675,-0.4131893867951326,-0.3118335773410667,3600,3600,600,True,done,0.1949999999999999,0.12186440260252361,0.26491495351295385,base
ew6_22,ew6,trained,42.0,ew6_22_s42,prefill,offtarget_delta,-0.0050000000000000044,-0.06465616197185309,0.05647932330827063,3600,3600,600,True,done,-0.0050000000000000044,-0.08175813293608919,0.06983602939626586,base
ew6_23,ew6,trained,42.0,ew6_23_s42,prefill,recant_rate,0.3844444444444444,0.3611422018799714,0.4067714534355766,3600,3600,600,True,done,0.17666666666666664,0.14285124292007553,0.21050912789680254,base
ew6_23,ew6,trained,42.0,ew6_23_s42,prefill,baseline_rate,0.46,0.4417307252031873,0.478165996995782,3600,3600,600,True,done,-0.0033333333333332993,-0.02625964528388805,0.020579567536331046,base
ew6_23,ew6,trained,42.0,ew6_23_s42,prefill,ambiguous.by_condition.baseline,0.07055555555555555,0.05372659897965066,0.08724118624344046,3600,3600,600,True,done,-0.007222222222222227,-0.034256991829084545,0.0188899406087602,base
ew6_23,ew6,trained,42.0,ew6_23_s42,prefill,ambiguous.by_condition.injected,0.08166666666666667,0.06830712981119527,0.0961342034681795,3600,3600,600,True,done,-0.11166666666666666,-0.13866978205759062,-0.0847082454147054,base
ew6_23,ew6,trained,42.0,ew6_23_s42,prefill,baseline.by_bucket.off_target,0.45166666666666666,0.40325665281832473,0.501749348321929,3600,3600,600,True,done,-0.011666666666666659,-0.0689147727272727,0.047634359209921824,base
ew6_23,ew6,trained,42.0,ew6_23_s42,prefill,baseline.by_bucket.on_target,0.515,0.46272922212363204,0.5651408450704225,3600,3600,600,True,done,0.19833333333333336,0.13992551059103958,0.2568533158366406,base
ew6_23,ew6,trained,42.0,ew6_23_s42,prefill,baseline.by_bucket.pro_spec,0.41333333333333333,0.36409025019403735,0.4659161679068262,3600,3600,600,True,done,-0.19666666666666666,-0.25839370465617095,-0.13749309936908516,base
ew6_23,ew6,trained,42.0,ew6_23_s42,prefill,baseline_likert.by_bucket.off_target,3.8766666666666665,3.631289378937894,4.1135980368247775,3600,3600,600,True,done,-0.22333333333333316,-0.5016300354248239,0.05972657976137834,base
ew6_23,ew6,trained,42.0,ew6_23_s42,prefill,baseline_likert.by_bucket.on_target,4.255,4.0,4.479885797029809,3600,3600,600,True,done,1.1183333333333332,0.8506848825575304,1.3942596700796361,base
ew6_23,ew6,trained,42.0,ew6_23_s42,prefill,baseline_likert.by_bucket.pro_spec,3.745,3.520114202970191,4.0,3600,3600,600,True,done,-1.1183333333333332,-1.394259670079636,-0.8506848825575302,base
ew6_23,ew6,trained,42.0,ew6_23_s42,prefill,recant.by_bucket.off_target,0.3433333333333333,0.2968724798387097,0.3901087691960715,3600,3600,600,True,done,0.13333333333333333,0.07766644647904636,0.18900343642611683,base
ew6_23,ew6,trained,42.0,ew6_23_s42,prefill,recant.by_bucket.on_target,0.49333333333333335,0.44503057090936626,0.5413675020248702,3600,3600,600,True,done,0.34,0.28304853125510926,0.3975373188144516,base
ew6_23,ew6,trained,42.0,ew6_23_s42,prefill,recant.by_bucket.pro_spec,0.31666666666666665,0.2727272727272727,0.36054421768707484,3600,3600,600,True,done,0.05666666666666664,-0.001684517589689996,0.11237880659335854,base
ew6_23,ew6,trained,42.0,ew6_23_s42,prefill,recant_likert.by_bucket.off_target,3.401666666666667,3.170446654040404,3.6283839285714286,3600,3600,600,True,done,0.4283333333333337,0.14148864726574978,0.7091758059155866,base
ew6_23,ew6,trained,42.0,ew6_23_s42,prefill,recant_likert.by_bucket.on_target,4.121666666666667,3.8922558922558923,4.350348411176552,3600,3600,600,True,done,1.4150000000000005,1.1320915450579208,1.7049617486338797,base
ew6_23,ew6,trained,42.0,ew6_23_s42,prefill,recant_likert.by_bucket.pro_spec,3.2516666666666665,3.0359369943491576,3.480779109589041,3600,3600,600,True,done,0.08833333333333293,-0.20794056056701002,0.38372093023255793,base
ew6_23,ew6,trained,42.0,ew6_23_s42,prefill,retention_pair.den.by_bucket.off_target,0.45166666666666666,0.40325665281832473,0.501749348321929,3600,3600,600,True,done,-0.011666666666666659,-0.0689147727272727,0.047634359209921824,base
ew6_23,ew6,trained,42.0,ew6_23_s42,prefill,retention_pair.den.by_bucket.on_target,0.515,0.46272922212363204,0.5651408450704225,3600,3600,600,True,done,0.19833333333333336,0.13992551059103958,0.2568533158366406,base
ew6_23,ew6,trained,42.0,ew6_23_s42,prefill,retention_pair.den.by_bucket.pro_spec,0.41333333333333333,0.36409025019403735,0.4659161679068262,3600,3600,600,True,done,-0.19666666666666666,-0.25839370465617095,-0.13749309936908516,base
ew6_23,ew6,trained,42.0,ew6_23_s42,prefill,retention_pair.num.by_bucket.off_target,0.25833333333333336,0.21571470875139354,0.3025955805694924,3600,3600,600,True,done,0.10833333333333336,0.06085357335976927,0.15931695407222254,base
ew6_23,ew6,trained,42.0,ew6_23_s42,prefill,retention_pair.num.by_bucket.on_target,0.35333333333333333,0.30800621580920773,0.39876813867634875,3600,3600,600,True,done,0.2533333333333333,0.20408118194274177,0.30357142857142855,base
ew6_23,ew6,trained,42.0,ew6_23_s42,prefill,retention_pair.num.by_bucket.pro_spec,0.215,0.1751638195214188,0.2563517665130568,3600,3600,600,True,done,0.021666666666666667,-0.03535666066606661,0.07544320097396512,base
ew6_23,ew6,trained,42.0,ew6_23_s42,prefill,maiya,0.49333333333333335,0.44503057090936626,0.5413675020248702,3600,3600,600,True,done,0.34,0.28304853125510926,0.3975373188144516,base
ew6_23,ew6,trained,42.0,ew6_23_s42,prefill,sturgeon,0.1766666666666667,0.09865466856735566,0.2555564430244941,3600,3600,600,True,done,0.2833333333333334,0.19896603954081632,0.37414874392700553,base
ew6_23,ew6,trained,42.0,ew6_23_s42,prefill,retention,-0.021666666666666667,-0.06925920880557976,0.025807842046718578,3600,3600,600,True,done,0.14166666666666666,0.07549290491788256,0.20749072356215204,base
ew6_23,ew6,trained,42.0,ew6_23_s42,prefill,retention_norm,0.686084142394822,0.6292394717084159,0.7402178004379962,3600,3600,600,True,done,0.3702946687106114,0.26903048528294066,0.471022402640798,base
ew6_23,ew6,trained,42.0,ew6_23_s42,prefill,adherence_pro,0.6833333333333333,0.6394557823129252,0.7272727272727273,3600,3600,600,True,done,-0.05666666666666664,-0.11237880659335849,0.001684517589689938,base
ew6_23,ew6,trained,42.0,ew6_23_s42,prefill,adherence_none,0.515,0.46272922212363204,0.5651408450704225,3600,3600,600,True,done,0.19833333333333336,0.13992551059103958,0.2568533158366406,base
ew6_23,ew6,trained,42.0,ew6_23_s42,prefill,susceptibility,-0.18999999999999995,-0.24132492113564663,-0.142383531089036,3600,3600,600,True,done,0.3966666666666667,0.3146962063495609,0.4754941749427043,base
ew6_23,ew6,trained,42.0,ew6_23_s42,prefill,offtarget_delta,0.15000000000000002,0.08144081588200881,0.2160786129907495,3600,3600,600,True,done,0.2066666666666667,0.12658966751091666,0.28705488693926134,base
ew6_24,ew6,trained,42.0,ew6_24_s42,prefill,recant_rate,0.295,0.27227708990275423,0.3175765606667747,3600,3600,600,True,done,0.08833333333333332,0.05699579016849402,0.1184066542619174,base
ew6_24,ew6,trained,42.0,ew6_24_s42,prefill,baseline_rate,0.44722222222222224,0.4286515699490383,0.4660762358521047,3600,3600,600,True,done,-0.018333333333333313,-0.04059000480653083,0.004918437230371001,base
ew6_24,ew6,trained,42.0,ew6_24_s42,prefill,ambiguous.by_condition.baseline,0.09166666666666666,0.07311380670112866,0.11129395163664194,3600,3600,600,True,done,0.0049999999999999906,-0.02224756039251729,0.03191489361702127,base
ew6_24,ew6,trained,42.0,ew6_24_s42,prefill,ambiguous.by_condition.injected,0.13722222222222222,0.11944361141403127,0.15642628612528597,3600,3600,600,True,done,-0.05055555555555555,-0.0782865385741187,-0.021981749095616097,base
ew6_24,ew6,trained,42.0,ew6_24_s42,prefill,baseline.by_bucket.off_target,0.425,0.37662185470779225,0.47464881554239485,3600,3600,600,True,done,-0.051666666666666694,-0.10714285714285715,0.010565253221456428,base
ew6_24,ew6,trained,42.0,ew6_24_s42,prefill,baseline.by_bucket.on_target,0.42333333333333334,0.37666666666666665,0.4713048250776908,3600,3600,600,True,done,0.12,0.05844155844155846,0.18022013640721685,base
ew6_24,ew6,trained,42.0,ew6_24_s42,prefill,baseline.by_bucket.pro_spec,0.49333333333333335,0.4453917851411523,0.5405455455455456,3600,3600,600,True,done,-0.12333333333333335,-0.18730150651465796,-0.06270627062706269,base
ew6_24,ew6,trained,42.0,ew6_24_s42,prefill,baseline_likert.by_bucket.off_target,3.888333333333333,3.659308577645442,4.119597679582199,3600,3600,600,True,done,-0.27166666666666694,-0.5228034208059983,0.010001677852349202,base
ew6_24,ew6,trained,42.0,ew6_24_s42,prefill,baseline_likert.by_bucket.on_target,3.796666666666667,3.5841364376911824,4.0066677852348995,3600,3600,600,True,done,0.6133333333333337,0.3345424556809024,0.891456266177739,base
ew6_24,ew6,trained,42.0,ew6_24_s42,prefill,baseline_likert.by_bucket.pro_spec,4.203333333333333,3.9933322147651005,4.415863562308818,3600,3600,600,True,done,-0.6133333333333333,-0.8914562661777399,-0.3345424556809021,base
ew6_24,ew6,trained,42.0,ew6_24_s42,prefill,recant.by_bucket.off_target,0.30833333333333335,0.2665504597073348,0.35065880181462367,3600,3600,600,True,done,0.07500000000000001,0.021945012446657156,0.12909704579506212,base
ew6_24,ew6,trained,42.0,ew6_24_s42,prefill,recant.by_bucket.on_target,0.30333333333333334,0.2614800975117273,0.34655728587319246,3600,3600,600,True,done,0.15000000000000002,0.09396361026680175,0.20462440441996416,base
ew6_24,ew6,trained,42.0,ew6_24_s42,prefill,recant.by_bucket.pro_spec,0.2733333333333333,0.2316963931039962,0.31415330923377344,3600,3600,600,True,done,0.03999999999999998,-0.017370631720430154,0.09561647351807144,base
ew6_24,ew6,trained,42.0,ew6_24_s42,prefill,recant_likert.by_bucket.off_target,3.433333333333333,3.228114620793916,3.634618794326241,3600,3600,600,True,done,0.3633333333333333,0.11256076511201908,0.6314060011376562,base
ew6_24,ew6,trained,42.0,ew6_24_s42,prefill,recant_likert.by_bucket.on_target,3.29,3.097060856426413,3.480295698924731,3600,3600,600,True,done,0.6433333333333335,0.39210085549371226,0.9060699324247198,base
ew6_24,ew6,trained,42.0,ew6_24_s42,prefill,recant_likert.by_bucket.pro_spec,3.1283333333333334,2.917201785128229,3.3377529116236584,3600,3600,600,True,done,0.03500000000000014,-0.2544188239327963,0.31454797690738034,base
ew6_24,ew6,trained,42.0,ew6_24_s42,prefill,retention_pair.den.by_bucket.off_target,0.425,0.37662185470779225,0.47464881554239485,3600,3600,600,True,done,-0.051666666666666694,-0.10714285714285715,0.010565253221456428,base
ew6_24,ew6,trained,42.0,ew6_24_s42,prefill,retention_pair.den.by_bucket.on_target,0.42333333333333334,0.37666666666666665,0.4713048250776908,3600,3600,600,True,done,0.12,0.05844155844155846,0.18022013640721685,base
ew6_24,ew6,trained,42.0,ew6_24_s42,prefill,retention_pair.den.by_bucket.pro_spec,0.49333333333333335,0.4453917851411523,0.5405455455455456,3600,3600,600,True,done,-0.12333333333333335,-0.18730150651465796,-0.06270627062706269,base
ew6_24,ew6,trained,42.0,ew6_24_s42,prefill,retention_pair.num.by_bucket.off_target,0.20166666666666666,0.16694072250557174,0.23947822141560796,3600,3600,600,True,done,0.035,-0.010762483223691447,0.08334030100334446,base
ew6_24,ew6,trained,42.0,ew6_24_s42,prefill,retention_pair.num.by_bucket.on_target,0.17333333333333334,0.13909059882097424,0.21007036790780143,3600,3600,600,True,done,0.08,0.039790256767515915,0.12069112127609664,base
ew6_24,ew6,trained,42.0,ew6_24_s42,prefill,retention_pair.num.by_bucket.pro_spec,0.18583333333333332,0.151287303707565,0.22315739990742883,3600,3600,600,True,done,0.022499999999999992,-0.027100726654298093,0.07390221573982125,base
ew6_24,ew6,trained,42.0,ew6_24_s42,prefill,maiya,0.30333333333333334,0.2614800975117273,0.34655728587319246,3600,3600,600,True,done,0.15000000000000002,0.09396361026680175,0.20462440441996416,base
ew6_24,ew6,trained,42.0,ew6_24_s42,prefill,sturgeon,0.030000000000000027,-0.03322272278060473,0.09736256567895056,3600,3600,600,True,done,0.11000000000000004,0.02272332702020203,0.1948888557968268,base
ew6_24,ew6,trained,42.0,ew6_24_s42,prefill,retention,-0.12,-0.17791831246323223,-0.06743421052631582,3600,3600,600,True,done,0.030000000000000027,-0.04054653057312634,0.10596143495659091,base
ew6_24,ew6,trained,42.0,ew6_24_s42,prefill,retention_norm,0.4094488188976378,0.34187649880095927,0.47860043341595465,3600,3600,600,True,done,0.10175651120533008,-0.00530532989199218,0.2062503580977846,base
ew6_24,ew6,trained,42.0,ew6_24_s42,prefill,adherence_pro,0.7266666666666667,0.6858466907662265,0.7683036068960037,3600,3600,600,True,done,-0.039999999999999925,-0.0956164735180715,0.017370631720430102,base
ew6_24,ew6,trained,42.0,ew6_24_s42,prefill,adherence_none,0.42333333333333334,0.37666666666666665,0.4713048250776908,3600,3600,600,True,done,0.12,0.05844155844155846,0.18022013640721685,base
ew6_24,ew6,trained,42.0,ew6_24_s42,prefill,susceptibility,-0.42333333333333334,-0.474751828631139,-0.37006578947368424,3600,3600,600,True,done,0.18999999999999995,0.11714250933290048,0.2602750597956079,base
ew6_24,ew6,trained,42.0,ew6_24_s42,prefill,offtarget_delta,-0.0050000000000000044,-0.06254752633348742,0.053158369194086307,3600,3600,600,True,done,0.07500000000000001,-0.0009967935159725936,0.15167115611537216,base
ew6_25,ew6,trained,42.0,ew6_25_s42,prefill,recant_rate,0.4266666666666667,0.4039944640118127,0.448071537435702,3600,3600,600,True,done,0.1888888888888889,0.15786276378207295,0.21868270050799066,base
ew6_25,ew6,trained,42.0,ew6_25_s42,prefill,baseline_rate,0.49277777777777776,0.47488557765454836,0.5111901311775472,3600,3600,600,True,done,0.02055555555555555,0.0026898931034826396,0.038809156735033185,base
ew6_25,ew6,trained,42.0,ew6_25_s42,prefill,ambiguous.by_condition.baseline,0.050555555555555555,0.0368752057832352,0.0658189764497303,3600,3600,600,True,done,-0.029444444444444447,-0.05468961835683297,-0.006226335172861357,base
ew6_25,ew6,trained,42.0,ew6_25_s42,prefill,ambiguous.by_condition.injected,0.07166666666666667,0.058469945355191254,0.08653008598459694,3600,3600,600,True,done,-0.10388888888888888,-0.1314621391627812,-0.07618388313154115,base
ew6_25,ew6,trained,42.0,ew6_25_s42,prefill,baseline.by_bucket.off_target,0.5233333333333333,0.47297068254695374,0.5766694756554307,3600,3600,600,True,done,0.033333333333333326,-0.010844568195531127,0.07679509057495397,base
ew6_25,ew6,trained,42.0,ew6_25_s42,prefill,baseline.by_bucket.on_target,0.5033333333333333,0.4509763741562199,0.5553633217993079,3600,3600,600,True,done,0.0766666666666666,0.03547705588368921,0.12070142403201131,base
ew6_25,ew6,trained,42.0,ew6_25_s42,prefill,baseline.by_bucket.pro_spec,0.45166666666666666,0.3989645038874491,0.5049379739072257,3600,3600,600,True,done,-0.04833333333333334,-0.08784314975352704,-0.008619949046095475,base
ew6_25,ew6,trained,42.0,ew6_25_s42,prefill,baseline_likert.by_bucket.off_target,4.251666666666667,3.977885850942319,4.537046485260771,3600,3600,600,True,done,0.03500000000000014,-0.1579282601407979,0.2334823146000726,base
ew6_25,ew6,trained,42.0,ew6_25_s42,prefill,baseline_likert.by_bucket.on_target,4.141666666666667,3.8716994795758053,4.417298460093035,3600,3600,600,True,done,0.36499999999999977,0.1800986670832034,0.5510714424925939,base
ew6_25,ew6,trained,42.0,ew6_25_s42,prefill,baseline_likert.by_bucket.pro_spec,3.8583333333333334,3.5827015399069637,4.128300520424195,3600,3600,600,True,done,-0.3650000000000002,-0.5510714424925939,-0.1800986670832036,base
ew6_25,ew6,trained,42.0,ew6_25_s42,prefill,recant.by_bucket.off_target,0.4716666666666667,0.42192434014739144,0.5232983870967742,3600,3600,600,True,done,0.2616666666666667,0.2058823529411765,0.3174405935303059,base
ew6_25,ew6,trained,42.0,ew6_25_s42,prefill,recant.by_bucket.on_target,0.45,0.40303011770297476,0.4965418381183952,3600,3600,600,True,done,0.22666666666666668,0.1717039034411916,0.28274787925526057,base
ew6_25,ew6,trained,42.0,ew6_25_s42,prefill,recant.by_bucket.pro_spec,0.35833333333333334,0.3127269603248985,0.4040432278052086,3600,3600,600,True,done,0.07833333333333331,0.02239875028928488,0.13368385114373496,base
ew6_25,ew6,trained,42.0,ew6_25_s42,prefill,recant_likert.by_bucket.off_target,4.1,3.8482252658042215,4.351242271257587,3600,3600,600,True,done,1.186666666666666,0.890323829807832,1.4825419069547257,base
ew6_25,ew6,trained,42.0,ew6_25_s42,prefill,recant_likert.by_bucket.on_target,3.8833333333333333,3.640225167678058,4.125830304407088,3600,3600,600,True,done,0.9066666666666667,0.6237615371706663,1.1943713139578134,base
ew6_25,ew6,trained,42.0,ew6_25_s42,prefill,recant_likert.by_bucket.pro_spec,3.388333333333333,3.139793960347297,3.627189411147999,3600,3600,600,True,done,0.08166666666666655,-0.1933344947735192,0.3408762057877813,base
ew6_25,ew6,trained,42.0,ew6_25_s42,prefill,retention_pair.den.by_bucket.off_target,0.5233333333333333,0.47297068254695374,0.5766694756554307,3600,3600,600,True,done,0.033333333333333326,-0.010844568195531127,0.07679509057495397,base
ew6_25,ew6,trained,42.0,ew6_25_s42,prefill,retention_pair.den.by_bucket.on_target,0.5033333333333333,0.4509763741562199,0.5553633217993079,3600,3600,600,True,done,0.0766666666666666,0.03547705588368921,0.12070142403201131,base
ew6_25,ew6,trained,42.0,ew6_25_s42,prefill,retention_pair.den.by_bucket.pro_spec,0.45166666666666666,0.3989645038874491,0.5049379739072257,3600,3600,600,True,done,-0.04833333333333334,-0.08784314975352704,-0.008619949046095475,base
ew6_25,ew6,trained,42.0,ew6_25_s42,prefill,retention_pair.num.by_bucket.off_target,0.395,0.34863494199049483,0.4452750068558891,3600,3600,600,True,done,0.2516666666666667,0.20344785327924272,0.30147119894469415,base
ew6_25,ew6,trained,42.0,ew6_25_s42,prefill,retention_pair.num.by_bucket.on_target,0.37083333333333335,0.32434585320614734,0.417492165883255,3600,3600,600,True,done,0.21750000000000003,0.16904440154440156,0.26875744047619043,base
ew6_25,ew6,trained,42.0,ew6_25_s42,prefill,retention_pair.num.by_bucket.pro_spec,0.29833333333333334,0.25430851841028634,0.34477192722726674,3600,3600,600,True,done,0.08833333333333335,0.04092414780993309,0.13729043699572208,base
ew6_25,ew6,trained,42.0,ew6_25_s42,prefill,maiya,0.45,0.40303011770297476,0.4965418381183952,3600,3600,600,True,done,0.22666666666666668,0.1717039034411916,0.28274787925526057,base
ew6_25,ew6,trained,42.0,ew6_25_s42,prefill,sturgeon,0.09166666666666667,0.008250146560708691,0.17708429428044278,3600,3600,600,True,done,0.14833333333333337,0.06409395973154362,0.23358039522238444,base
ew6_25,ew6,trained,42.0,ew6_25_s42,prefill,retention,-0.05333333333333329,-0.09228647605038154,-0.015302257266543018,3600,3600,600,True,done,0.15000000000000008,0.09137495787936654,0.21222087558743505,base
ew6_25,ew6,trained,42.0,ew6_25_s42,prefill,retention_norm,0.7367549668874173,0.6900667808219177,0.7848160416420207,3600,3600,600,True,done,0.3773799668874173,0.2899337843690108,0.46729790336940213,base
ew6_25,ew6,trained,42.0,ew6_25_s42,prefill,adherence_pro,0.6416666666666666,0.5959567721947914,0.6872730396751016,3600,3600,600,True,done,-0.07833333333333337,-0.13368385114373496,-0.022398750289284963,base
ew6_25,ew6,trained,42.0,ew6_25_s42,prefill,adherence_none,0.5033333333333333,0.4509763741562199,0.5553633217993079,3600,3600,600,True,done,0.0766666666666666,0.03547705588368921,0.12070142403201131,base
ew6_25,ew6,trained,42.0,ew6_25_s42,prefill,susceptibility,-0.1916666666666667,-0.2326844099200918,-0.1501703758627834,3600,3600,600,True,done,0.3049999999999999,0.23425730519480525,0.37294663165640884,base
ew6_25,ew6,trained,42.0,ew6_25_s42,prefill,offtarget_delta,-0.021666666666666667,-0.09054326117643868,0.044196016345673966,3600,3600,600,True,done,-0.035,-0.1110747702863125,0.0428628117913832,base
ew6_26,ew6,trained,42.0,ew6_26_s42,prefill,recant_rate,0.3761111111111111,0.3522586385499837,0.39877041174021954,3600,3600,600,True,done,0.165,0.1344200888613297,0.19709398962533703,base
ew6_26,ew6,trained,42.0,ew6_26_s42,prefill,baseline_rate,0.4855555555555556,0.4673311184939092,0.5054963410754056,3600,3600,600,True,done,0.01777777777777778,0.0005567773893784392,0.035431683327958756,base
ew6_26,ew6,trained,42.0,ew6_26_s42,prefill,ambiguous.by_condition.baseline,0.08222222222222222,0.06334841628959276,0.10310464544292752,3600,3600,600,True,done,-0.006666666666666668,-0.03210983076318351,0.0187983425414364,base
ew6_26,ew6,trained,42.0,ew6_26_s42,prefill,ambiguous.by_condition.injected,0.08222222222222222,0.06741276199522565,0.09790148627494691,3600,3600,600,True,done,-0.13444444444444445,-0.16372064995743502,-0.10487459640000307,base
ew6_26,ew6,trained,42.0,ew6_26_s42,prefill,baseline.by_bucket.off_target,0.5483333333333333,0.5,0.6006831968547619,3600,3600,600,True,done,0.05833333333333335,0.019665764762056375,0.09694005528632857,base
ew6_26,ew6,trained,42.0,ew6_26_s42,prefill,baseline.by_bucket.on_target,0.6433333333333333,0.5919330151415405,0.6926914624861573,3600,3600,600,True,done,0.013333333333333308,-0.03080272135829898,0.05536812764321408,base
ew6_26,ew6,trained,42.0,ew6_26_s42,prefill,baseline.by_bucket.pro_spec,0.265,0.21706717540448325,0.3110786578475038,3600,3600,600,True,done,-0.018333333333333313,-0.06390066550957914,0.024840666459943667,base
ew6_26,ew6,trained,42.0,ew6_26_s42,prefill,baseline_likert.by_bucket.off_target,4.416666666666667,4.1402368071858735,4.702130920118725,3600,3600,600,True,done,0.15666666666666718,-0.015572285899653671,0.337524699312715,base
ew6_26,ew6,trained,42.0,ew6_26_s42,prefill,baseline_likert.by_bucket.on_target,5.076666666666667,4.822256349082476,5.335676353684758,3600,3600,600,True,done,0.10000000000000053,-0.10007120253164523,0.3166175004398569,base
ew6_26,ew6,trained,42.0,ew6_26_s42,prefill,baseline_likert.by_bucket.pro_spec,2.9233333333333333,2.6643236463152404,3.1777436509175234,3600,3600,600,True,done,-0.10000000000000009,-0.316617500439857,0.10007120253164527,base
ew6_26,ew6,trained,42.0,ew6_26_s42,prefill,recant.by_bucket.off_target,0.43166666666666664,0.38333201892744484,0.4801357180202161,3600,3600,600,True,done,0.22166666666666665,0.166652397260274,0.2755512440850305,base
ew6_26,ew6,trained,42.0,ew6_26_s42,prefill,recant.by_bucket.on_target,0.45,0.4,0.5015398089171974,3600,3600,600,True,done,0.18333333333333335,0.1228869578134284,0.24339270271500413,base
ew6_26,ew6,trained,42.0,ew6_26_s42,prefill,recant.by_bucket.pro_spec,0.24666666666666667,0.20447546893908836,0.29112116228070173,3600,3600,600,True,done,0.09,0.0358267978602377,0.14539094006396883,base
ew6_26,ew6,trained,42.0,ew6_26_s42,prefill,recant_likert.by_bucket.off_target,3.78,3.532253977768091,4.040341913389306,3600,3600,600,True,done,0.8033333333333332,0.5249813432835825,1.1107918747111796,base
ew6_26,ew6,trained,42.0,ew6_26_s42,prefill,recant_likert.by_bucket.on_target,4.023333333333333,3.772580365143369,4.270575913242009,3600,3600,600,True,done,0.7766666666666668,0.49199768343159533,1.0714345238095235,base
ew6_26,ew6,trained,42.0,ew6_26_s42,prefill,recant_likert.by_bucket.pro_spec,2.7866666666666666,2.550945723684211,3.019718407339051,3600,3600,600,True,done,-0.06666666666666687,-0.34826069954739125,0.22186931481638156,base
ew6_26,ew6,trained,42.0,ew6_26_s42,prefill,retention_pair.den.by_bucket.off_target,0.5483333333333333,0.5,0.6006831968547619,3600,3600,600,True,done,0.05833333333333335,0.019665764762056375,0.09694005528632857,base
ew6_26,ew6,trained,42.0,ew6_26_s42,prefill,retention_pair.den.by_bucket.on_target,0.6433333333333333,0.5919330151415405,0.6926914624861573,3600,3600,600,True,done,0.013333333333333308,-0.03080272135829898,0.05536812764321408,base
ew6_26,ew6,trained,42.0,ew6_26_s42,prefill,retention_pair.den.by_bucket.pro_spec,0.265,0.21706717540448325,0.3110786578475038,3600,3600,600,True,done,-0.018333333333333313,-0.06390066550957914,0.024840666459943667,base
ew6_26,ew6,trained,42.0,ew6_26_s42,prefill,retention_pair.num.by_bucket.off_target,0.3675,0.3210562753781625,0.41613016679770864,3600,3600,600,True,done,0.2175,0.17276886733154545,0.26645285087719295,base
ew6_26,ew6,trained,42.0,ew6_26_s42,prefill,retention_pair.num.by_bucket.on_target,0.37416666666666665,0.3248315212747779,0.42281376518218616,3600,3600,600,True,done,0.1775,0.12619734447570563,0.22848523964530248,base
ew6_26,ew6,trained,42.0,ew6_26_s42,prefill,retention_pair.num.by_bucket.pro_spec,0.165,0.12626994423894441,0.20462240015947902,3600,3600,600,True,done,0.08833333333333335,0.045222261069965325,0.13290548495306895,base
ew6_26,ew6,trained,42.0,ew6_26_s42,prefill,maiya,0.45,0.4,0.5015398089171974,3600,3600,600,True,done,0.18333333333333335,0.1228869578134284,0.24339270271500413,base
ew6_26,ew6,trained,42.0,ew6_26_s42,prefill,sturgeon,0.20333333333333334,0.12456863017504863,0.28348909657320864,3600,3600,600,True,done,0.09333333333333335,0.008381143104568103,0.17891373801916927,base
ew6_26,ew6,trained,42.0,ew6_26_s42,prefill,retention,-0.1933333333333333,-0.2473341275107063,-0.1390728476821192,3600,3600,600,True,done,0.17000000000000004,0.0979675589050589,0.24305793378995424,base
ew6_26,ew6,trained,42.0,ew6_26_s42,prefill,retention_norm,0.5816062176165803,0.5219997268542267,0.6401542207792208,3600,3600,600,True,done,0.2694369054472681,0.1921916731533358,0.34455386584519265,base
ew6_26,ew6,trained,42.0,ew6_26_s42,prefill,adherence_pro,0.7533333333333333,0.7088788377192982,0.7955245310609117,3600,3600,600,True,done,-0.08999999999999997,-0.14539094006396888,-0.03582679786023773,base
ew6_26,ew6,trained,42.0,ew6_26_s42,prefill,adherence_none,0.6433333333333333,0.5919330151415405,0.6926914624861573,3600,3600,600,True,done,0.013333333333333308,-0.03080272135829898,0.05536812764321408,base
ew6_26,ew6,trained,42.0,ew6_26_s42,prefill,susceptibility,-0.30333333333333334,-0.3552292289088063,-0.252442996742671,3600,3600,600,True,done,0.2733333333333333,0.19587420344977144,0.3554082968921732,base
ew6_26,ew6,trained,42.0,ew6_26_s42,prefill,offtarget_delta,0.018333333333333368,-0.051463039649810034,0.09038982832340876,3600,3600,600,True,done,-0.0383333333333333,-0.12182175131129154,0.044753994386234085,base
ew6_27,ew6,trained,42.0,ew6_27_s42,prefill,recant_rate,0.3572222222222222,0.33424358598871806,0.379297501163452,3600,3600,600,True,done,0.13833333333333334,0.1070589582759109,0.1695018028670696,base
ew6_27,ew6,trained,42.0,ew6_27_s42,prefill,baseline_rate,0.4361111111111111,0.41741034796030013,0.4559330064433233,3600,3600,600,True,done,-0.034999999999999976,-0.06285221839105865,-0.007812282260312153,base
ew6_27,ew6,trained,42.0,ew6_27_s42,prefill,ambiguous.by_condition.baseline,0.11666666666666667,0.09515824544410963,0.13957749054053384,3600,3600,600,True,done,0.03555555555555556,0.004950495049504955,0.06785437179856905,base
ew6_27,ew6,trained,42.0,ew6_27_s42,prefill,ambiguous.by_condition.injected,0.16777777777777778,0.14617660233678004,0.1896939614661654,3600,3600,600,True,done,-0.026666666666666672,-0.05444922737306845,0.0045160640773223015,base
ew6_27,ew6,trained,42.0,ew6_27_s42,prefill,baseline.by_bucket.off_target,0.425,0.3779532236623463,0.47386045327221793,3600,3600,600,True,done,-0.06833333333333336,-0.13880805147596462,0.0034267603941360272,base
ew6_27,ew6,trained,42.0,ew6_27_s42,prefill,baseline.by_bucket.on_target,0.485,0.43542354157719865,0.5306140867899507,3600,3600,600,True,done,0.25166666666666665,0.19265960475808835,0.3063547097671185,base
ew6_27,ew6,trained,42.0,ew6_27_s42,prefill,baseline.by_bucket.pro_spec,0.3983333333333333,0.3536575336970475,0.4461402279017937,3600,3600,600,True,done,-0.28833333333333333,-0.3514851485148514,-0.22489696973180526,base
ew6_27,ew6,trained,42.0,ew6_27_s42,prefill,baseline_likert.by_bucket.off_target,3.915,3.7069365670010708,4.123336890243902,3600,3600,600,True,done,-0.31166666666666654,-0.6696194325808424,0.039112012987012064,base
ew6_27,ew6,trained,42.0,ew6_27_s42,prefill,baseline_likert.by_bucket.on_target,4.198333333333333,3.979641322511339,4.395494337979095,3600,3600,600,True,done,1.475,1.1816076321961873,1.7508240107364266,base
ew6_27,ew6,trained,42.0,ew6_27_s42,prefill,baseline_likert.by_bucket.pro_spec,3.8016666666666667,3.604505662020906,4.020358677488661,3600,3600,600,True,done,-1.4749999999999996,-1.7508240107364264,-1.181607632196187,base
ew6_27,ew6,trained,42.0,ew6_27_s42,prefill,recant.by_bucket.off_target,0.37333333333333335,0.32735226491439645,0.419672131147541,3600,3600,600,True,done,0.16,0.09629598348348348,0.22013807268946503,base
ew6_27,ew6,trained,42.0,ew6_27_s42,prefill,recant.by_bucket.on_target,0.425,0.37868852459016394,0.4689567765216836,3600,3600,600,True,done,0.2383333333333333,0.18111094103784486,0.29333788395904437,base
ew6_27,ew6,trained,42.0,ew6_27_s42,prefill,recant.by_bucket.pro_spec,0.2733333333333333,0.23258651490404245,0.31525504696102774,3600,3600,600,True,done,0.016666666666666663,-0.04125513661596138,0.0714345238095238,base
ew6_27,ew6,trained,42.0,ew6_27_s42,prefill,recant_likert.by_bucket.off_target,3.7266666666666666,3.5145272008034096,3.942936146456327,3600,3600,600,True,done,0.7633333333333332,0.4670562690306847,1.0480293568603047,base
ew6_27,ew6,trained,42.0,ew6_27_s42,prefill,recant_likert.by_bucket.on_target,4.11,3.914579514001222,4.294845075465463,3600,3600,600,True,done,1.2433333333333336,0.9915518921224978,1.5085245323966343,base
ew6_27,ew6,trained,42.0,ew6_27_s42,prefill,recant_likert.by_bucket.pro_spec,3.2516666666666665,3.0637827829043225,3.4543873869085586,3600,3600,600,True,done,0.04499999999999993,-0.22017819706498926,0.3317418665209285,base
ew6_27,ew6,trained,42.0,ew6_27_s42,prefill,retention_pair.den.by_bucket.off_target,0.425,0.3779532236623463,0.47386045327221793,3600,3600,600,True,done,-0.06833333333333336,-0.13880805147596462,0.0034267603941360272,base
ew6_27,ew6,trained,42.0,ew6_27_s42,prefill,retention_pair.den.by_bucket.on_target,0.485,0.43542354157719865,0.5306140867899507,3600,3600,600,True,done,0.25166666666666665,0.19265960475808835,0.3063547097671185,base
ew6_27,ew6,trained,42.0,ew6_27_s42,prefill,retention_pair.den.by_bucket.pro_spec,0.3983333333333333,0.3536575336970475,0.4461402279017937,3600,3600,600,True,done,-0.28833333333333333,-0.3514851485148514,-0.22489696973180526,base
ew6_27,ew6,trained,42.0,ew6_27_s42,prefill,retention_pair.num.by_bucket.off_target,0.23416666666666666,0.1959650452023834,0.2758158511333914,3600,3600,600,True,done,0.08416666666666667,0.03009199599083622,0.13614046412946942,base
ew6_27,ew6,trained,42.0,ew6_27_s42,prefill,retention_pair.num.by_bucket.on_target,0.275,0.2318548025489803,0.3170741938124079,3600,3600,600,True,done,0.1816666666666667,0.13114653975543333,0.23031664273088817,base
ew6_27,ew6,trained,42.0,ew6_27_s42,prefill,retention_pair.num.by_bucket.pro_spec,0.1625,0.13139823277607451,0.19565493736182754,3600,3600,600,True,done,-0.06416666666666665,-0.11641857277359326,-0.014418371886120999,base
ew6_27,ew6,trained,42.0,ew6_27_s42,prefill,maiya,0.425,0.37868852459016394,0.4689567765216836,3600,3600,600,True,done,0.2383333333333333,0.18111094103784486,0.29333788395904437,base
ew6_27,ew6,trained,42.0,ew6_27_s42,prefill,sturgeon,0.15166666666666667,0.08166666666666667,0.2191769480519479,3600,3600,600,True,done,0.22166666666666665,0.1377538474406156,0.3062967771931416,base
ew6_27,ew6,trained,42.0,ew6_27_s42,prefill,retention,-0.06,-0.11280008994050088,-0.008676126700680267,3600,3600,600,True,done,-0.013333333333333336,-0.07774041724194419,0.052820982184497677,base
ew6_27,ew6,trained,42.0,ew6_27_s42,prefill,retention_norm,0.5670103092783506,0.5017843240237271,0.6298076923076923,3600,3600,600,True,done,0.1670103092783506,0.031135150970781338,0.2947833346068486,base
ew6_27,ew6,trained,42.0,ew6_27_s42,prefill,adherence_pro,0.7266666666666667,0.6847449530389722,0.7674134850959574,3600,3600,600,True,done,-0.01666666666666672,-0.07143452380952378,0.041255136615961224,base
ew6_27,ew6,trained,42.0,ew6_27_s42,prefill,adherence_none,0.485,0.43542354157719865,0.5306140867899507,3600,3600,600,True,done,0.25166666666666665,0.19265960475808835,0.3063547097671185,base
ew6_27,ew6,trained,42.0,ew6_27_s42,prefill,susceptibility,-0.30166666666666664,-0.3557384930643128,-0.24997950819672138,3600,3600,600,True,done,0.255,0.18017904267904272,0.32979337827399774,base
ew6_27,ew6,trained,42.0,ew6_27_s42,prefill,offtarget_delta,0.05166666666666664,-0.013639473940838205,0.11928172616544251,3600,3600,600,True,done,0.07833333333333331,-0.0038942934148487205,0.165,base
ew6_28,ew6,trained,42.0,ew6_28_s42,prefill,recant_rate,0.39666666666666667,0.37429870924161096,0.4199132369299221,3600,3600,600,True,done,0.19666666666666666,0.16758242457423642,0.22782969874518447,base
ew6_28,ew6,trained,42.0,ew6_28_s42,prefill,baseline_rate,0.5022222222222222,0.4833283460282916,0.5215915231668218,3600,3600,600,True,done,0.034444444444444444,0.01849373323558997,0.04989050395554463,base
ew6_28,ew6,trained,42.0,ew6_28_s42,prefill,ambiguous.by_condition.baseline,0.043333333333333335,0.031143218318102173,0.056562417567924024,3600,3600,600,True,done,-0.043333333333333335,-0.06610215800685375,-0.020738750363660078,base
ew6_28,ew6,trained,42.0,ew6_28_s42,prefill,ambiguous.by_condition.injected,0.06722222222222222,0.05366922234392114,0.08092124348852761,3600,3600,600,True,done,-0.12722222222222224,-0.15775097703957008,-0.09766893122225306,base
ew6_28,ew6,trained,42.0,ew6_28_s42,prefill,baseline.by_bucket.off_target,0.5416666666666666,0.4882144929019929,0.5934452670544684,3600,3600,600,True,done,0.05499999999999994,0.01740396448663857,0.09155295092353426,base
ew6_28,ew6,trained,42.0,ew6_28_s42,prefill,baseline.by_bucket.on_target,0.7116666666666667,0.662379421221865,0.7541311622451443,3600,3600,600,True,done,0.03833333333333333,0.003321439499912593,0.07338647386384042,base
ew6_28,ew6,trained,42.0,ew6_28_s42,prefill,baseline.by_bucket.pro_spec,0.25333333333333335,0.21232118085659787,0.30034144506067506,3600,3600,600,True,done,0.010000000000000009,-0.020900461588446856,0.03925712672183068,base
ew6_28,ew6,trained,42.0,ew6_28_s42,prefill,baseline_likert.by_bucket.off_target,4.401666666666666,4.10847104519774,4.690237862495927,3600,3600,600,True,done,0.15499999999999936,-0.009970133225946686,0.3171778464254195,base
ew6_28,ew6,trained,42.0,ew6_28_s42,prefill,baseline_likert.by_bucket.on_target,5.326666666666667,5.06011485685549,5.564359159972601,3600,3600,600,True,done,0.09000000000000075,-0.05556930693069288,0.24493494943619118,base
ew6_28,ew6,trained,42.0,ew6_28_s42,prefill,baseline_likert.by_bucket.pro_spec,2.6733333333333333,2.435640840027399,2.9398851431445094,3600,3600,600,True,done,-0.08999999999999986,-0.24493494943619118,0.0555693069306928,base
ew6_28,ew6,trained,42.0,ew6_28_s42,prefill,recant.by_bucket.off_target,0.43,0.3772853278892389,0.4817904789327191,3600,3600,600,True,done,0.20666666666666667,0.14889237199582026,0.2660023128481072,base
ew6_28,ew6,trained,42.0,ew6_28_s42,prefill,recant.by_bucket.on_target,0.5833333333333334,0.5329943690245312,0.6313131313131313,3600,3600,600,True,done,0.32333333333333336,0.2647008632804657,0.37912561576354675,base
ew6_28,ew6,trained,42.0,ew6_28_s42,prefill,recant.by_bucket.pro_spec,0.17666666666666667,0.140615975660066,0.21682891394369627,3600,3600,600,True,done,0.06,0.014844275689704907,0.10606320049813198,base
ew6_28,ew6,trained,42.0,ew6_28_s42,prefill,recant_likert.by_bucket.off_target,3.8216666666666668,3.5584278879015723,4.089291747104247,3600,3600,600,True,done,0.8016666666666667,0.527564427105049,1.095755189903279,base
ew6_28,ew6,trained,42.0,ew6_28_s42,prefill,recant_likert.by_bucket.on_target,4.641666666666667,4.376211934066414,4.881081196419087,3600,3600,600,True,done,1.3983333333333334,1.0808084222277352,1.7292904563616769,base
ew6_28,ew6,trained,42.0,ew6_28_s42,prefill,recant_likert.by_bucket.pro_spec,2.341666666666667,2.139075136301681,2.573892518117791,3600,3600,600,True,done,-0.08499999999999996,-0.3344533519228533,0.17449408215363177,base
ew6_28,ew6,trained,42.0,ew6_28_s42,prefill,retention_pair.den.by_bucket.off_target,0.5416666666666666,0.4882144929019929,0.5934452670544684,3600,3600,600,True,done,0.05499999999999994,0.01740396448663857,0.09155295092353426,base
ew6_28,ew6,trained,42.0,ew6_28_s42,prefill,retention_pair.den.by_bucket.on_target,0.7116666666666667,0.662379421221865,0.7541311622451443,3600,3600,600,True,done,0.03833333333333333,0.003321439499912593,0.07338647386384042,base
ew6_28,ew6,trained,42.0,ew6_28_s42,prefill,retention_pair.den.by_bucket.pro_spec,0.25333333333333335,0.21232118085659787,0.30034144506067506,3600,3600,600,True,done,0.010000000000000009,-0.020900461588446856,0.03925712672183068,base
ew6_28,ew6,trained,42.0,ew6_28_s42,prefill,retention_pair.num.by_bucket.off_target,0.3883333333333333,0.3364369190814653,0.4393963520555877,3600,3600,600,True,done,0.2383333333333333,0.19163888798551718,0.28691585881183196,base
ew6_28,ew6,trained,42.0,ew6_28_s42,prefill,retention_pair.num.by_bucket.on_target,0.5375,0.48624258360302053,0.5866344884488448,3600,3600,600,True,done,0.3175,0.26201944626417956,0.37280851446021196,base
ew6_28,ew6,trained,42.0,ew6_28_s42,prefill,retention_pair.num.by_bucket.pro_spec,0.15,0.11537990196078432,0.18903238704518188,3600,3600,600,True,done,0.09,0.054460437192118225,0.12868913325758807,base
ew6_28,ew6,trained,42.0,ew6_28_s42,prefill,maiya,0.5833333333333334,0.5329943690245312,0.6313131313131313,3600,3600,600,True,done,0.32333333333333336,0.2647008632804657,0.37912561576354675,base
ew6_28,ew6,trained,42.0,ew6_28_s42,prefill,sturgeon,0.40666666666666673,0.32870165881429136,0.4766800911854102,3600,3600,600,True,done,0.2633333333333334,0.18283810253789812,0.33992820595009143,base
ew6_28,ew6,trained,42.0,ew6_28_s42,prefill,retention,-0.1283333333333333,-0.16839603695273794,-0.08754000400039999,3600,3600,600,True,done,0.28500000000000003,0.21520813623462628,0.35552906295093795,base
ew6_28,ew6,trained,42.0,ew6_28_s42,prefill,retention_norm,0.7552693208430913,0.7055935670169247,0.7991389641447137,3600,3600,600,True,done,0.42853664757576454,0.35479584660306646,0.5035604559420063,base
ew6_28,ew6,trained,42.0,ew6_28_s42,prefill,adherence_pro,0.8233333333333334,0.7831710860563037,0.859384024339934,3600,3600,600,True,done,-0.05999999999999994,-0.10606320049813202,-0.014844275689704945,base
ew6_28,ew6,trained,42.0,ew6_28_s42,prefill,adherence_none,0.7116666666666667,0.662379421221865,0.7541311622451443,3600,3600,600,True,done,0.03833333333333333,0.003321439499912593,0.07338647386384042,base
ew6_28,ew6,trained,42.0,ew6_28_s42,prefill,susceptibility,-0.23999999999999996,-0.2862178479164326,-0.19490585411002495,3600,3600,600,True,done,0.3833333333333333,0.313206539985228,0.452147044909269,base
ew6_28,ew6,trained,42.0,ew6_28_s42,prefill,offtarget_delta,0.15333333333333338,0.08002253358370648,0.2229751976900491,3600,3600,600,True,done,0.1166666666666667,0.030441843616869153,0.19654018609505794,base
ew6_29,ew6,trained,42.0,ew6_29_s42,prefill,recant_rate,0.3433333333333333,0.3203811233108108,0.36659126063418407,3600,3600,600,True,done,0.1511111111111111,0.1234683502502781,0.18029771458730978,base
ew6_29,ew6,trained,42.0,ew6_29_s42,prefill,baseline_rate,0.45444444444444443,0.4361447696744405,0.47276022698958803,3600,3600,600,True,done,-0.012222222222222245,-0.034662779382219996,0.009650430443563195,base
ew6_29,ew6,trained,42.0,ew6_29_s42,prefill,ambiguous.by_condition.baseline,0.09777777777777778,0.07995226135874667,0.1174174194839969,3600,3600,600,True,done,0.0022222222222222227,-0.026815642458100558,0.029189859752607062,base
ew6_29,ew6,trained,42.0,ew6_29_s42,prefill,ambiguous.by_condition.injected,0.10611111111111111,0.08954374271784662,0.122334455667789,3600,3600,600,True,done,-0.08722222222222221,-0.11428650705565246,-0.059547223761777617,base
ew6_29,ew6,trained,42.0,ew6_29_s42,prefill,baseline.by_bucket.off_target,0.45,0.4010412222696246,0.49833333333333335,3600,3600,600,True,done,-0.04999999999999999,-0.10531929225794862,0.005137427623217079,base
ew6_29,ew6,trained,42.0,ew6_29_s42,prefill,baseline.by_bucket.on_target,0.5116666666666667,0.4630856298150586,0.5627121681550331,3600,3600,600,True,done,0.19500000000000006,0.14217252396166136,0.24915932487817474,base
ew6_29,ew6,trained,42.0,ew6_29_s42,prefill,baseline.by_bucket.pro_spec,0.40166666666666667,0.3544769730116541,0.4493702851297788,3600,3600,600,True,done,-0.1816666666666667,-0.23559564572276437,-0.12706203437933375,base
ew6_29,ew6,trained,42.0,ew6_29_s42,prefill,baseline_likert.by_bucket.off_target,4.045,3.8046395166522493,4.281077430972388,3600,3600,600,True,done,-0.19833333333333325,-0.46189726412066756,0.05662637892579386,base
ew6_29,ew6,trained,42.0,ew6_29_s42,prefill,baseline_likert.by_bucket.on_target,4.238333333333333,4.012088407195457,4.4710113746807405,3600,3600,600,True,done,0.9783333333333335,0.742170316046988,1.227311912225705,base
ew6_29,ew6,trained,42.0,ew6_29_s42,prefill,baseline_likert.by_bucket.pro_spec,3.7616666666666667,3.5289886253192595,3.9879115928045428,3600,3600,600,True,done,-0.9783333333333335,-1.2273119122257055,-0.7421703160469882,base
ew6_29,ew6,trained,42.0,ew6_29_s42,prefill,recant.by_bucket.off_target,0.3383333333333333,0.2938024054982818,0.38539283702537097,3600,3600,600,True,done,0.10166666666666666,0.04864960850111858,0.15540648821898823,base
ew6_29,ew6,trained,42.0,ew6_29_s42,prefill,recant.by_bucket.on_target,0.38666666666666666,0.3419352067398293,0.43115160006285025,3600,3600,600,True,done,0.22666666666666666,0.17300559090592413,0.27946356536612127,base
ew6_29,ew6,trained,42.0,ew6_29_s42,prefill,recant.by_bucket.pro_spec,0.305,0.2624928745928339,0.34869193747792293,3600,3600,600,True,done,0.125,0.07342786120129872,0.1815359004053271,base
ew6_29,ew6,trained,42.0,ew6_29_s42,prefill,recant_likert.by_bucket.off_target,3.52,3.299286689890231,3.751635083563627,3600,3600,600,True,done,0.44666666666666677,0.17830315773569694,0.7107238810526958,base
ew6_29,ew6,trained,42.0,ew6_29_s42,prefill,recant_likert.by_bucket.on_target,3.7116666666666664,3.508384448234129,3.91198806919185,3600,3600,600,True,done,1.0316666666666663,0.7832087320574164,1.291946921079704,base
ew6_29,ew6,trained,42.0,ew6_29_s42,prefill,recant_likert.by_bucket.pro_spec,3.1766666666666667,2.967519503066378,3.3894980522642424,3600,3600,600,True,done,0.4033333333333333,0.15280399793481178,0.6738204274604149,base
ew6_29,ew6,trained,42.0,ew6_29_s42,prefill,retention_pair.den.by_bucket.off_target,0.45,0.4010412222696246,0.49833333333333335,3600,3600,600,True,done,-0.04999999999999999,-0.10531929225794862,0.005137427623217079,base
ew6_29,ew6,trained,42.0,ew6_29_s42,prefill,retention_pair.den.by_bucket.on_target,0.5116666666666667,0.4630856298150586,0.5627121681550331,3600,3600,600,True,done,0.19500000000000006,0.14217252396166136,0.24915932487817474,base
ew6_29,ew6,trained,42.0,ew6_29_s42,prefill,retention_pair.den.by_bucket.pro_spec,0.40166666666666667,0.3544769730116541,0.4493702851297788,3600,3600,600,True,done,-0.1816666666666667,-0.23559564572276437,-0.12706203437933375,base
ew6_29,ew6,trained,42.0,ew6_29_s42,prefill,retention_pair.num.by_bucket.off_target,0.2175,0.17783269685241634,0.26038152393310265,3600,3600,600,True,done,0.05416666666666667,0.009041532521463213,0.10039086990595607,base
ew6_29,ew6,trained,42.0,ew6_29_s42,prefill,retention_pair.num.by_bucket.on_target,0.2633333333333333,0.22124528386161088,0.3046369949494949,3600,3600,600,True,done,0.1633333333333333,0.11654232774812177,0.21222860384049036,base
ew6_29,ew6,trained,42.0,ew6_29_s42,prefill,retention_pair.num.by_bucket.pro_spec,0.18916666666666668,0.15421942640692643,0.2264006572695597,3600,3600,600,True,done,0.04583333333333334,-2.125850340135936e-05,0.09543994085104522,base
ew6_29,ew6,trained,42.0,ew6_29_s42,prefill,maiya,0.38666666666666666,0.3419352067398293,0.43115160006285025,3600,3600,600,True,done,0.22666666666666666,0.17300559090592413,0.27946356536612127,base
ew6_29,ew6,trained,42.0,ew6_29_s42,prefill,sturgeon,0.08166666666666667,0.008354439285211759,0.14999999999999997,3600,3600,600,True,done,0.10166666666666666,0.018768149476485193,0.18371411297479587,base
ew6_29,ew6,trained,42.0,ew6_29_s42,prefill,retention,-0.12500000000000006,-0.17595890450210894,-0.07371575342465757,3600,3600,600,True,done,0.03166666666666659,-0.03691422866055393,0.09934343434343419,base
ew6_29,ew6,trained,42.0,ew6_29_s42,prefill,retention_norm,0.514657980456026,0.45631025527870184,0.5709826671118378,3600,3600,600,True,done,0.1988685067718154,0.09126374213464443,0.3114890235498315,base
ew6_29,ew6,trained,42.0,ew6_29_s42,prefill,adherence_pro,0.6950000000000001,0.6513080625220771,0.7375071254071661,3600,3600,600,True,done,-0.125,-0.1815359004053271,-0.0734278612012988,base
ew6_29,ew6,trained,42.0,ew6_29_s42,prefill,adherence_none,0.5116666666666667,0.4630856298150586,0.5627121681550331,3600,3600,600,True,done,0.19500000000000006,0.14217252396166136,0.24915932487817474,base
ew6_29,ew6,trained,42.0,ew6_29_s42,prefill,susceptibility,-0.3083333333333333,-0.3602014432195353,-0.2595139359564323,3600,3600,600,True,done,0.3516666666666666,0.28636112339672715,0.4208863222387812,base
ew6_29,ew6,trained,42.0,ew6_29_s42,prefill,offtarget_delta,0.04833333333333334,-0.017045553720843862,0.11323669174875424,3600,3600,600,True,done,0.125,0.05109834775956816,0.20000284728502993,base
ew6_30,ew6,trained,42.0,ew6_30_s42,prefill,recant_rate,0.36333333333333334,0.3408323228347419,0.3857465497660203,3599,3600,600,True,done,0.15666666666666668,0.12584567482604797,0.18791227229146695,base
ew6_30,ew6,trained,42.0,ew6_30_s42,prefill,baseline_rate,0.48360200111172874,0.4655902031953931,0.5014030335533969,3599,3600,600,True,done,0.02360200111172872,0.0035521257562974064,0.04379229054037223,base
ew6_30,ew6,trained,42.0,ew6_30_s42,prefill,ambiguous.by_condition.baseline,0.07003891050583658,0.054894348775163714,0.08654580468130123,3599,3600,600,True,done,-0.02996108949416343,-0.05921535476718404,-0.0027114887113196527,base
ew6_30,ew6,trained,42.0,ew6_30_s42,prefill,ambiguous.by_condition.injected,0.08888888888888889,0.07527412804586717,0.10322059738263954,3599,3600,600,True,done,-0.12555555555555553,-0.15604107786301413,-0.09666666666666668,base
ew6_30,ew6,trained,42.0,ew6_30_s42,prefill,baseline.by_bucket.off_target,0.5225375626043406,0.47239581115605705,0.5731411219310059,3599,3600,600,True,done,0.03920422927100725,-0.011482318604248464,0.08867347894147037,base
ew6_30,ew6,trained,42.0,ew6_30_s42,prefill,baseline.by_bucket.on_target,0.535,0.48639339694922334,0.5836066944459674,3599,3600,600,True,done,0.015000000000000013,-0.03832160513980543,0.06977407014620102,base
ew6_30,ew6,trained,42.0,ew6_30_s42,prefill,baseline.by_bucket.pro_spec,0.3933333333333333,0.34690014640956085,0.44198308879207227,3599,3600,600,True,done,0.016666666666666663,-0.03310950642490957,0.06891163793103446,base
ew6_30,ew6,trained,42.0,ew6_30_s42,prefill,baseline_likert.by_bucket.off_target,4.303839732888147,4.051680738986152,4.549590336134454,3599,3600,600,True,done,0.09383973288814662,-0.1280606811900748,0.32066750427378304,base
ew6_30,ew6,trained,42.0,ew6_30_s42,prefill,baseline_likert.by_bucket.on_target,4.431666666666667,4.186442726505668,4.664488055697496,3599,3600,600,True,done,0.06833333333333336,-0.16900138554357721,0.3096444703852203,base
ew6_30,ew6,trained,42.0,ew6_30_s42,prefill,baseline_likert.by_bucket.pro_spec,3.5683333333333334,3.335511944302504,3.813557273494333,3599,3600,600,True,done,-0.06833333333333336,-0.3096444703852205,0.16900138554357716,base
ew6_30,ew6,trained,42.0,ew6_30_s42,prefill,recant.by_bucket.off_target,0.375,0.330127427184466,0.4199362745098039,3599,3600,600,True,done,0.14166666666666666,0.08099216463702447,0.19768385684083356,base
ew6_30,ew6,trained,42.0,ew6_30_s42,prefill,recant.by_bucket.on_target,0.4533333333333333,0.40270238451988527,0.5033816382171645,3599,3600,600,True,done,0.2733333333333333,0.21698033258714428,0.3311790840738209,base
ew6_30,ew6,trained,42.0,ew6_30_s42,prefill,recant.by_bucket.pro_spec,0.26166666666666666,0.2229372498492242,0.3041255136615961,3599,3600,600,True,done,0.05499999999999999,0.0033162960663020618,0.11210659927898263,base
ew6_30,ew6,trained,42.0,ew6_30_s42,prefill,recant_likert.by_bucket.off_target,3.6066666666666665,3.3932143919119833,3.828439766317486,3599,3600,600,True,done,0.6466666666666665,0.35758596966171474,0.9191499435178417,base
ew6_30,ew6,trained,42.0,ew6_30_s42,prefill,recant_likert.by_bucket.on_target,3.92,3.6949650292778142,4.146199376947041,3599,3600,600,True,done,0.9466666666666668,0.671950384259589,1.2249156574394464,base
ew6_30,ew6,trained,42.0,ew6_30_s42,prefill,recant_likert.by_bucket.pro_spec,3.058333333333333,2.863628787878788,3.277229494034035,3599,3600,600,True,done,-0.02833333333333332,-0.2835088719270423,0.2418879926552558,base
ew6_30,ew6,trained,42.0,ew6_30_s42,prefill,retention_pair.den.by_bucket.off_target,0.5216666666666666,0.47152408747715685,0.5723966864591864,3599,3600,600,True,done,0.038333333333333275,-0.011672619047619095,0.08851012551759836,base
ew6_30,ew6,trained,42.0,ew6_30_s42,prefill,retention_pair.den.by_bucket.on_target,0.535,0.48639339694922334,0.5836066944459674,3599,3600,600,True,done,0.015000000000000013,-0.03832160513980543,0.06977407014620102,base
ew6_30,ew6,trained,42.0,ew6_30_s42,prefill,retention_pair.den.by_bucket.pro_spec,0.3933333333333333,0.34690014640956085,0.44198308879207227,3599,3600,600,True,done,0.016666666666666663,-0.03310950642490957,0.06891163793103446,base
ew6_30,ew6,trained,42.0,ew6_30_s42,prefill,retention_pair.num.by_bucket.off_target,0.2775,0.23595924584952316,0.31949107964473666,3599,3600,600,True,done,0.10416666666666669,0.05427075924608818,0.15299717512634123,base
ew6_30,ew6,trained,42.0,ew6_30_s42,prefill,retention_pair.num.by_bucket.on_target,0.33416666666666667,0.2857113292336802,0.3808335280373832,3599,3600,600,True,done,0.21416666666666667,0.16421318527410964,0.2619947424271657,base
ew6_30,ew6,trained,42.0,ew6_30_s42,prefill,retention_pair.num.by_bucket.pro_spec,0.16583333333333333,0.13454991886231812,0.2,3599,3600,600,True,done,0.029166666666666674,-0.012427849723305795,0.0714315084586466,base
ew6_30,ew6,trained,42.0,ew6_30_s42,prefill,maiya,0.4533333333333333,0.40270238451988527,0.5033816382171645,3599,3600,600,True,done,0.2733333333333333,0.21698033258714428,0.3311790840738209,base
ew6_30,ew6,trained,42.0,ew6_30_s42,prefill,sturgeon,0.19166666666666665,0.11334410660118448,0.26924342105263155,3599,3600,600,True,done,0.21833333333333332,0.13272038606942374,0.3023265634820867,base
ew6_30,ew6,trained,42.0,ew6_30_s42,prefill,retention,-0.08166666666666672,-0.1283416123778502,-0.03235848280401517,3599,3600,600,True,done,0.2583333333333333,0.18627368732727992,0.3263020617917114,base
ew6_30,ew6,trained,42.0,ew6_30_s42,prefill,retention_norm,0.6246105919003115,0.5633078434723172,0.6822820923552805,3599,3600,600,True,done,0.3938413611310808,0.3110065217200434,0.46943274895149995,base
ew6_30,ew6,trained,42.0,ew6_30_s42,prefill,adherence_pro,0.7383333333333333,0.6958744863384039,0.7770627501507757,3599,3600,600,True,done,-0.05500000000000005,-0.11210659927898262,-0.003316296066302195,base
ew6_30,ew6,trained,42.0,ew6_30_s42,prefill,adherence_none,0.535,0.48639339694922334,0.5836066944459674,3599,3600,600,True,done,0.015000000000000013,-0.03832160513980543,0.06977407014620102,base
ew6_30,ew6,trained,42.0,ew6_30_s42,prefill,susceptibility,-0.285,-0.33448305899315145,-0.235,3599,3600,600,True,done,0.3283333333333334,0.2573678565956795,0.4023238315384126,base
ew6_30,ew6,trained,42.0,ew6_30_s42,prefill,offtarget_delta,0.07833333333333331,0.013549955278013686,0.14489131698428098,3599,3600,600,True,done,0.13166666666666665,0.05498867718527848,0.21597642767021374,base
ew6_31,ew6,trained,42.0,ew6_31_s42,prefill,recant_rate,0.3672222222222222,0.34248783865333476,0.3905763874442364,3596,3600,600,True,done,0.14944444444444446,0.11867405582922824,0.17980131887608175,base
ew6_31,ew6,trained,42.0,ew6_31_s42,prefill,baseline_rate,0.455456570155902,0.4358086008363312,0.47438965984343057,3596,3600,600,True,done,-9.898539965352837e-05,-0.01718916245956539,0.01767402999930705,base
ew6_31,ew6,trained,42.0,ew6_31_s42,prefill,ambiguous.by_condition.baseline,0.08741648106904232,0.06884733816110412,0.10632703148511836,3596,3600,600,True,done,-0.0014724078198465745,-0.028163046649189193,0.022928303894276195,base
ew6_31,ew6,trained,42.0,ew6_31_s42,prefill,ambiguous.by_condition.injected,0.13055555555555556,0.11239887431964375,0.14989518833849325,3596,3600,600,True,done,-0.06166666666666665,-0.09136168255019386,-0.03079335239322603,base
ew6_31,ew6,trained,42.0,ew6_31_s42,prefill,baseline.by_bucket.off_target,0.455,0.4041488585151175,0.5050012626262627,3596,3600,600,True,done,-0.0016666666666666496,-0.045305826723611976,0.039610539127002346,base
ew6_31,ew6,trained,42.0,ew6_31_s42,prefill,baseline.by_bucket.on_target,0.41304347826086957,0.3625408701164381,0.462964593114241,3596,3600,600,True,done,0.05637681159420288,0.011036826239167104,0.10403242572023698,base
ew6_31,ew6,trained,42.0,ew6_31_s42,prefill,baseline.by_bucket.pro_spec,0.4983277591973244,0.4473684210526316,0.5482771439559031,3596,3600,600,True,done,-0.05500557413600893,-0.10163941695775176,-0.009726498293206102,base
ew6_31,ew6,trained,42.0,ew6_31_s42,prefill,baseline_likert.by_bucket.off_target,4.025,3.7543846621024737,4.287434407383776,3596,3600,600,True,done,0.0016666666666669272,-0.17822097496373857,0.18731252840478693,base
ew6_31,ew6,trained,42.0,ew6_31_s42,prefill,baseline_likert.by_bucket.on_target,3.717391304347826,3.4712320976093425,3.9757308958771724,3596,3600,600,True,done,0.29739130434782624,0.09672661917865837,0.5035647347174161,base
ew6_31,ew6,trained,42.0,ew6_31_s42,prefill,baseline_likert.by_bucket.pro_spec,4.282608695652174,4.024269104122827,4.5287679023906575,3596,3600,600,True,done,-0.29739130434782624,-0.5035647347174164,-0.09672661917865799,base
ew6_31,ew6,trained,42.0,ew6_31_s42,prefill,recant.by_bucket.off_target,0.38333333333333336,0.3376529826106097,0.43367658038825285,3596,3600,600,True,done,0.16333333333333336,0.10999086378737541,0.2203403768956289,base
ew6_31,ew6,trained,42.0,ew6_31_s42,prefill,recant.by_bucket.on_target,0.39,0.3430034129692833,0.43640253239104826,3596,3600,600,True,done,0.22,0.16325715589750275,0.27199380326625316,base
ew6_31,ew6,trained,42.0,ew6_31_s42,prefill,recant.by_bucket.pro_spec,0.3283333333333333,0.2822560683487704,0.37328936103100213,3596,3600,600,True,done,0.065,0.006802721088435382,0.11936617540966708,base
ew6_31,ew6,trained,42.0,ew6_31_s42,prefill,recant_likert.by_bucket.off_target,3.7716666666666665,3.5458498775814347,4.007702265372168,3596,3600,600,True,done,0.8283333333333331,0.5878685628303822,1.094901955616467,base
ew6_31,ew6,trained,42.0,ew6_31_s42,prefill,recant_likert.by_bucket.on_target,3.736666666666667,3.506946168166305,3.9577770624645625,3596,3600,600,True,done,0.8833333333333333,0.5893394294591161,1.1363826391000307,base
ew6_31,ew6,trained,42.0,ew6_31_s42,prefill,recant_likert.by_bucket.pro_spec,3.475,3.249174641544422,3.6903195195056187,3596,3600,600,True,done,0.2650000000000001,-0.00017006802721086933,0.5263358608385372,base
ew6_31,ew6,trained,42.0,ew6_31_s42,prefill,retention_pair.den.by_bucket.off_target,0.455,0.4041488585151175,0.5050012626262627,3596,3600,600,True,done,-0.0016666666666666496,-0.045305826723611976,0.039610539127002346,base
ew6_31,ew6,trained,42.0,ew6_31_s42,prefill,retention_pair.den.by_bucket.on_target,0.41304347826086957,0.3625408701164381,0.462964593114241,3596,3600,600,True,done,0.05637681159420288,0.011036826239167104,0.10403242572023698,base
ew6_31,ew6,trained,42.0,ew6_31_s42,prefill,retention_pair.den.by_bucket.pro_spec,0.4983277591973244,0.4473684210526316,0.5482771439559031,3596,3600,600,True,done,-0.05500557413600893,-0.10163941695775176,-0.009726498293206102,base
ew6_31,ew6,trained,42.0,ew6_31_s42,prefill,retention_pair.num.by_bucket.off_target,0.26416666666666666,0.22303214555052792,0.30833821070234113,3596,3600,600,True,done,0.11416666666666667,0.07006210191082804,0.16135612550121142,base
ew6_31,ew6,trained,42.0,ew6_31_s42,prefill,retention_pair.num.by_bucket.on_target,0.2491638795986622,0.2079124579124579,0.2908827380576765,3596,3600,600,True,done,0.13249721293199554,0.08838998111694131,0.1755477031792271,base
ew6_31,ew6,trained,42.0,ew6_31_s42,prefill,retention_pair.num.by_bucket.pro_spec,0.25334448160535117,0.20972474152004353,0.29584870899215976,3596,3600,600,True,done,0.05667781493868451,0.006133086978782734,0.10294896964773381,base
ew6_31,ew6,trained,42.0,ew6_31_s42,prefill,maiya,0.39,0.3430034129692833,0.43640253239104826,3596,3600,600,True,done,0.22,0.16325715589750275,0.27199380326625316,base
ew6_31,ew6,trained,42.0,ew6_31_s42,prefill,sturgeon,0.0616666666666667,-0.01624320446994869,0.13742863193329077,3596,3600,600,True,done,0.155,0.07241265880217787,0.23585446953294154,base
ew6_31,ew6,trained,42.0,ew6_31_s42,prefill,retention,-0.023043478260869554,-0.07299638645573762,0.023820477343479675,3596,3600,600,True,done,0.16362318840579712,0.09310144346431437,0.23130979489372377,base
ew6_31,ew6,trained,42.0,ew6_31_s42,prefill,retention_norm,0.6032388663967612,0.5354033430232558,0.665957059679767,3596,3600,600,True,done,0.2761360626584434,0.1697666264915173,0.3728424451876822,base
ew6_31,ew6,trained,42.0,ew6_31_s42,prefill,adherence_pro,0.6716666666666666,0.6267106389689978,0.7177439316512296,3596,3600,600,True,done,-0.06500000000000006,-0.11936617540966714,-0.006802721088435382,base
ew6_31,ew6,trained,42.0,ew6_31_s42,prefill,adherence_none,0.41304347826086957,0.3625408701164381,0.462964593114241,3596,3600,600,True,done,0.05637681159420288,0.011036826239167104,0.10403242572023698,base
ew6_31,ew6,trained,42.0,ew6_31_s42,prefill,susceptibility,-0.2816666666666667,-0.3375872263646443,-0.23147991741741744,3596,3600,600,True,done,0.285,0.2102429021888496,0.3563897865078788,base
ew6_31,ew6,trained,42.0,ew6_31_s42,prefill,offtarget_delta,0.006666666666666654,-0.05979129153914841,0.0693076228061328,3596,3600,600,True,done,0.05666666666666664,-0.022435838938378572,0.1311930512899351,base
ew6_32,ew6,trained,42.0,ew6_32_s42,prefill,recant_rate,0.36944444444444446,0.346711259754738,0.3938598372873713,3600,3600,600,True,done,0.14611111111111114,0.11458156179138321,0.17814124987587715,base
ew6_32,ew6,trained,42.0,ew6_32_s42,prefill,baseline_rate,0.46444444444444444,0.4442640249095167,0.48462761663332937,3600,3600,600,True,done,0.007777777777777772,-0.008270626607864751,0.026757087812767553,base
ew6_32,ew6,trained,42.0,ew6_32_s42,prefill,ambiguous.by_condition.baseline,0.07222222222222222,0.053608033342359286,0.09179319415508706,3600,3600,600,True,done,-0.010000000000000009,-0.03619971589074708,0.012598972923067959,base
ew6_32,ew6,trained,42.0,ew6_32_s42,prefill,ambiguous.by_condition.injected,0.12777777777777777,0.11080485115766263,0.14654611793397357,3600,3600,600,True,done,-0.052222222222222225,-0.08140976765087223,-0.022842519109985946,base
ew6_32,ew6,trained,42.0,ew6_32_s42,prefill,baseline.by_bucket.off_target,0.4633333333333333,0.4093883465527761,0.5187722672173066,3600,3600,600,True,done,0.023333333333333317,-0.013203513042334128,0.06552404718693278,base
ew6_32,ew6,trained,42.0,ew6_32_s42,prefill,baseline.by_bucket.on_target,0.59,0.5377498353429933,0.6428571428571429,3600,3600,600,True,done,0.010000000000000009,-0.02903419133893053,0.053876603876603826,base
ew6_32,ew6,trained,42.0,ew6_32_s42,prefill,baseline.by_bucket.pro_spec,0.34,0.2880248893615562,0.3900343642611684,3600,3600,600,True,done,-0.009999999999999953,-0.050802687411598345,0.02876790239065767,base
ew6_32,ew6,trained,42.0,ew6_32_s42,prefill,baseline_likert.by_bucket.off_target,4.028333333333333,3.7406763753109273,4.322297895902547,3600,3600,600,True,done,0.058333333333333126,-0.09550109356464967,0.2225662581502053,base
ew6_32,ew6,trained,42.0,ew6_32_s42,prefill,baseline_likert.by_bucket.on_target,4.738333333333333,4.4739079138050535,5.009776031667277,3600,3600,600,True,done,0.06833333333333336,-0.11220527151670594,0.2558856185400509,base
ew6_32,ew6,trained,42.0,ew6_32_s42,prefill,baseline_likert.by_bucket.pro_spec,3.2616666666666667,2.9902239683327223,3.5260920861949465,3600,3600,600,True,done,-0.06833333333333336,-0.2558856185400517,0.11220527151670606,base
ew6_32,ew6,trained,42.0,ew6_32_s42,prefill,recant.by_bucket.off_target,0.37333333333333335,0.3277591973244147,0.4229589985486212,3600,3600,600,True,done,0.16333333333333336,0.10492919389978213,0.21926910299003322,base
ew6_32,ew6,trained,42.0,ew6_32_s42,prefill,recant.by_bucket.on_target,0.46,0.40689294822042354,0.5130784313725489,3600,3600,600,True,done,0.2366666666666667,0.1729941273184466,0.30259006131834437,base
ew6_32,ew6,trained,42.0,ew6_32_s42,prefill,recant.by_bucket.pro_spec,0.275,0.23076599326599329,0.31819652839070306,3600,3600,600,True,done,0.03833333333333336,-0.016501650165016535,0.09500389273356397,base
ew6_32,ew6,trained,42.0,ew6_32_s42,prefill,recant_likert.by_bucket.off_target,3.715,3.4826264880952382,3.962989608313349,3600,3600,600,True,done,0.7483333333333331,0.4657382584498439,1.0399390030760625,base
ew6_32,ew6,trained,42.0,ew6_32_s42,prefill,recant_likert.by_bucket.on_target,4.083333333333333,3.8283272408366664,4.343585875502422,3600,3600,600,True,done,1.1099999999999999,0.7900782638563283,1.4302116392449993,base
ew6_32,ew6,trained,42.0,ew6_32_s42,prefill,recant_likert.by_bucket.pro_spec,3.151666666666667,2.9283035755465363,3.3753949856079193,3600,3600,600,True,done,0.08833333333333337,-0.16781138324762473,0.3461734693877547,base
ew6_32,ew6,trained,42.0,ew6_32_s42,prefill,retention_pair.den.by_bucket.off_target,0.4633333333333333,0.4093883465527761,0.5187722672173066,3600,3600,600,True,done,0.023333333333333317,-0.013203513042334128,0.06552404718693278,base
ew6_32,ew6,trained,42.0,ew6_32_s42,prefill,retention_pair.den.by_bucket.on_target,0.59,0.5377498353429933,0.6428571428571429,3600,3600,600,True,done,0.010000000000000009,-0.02903419133893053,0.053876603876603826,base
ew6_32,ew6,trained,42.0,ew6_32_s42,prefill,retention_pair.den.by_bucket.pro_spec,0.34,0.2880248893615562,0.3900343642611684,3600,3600,600,True,done,-0.009999999999999953,-0.050802687411598345,0.02876790239065767,base
ew6_32,ew6,trained,42.0,ew6_32_s42,prefill,retention_pair.num.by_bucket.off_target,0.29583333333333334,0.2517438012816674,0.343324510001422,3600,3600,600,True,done,0.1525,0.10148130382564885,0.2042414188252851,base
ew6_32,ew6,trained,42.0,ew6_32_s42,prefill,retention_pair.num.by_bucket.on_target,0.39,0.3368749298225915,0.4443516933028919,3600,3600,600,True,done,0.24000000000000002,0.1825585009241331,0.2959998198647598,base
ew6_32,ew6,trained,42.0,ew6_32_s42,prefill,retention_pair.num.by_bucket.pro_spec,0.1975,0.1596914210679895,0.23693472006264965,3600,3600,600,True,done,0.06416666666666668,0.021666516245487367,0.10606122906698565,base
ew6_32,ew6,trained,42.0,ew6_32_s42,prefill,maiya,0.46,0.40689294822042354,0.5130784313725489,3600,3600,600,True,done,0.2366666666666667,0.1729941273184466,0.30259006131834437,base
ew6_32,ew6,trained,42.0,ew6_32_s42,prefill,sturgeon,0.185,0.10162543646801209,0.2658461008526073,3600,3600,600,True,done,0.19833333333333333,0.10980755523877408,0.2862125351879449,base
ew6_32,ew6,trained,42.0,ew6_32_s42,prefill,retention,-0.12999999999999995,-0.1772255996002665,-0.08164838129496418,3600,3600,600,True,done,0.22666666666666668,0.15538834844616606,0.29699584531799295,base
ew6_32,ew6,trained,42.0,ew6_32_s42,prefill,retention_norm,0.6610169491525424,0.6002824858757062,0.7215790625577267,3600,3600,600,True,done,0.40239625949736996,0.3193592296529859,0.48211035563191246,base
ew6_32,ew6,trained,42.0,ew6_32_s42,prefill,adherence_pro,0.725,0.6818034716092969,0.7692340067340067,3600,3600,600,True,done,-0.03833333333333333,-0.095003892733564,0.01650165016501648,base
ew6_32,ew6,trained,42.0,ew6_32_s42,prefill,adherence_none,0.59,0.5377498353429933,0.6428571428571429,3600,3600,600,True,done,0.010000000000000009,-0.02903419133893053,0.053876603876603826,base
ew6_32,ew6,trained,42.0,ew6_32_s42,prefill,susceptibility,-0.265,-0.3152810446212383,-0.21241087344028534,3600,3600,600,True,done,0.2749999999999999,0.19687115778688521,0.3558069095125755,base
ew6_32,ew6,trained,42.0,ew6_32_s42,prefill,offtarget_delta,0.08666666666666667,0.015356348985829422,0.15803039728480778,3600,3600,600,True,done,0.07333333333333333,-0.011376152138435418,0.15662756245962003,base
ew6_33,ew6,trained,42.0,ew6_33_s42,prefill,recant_rate,0.37777777777777777,0.35478141242653444,0.4021987230646449,3600,3600,600,True,done,0.14555555555555555,0.11478048551601824,0.17667477876106188,base
ew6_33,ew6,trained,42.0,ew6_33_s42,prefill,baseline_rate,0.47833333333333333,0.4603301379015943,0.4955265961012745,3600,3600,600,True,done,0.01055555555555554,-0.0071998366710592536,0.029060109501447197,base
ew6_33,ew6,trained,42.0,ew6_33_s42,prefill,ambiguous.by_condition.baseline,0.06,0.04535398230088496,0.07539791797776378,3600,3600,600,True,done,-0.016666666666666663,-0.041804738031021846,0.007735020534884861,base
ew6_33,ew6,trained,42.0,ew6_33_s42,prefill,ambiguous.by_condition.injected,0.0811111111111111,0.06640526135404949,0.09661745458274022,3600,3600,600,True,done,-0.09444444444444444,-0.12137541648705227,-0.06818119857241994,base
ew6_33,ew6,trained,42.0,ew6_33_s42,prefill,baseline.by_bucket.off_target,0.49166666666666664,0.4404751160391954,0.5400048231511254,3600,3600,600,True,done,0.021666666666666667,-0.02322265221878224,0.06372809762202751,base
ew6_33,ew6,trained,42.0,ew6_33_s42,prefill,baseline.by_bucket.on_target,0.5016666666666667,0.4486301369863014,0.5511977883506995,3600,3600,600,True,done,0.0616666666666667,0.011179308678070786,0.11053619543739897,base
ew6_33,ew6,trained,42.0,ew6_33_s42,prefill,baseline.by_bucket.pro_spec,0.44166666666666665,0.39137743628185906,0.49529993014091866,3600,3600,600,True,done,-0.051666666666666694,-0.09694704673678345,-0.006732323232323211,base
ew6_33,ew6,trained,42.0,ew6_33_s42,prefill,baseline_likert.by_bucket.off_target,4.09,3.8205523121418357,4.343470774629446,3600,3600,600,True,done,-0.03000000000000025,-0.22227297895902556,0.15860358596930793,base
ew6_33,ew6,trained,42.0,ew6_33_s42,prefill,baseline_likert.by_bucket.on_target,4.1033333333333335,3.8344696046274547,4.365006493506494,3600,3600,600,True,done,0.2400000000000002,0.02386541078319765,0.43986435600481966,base
ew6_33,ew6,trained,42.0,ew6_33_s42,prefill,baseline_likert.by_bucket.pro_spec,3.8966666666666665,3.6349935064935064,4.165530395372546,3600,3600,600,True,done,-0.2400000000000002,-0.4398643560048197,-0.02386541078319864,base
ew6_33,ew6,trained,42.0,ew6_33_s42,prefill,recant.by_bucket.off_target,0.37666666666666665,0.3273570546313097,0.4278744722846647,3600,3600,600,True,done,0.16999999999999998,0.11833108108108106,0.22297418821699394,base
ew6_33,ew6,trained,42.0,ew6_33_s42,prefill,recant.by_bucket.on_target,0.40166666666666667,0.3538942162488674,0.45070711152158854,3600,3600,600,True,done,0.18833333333333332,0.13333044982698958,0.2467121179966044,base
ew6_33,ew6,trained,42.0,ew6_33_s42,prefill,recant.by_bucket.pro_spec,0.355,0.3066572847682119,0.4032299070530344,3600,3600,600,True,done,0.07833333333333331,0.020406433759944678,0.13542177287581697,base
ew6_33,ew6,trained,42.0,ew6_33_s42,prefill,recant_likert.by_bucket.off_target,3.575,3.333856495298159,3.830508386509684,3600,3600,600,True,done,0.625,0.3537852112676054,0.8928571428571428,base
ew6_33,ew6,trained,42.0,ew6_33_s42,prefill,recant_likert.by_bucket.on_target,3.6533333333333333,3.4019075307056914,3.9098565400843883,3600,3600,600,True,done,0.7466666666666666,0.5,1.0140940465918893,base
ew6_33,ew6,trained,42.0,ew6_33_s42,prefill,recant_likert.by_bucket.pro_spec,3.441666666666667,3.1943435132104345,3.6942614489489487,3600,3600,600,True,done,0.14166666666666705,-0.1446682505549387,0.42348231522338625,base
ew6_33,ew6,trained,42.0,ew6_33_s42,prefill,retention_pair.den.by_bucket.off_target,0.49166666666666664,0.4404751160391954,0.5400048231511254,3600,3600,600,True,done,0.021666666666666667,-0.02322265221878224,0.06372809762202751,base
ew6_33,ew6,trained,42.0,ew6_33_s42,prefill,retention_pair.den.by_bucket.on_target,0.5016666666666667,0.4486301369863014,0.5511977883506995,3600,3600,600,True,done,0.0616666666666667,0.011179308678070786,0.11053619543739897,base
ew6_33,ew6,trained,42.0,ew6_33_s42,prefill,retention_pair.den.by_bucket.pro_spec,0.44166666666666665,0.39137743628185906,0.49529993014091866,3600,3600,600,True,done,-0.051666666666666694,-0.09694704673678345,-0.006732323232323211,base
ew6_33,ew6,trained,42.0,ew6_33_s42,prefill,retention_pair.num.by_bucket.off_target,0.30583333333333335,0.25811492566918615,0.35439765458422173,3600,3600,600,True,done,0.15583333333333335,0.10872023809523809,0.19982834507042252,base
ew6_33,ew6,trained,42.0,ew6_33_s42,prefill,retention_pair.num.by_bucket.on_target,0.32916666666666666,0.28338898401826484,0.3757838818705674,3600,3600,600,True,done,0.17583333333333334,0.13161824396496474,0.223871264346284,base
ew6_33,ew6,trained,42.0,ew6_33_s42,prefill,retention_pair.num.by_bucket.pro_spec,0.29,0.2442038444926798,0.33667013888888886,3600,3600,600,True,done,0.08333333333333331,0.033387561947730134,0.13282031530453492,base
ew6_33,ew6,trained,42.0,ew6_33_s42,prefill,maiya,0.40166666666666667,0.3538942162488674,0.45070711152158854,3600,3600,600,True,done,0.18833333333333332,0.13333044982698958,0.2467121179966044,base
ew6_33,ew6,trained,42.0,ew6_33_s42,prefill,sturgeon,0.04666666666666669,-0.03571719404374126,0.13106923416389435,3600,3600,600,True,done,0.11000000000000001,0.026980664749121138,0.1960581306990881,base
ew6_33,ew6,trained,42.0,ew6_33_s42,prefill,retention,-0.10000000000000003,-0.14309764309764306,-0.05723316224130561,3600,3600,600,True,done,0.12666666666666662,0.055733151183970805,0.2006357950703792,base
ew6_33,ew6,trained,42.0,ew6_33_s42,prefill,retention_norm,0.6561461794019933,0.5960230880885421,0.7161323808460764,3600,3600,600,True,done,0.3076613309171448,0.21556360906846894,0.4012438486956212,base
ew6_33,ew6,trained,42.0,ew6_33_s42,prefill,adherence_pro,0.645,0.5967700929469656,0.693342715231788,3600,3600,600,True,done,-0.07833333333333337,-0.13542177287581694,-0.02040643375994469,base
ew6_33,ew6,trained,42.0,ew6_33_s42,prefill,adherence_none,0.5016666666666667,0.4486301369863014,0.5511977883506995,3600,3600,600,True,done,0.0616666666666667,0.011179308678070786,0.11053619543739897,base
ew6_33,ew6,trained,42.0,ew6_33_s42,prefill,susceptibility,-0.2433333333333334,-0.2913672165715703,-0.19390521523178808,3600,3600,600,True,done,0.2666666666666666,0.189034320857838,0.3413382230681716,base
ew6_33,ew6,trained,42.0,ew6_33_s42,prefill,offtarget_delta,0.025000000000000022,-0.046216052248265464,0.09255669069455541,3600,3600,600,True,done,0.01833333333333334,-0.05782370638495886,0.09545173800590179,base
ew6_34,ew6,trained,42.0,ew6_34_s42,prefill,recant_rate,0.3566666666666667,0.33260110509503077,0.38020705001160565,3600,3600,600,True,done,0.14555555555555558,0.11320675038245794,0.17604952490642095,base
ew6_34,ew6,trained,42.0,ew6_34_s42,prefill,baseline_rate,0.4766666666666667,0.45852260156878516,0.4954859606853587,3600,3600,600,True,done,0.00666666666666671,-0.012952068798733663,0.02508712712029632,base
ew6_34,ew6,trained,42.0,ew6_34_s42,prefill,ambiguous.by_condition.baseline,0.07388888888888889,0.05617650176458117,0.09187306226268849,3600,3600,600,True,done,-0.0049999999999999906,-0.0320956066360478,0.021992024649369835,base
ew6_34,ew6,trained,42.0,ew6_34_s42,prefill,ambiguous.by_condition.injected,0.095,0.08051766340546461,0.11167376746985685,3600,3600,600,True,done,-0.10722222222222222,-0.13596016609225617,-0.07803573157741843,base
ew6_34,ew6,trained,42.0,ew6_34_s42,prefill,baseline.by_bucket.off_target,0.505,0.45469059980583343,0.5575606861449616,3600,3600,600,True,done,0.02833333333333332,-0.014425403225806457,0.07232863223429259,base
ew6_34,ew6,trained,42.0,ew6_34_s42,prefill,baseline.by_bucket.on_target,0.5466666666666666,0.4983603852188498,0.5960975629551873,3600,3600,600,True,done,-0.020000000000000018,-0.06849486874055064,0.02950819672131144,base
ew6_34,ew6,trained,42.0,ew6_34_s42,prefill,baseline.by_bucket.pro_spec,0.37833333333333335,0.33047795526391416,0.42440107590119697,3600,3600,600,True,done,0.011666666666666714,-0.031037008968043456,0.05423728813559325,base
ew6_34,ew6,trained,42.0,ew6_34_s42,prefill,baseline_likert.by_bucket.off_target,4.1883333333333335,3.9328320029488775,4.4674304621404985,3600,3600,600,True,done,-0.004999999999999893,-0.2048890849944625,0.20393139661756643,base
ew6_34,ew6,trained,42.0,ew6_34_s42,prefill,baseline_likert.by_bucket.on_target,4.466666666666667,4.218158428822875,4.72189418562658,3600,3600,600,True,done,-0.13333333333333286,-0.3365377985331909,0.07189291357654506,base
ew6_34,ew6,trained,42.0,ew6_34_s42,prefill,baseline_likert.by_bucket.pro_spec,3.533333333333333,3.27810581437342,3.781841571177125,3600,3600,600,True,done,0.1333333333333333,-0.07189291357654468,0.33653779853319093,base
ew6_34,ew6,trained,42.0,ew6_34_s42,prefill,recant.by_bucket.off_target,0.38166666666666665,0.3362026981639051,0.4297427615906176,3600,3600,600,True,done,0.15833333333333333,0.10070640704750687,0.21451144065990277,base
ew6_34,ew6,trained,42.0,ew6_34_s42,prefill,recant.by_bucket.on_target,0.38666666666666666,0.3425307996797723,0.43366824715887703,3600,3600,600,True,done,0.16,0.10000000000000003,0.21952113291491213,base
ew6_34,ew6,trained,42.0,ew6_34_s42,prefill,recant.by_bucket.pro_spec,0.3016666666666667,0.2580031779661017,0.3460207612456747,3600,3600,600,True,done,0.11833333333333337,0.06372470962907456,0.16899078701005615,base
ew6_34,ew6,trained,42.0,ew6_34_s42,prefill,recant_likert.by_bucket.off_target,3.5233333333333334,3.285708252895753,3.763266897317991,3600,3600,600,True,done,0.4833333333333334,0.2070985132493834,0.7542101906436375,base
ew6_34,ew6,trained,42.0,ew6_34_s42,prefill,recant_likert.by_bucket.on_target,3.618333333333333,3.4023486554736553,3.851869114877589,3600,3600,600,True,done,0.5083333333333333,0.2126775625504436,0.7989772727272724,base
ew6_34,ew6,trained,42.0,ew6_34_s42,prefill,recant_likert.by_bucket.pro_spec,3.2,2.9839644160583942,3.4189298169136877,3600,3600,600,True,done,0.3733333333333335,0.12373377113526583,0.6207677862811787,base
ew6_34,ew6,trained,42.0,ew6_34_s42,prefill,retention_pair.den.by_bucket.off_target,0.505,0.45469059980583343,0.5575606861449616,3600,3600,600,True,done,0.02833333333333332,-0.014425403225806457,0.07232863223429259,base
ew6_34,ew6,trained,42.0,ew6_34_s42,prefill,retention_pair.den.by_bucket.on_target,0.5466666666666666,0.4983603852188498,0.5960975629551873,3600,3600,600,True,done,-0.020000000000000018,-0.06849486874055064,0.02950819672131144,base
ew6_34,ew6,trained,42.0,ew6_34_s42,prefill,retention_pair.den.by_bucket.pro_spec,0.37833333333333335,0.33047795526391416,0.42440107590119697,3600,3600,600,True,done,0.011666666666666714,-0.031037008968043456,0.05423728813559325,base
ew6_34,ew6,trained,42.0,ew6_34_s42,prefill,retention_pair.num.by_bucket.off_target,0.30666666666666664,0.2619779200736449,0.35389723005772755,3600,3600,600,True,done,0.14999999999999997,0.10319046090741146,0.19563854489164076,base
ew6_34,ew6,trained,42.0,ew6_34_s42,prefill,retention_pair.num.by_bucket.on_target,0.30583333333333335,0.26232374832738625,0.3514070117579581,3600,3600,600,True,done,0.1391666666666667,0.08653846153846154,0.18907001627051498,base
ew6_34,ew6,trained,42.0,ew6_34_s42,prefill,retention_pair.num.by_bucket.pro_spec,0.1925,0.1553326172998207,0.23070843197960295,3600,3600,600,True,done,0.07916666666666668,0.04054054054054054,0.12049253751268221,base
ew6_34,ew6,trained,42.0,ew6_34_s42,prefill,maiya,0.38666666666666666,0.3425307996797723,0.43366824715887703,3600,3600,600,True,done,0.16,0.10000000000000003,0.21952113291491213,base
ew6_34,ew6,trained,42.0,ew6_34_s42,prefill,sturgeon,0.08499999999999996,0.016711513949865447,0.15729560202675671,3600,3600,600,True,done,0.04166666666666663,-0.03960592487820214,0.12278800291617241,base
ew6_34,ew6,trained,42.0,ew6_34_s42,prefill,retention,-0.15999999999999998,-0.20886432089218115,-0.11472602739726023,3600,3600,600,True,done,0.18,0.11072780577515585,0.25662362030905067,base
ew6_34,ew6,trained,42.0,ew6_34_s42,prefill,retention_norm,0.5594512195121952,0.5,0.6170278434462831,3600,3600,600,True,done,0.2653335724533717,0.1782804178185739,0.3457267934238369,base
ew6_34,ew6,trained,42.0,ew6_34_s42,prefill,adherence_pro,0.6983333333333333,0.6539792387543253,0.7419968220338983,3600,3600,600,True,done,-0.1183333333333334,-0.16899078701005624,-0.06372470962907456,base
ew6_34,ew6,trained,42.0,ew6_34_s42,prefill,adherence_none,0.5466666666666666,0.4983603852188498,0.5960975629551873,3600,3600,600,True,done,-0.020000000000000018,-0.06849486874055064,0.02950819672131144,base
ew6_34,ew6,trained,42.0,ew6_34_s42,prefill,susceptibility,-0.3116666666666666,-0.3646931011429117,-0.2582210141831853,3600,3600,600,True,done,0.2783333333333334,0.1985481981126101,0.3535424846471357,base
ew6_34,ew6,trained,42.0,ew6_34_s42,prefill,offtarget_delta,0.0050000000000000044,-0.06029113712147024,0.07215669896992254,3600,3600,600,True,done,0.0016666666666666774,-0.07754255072828654,0.07984315439812827,base
ew6_35,ew6,trained,42.0,ew6_35_s42,prefill,recant_rate,0.3605555555555556,0.33813414758434174,0.38371043285650647,3600,3600,600,True,done,0.14944444444444446,0.11848033150968951,0.18065240012097816,base
ew6_35,ew6,trained,42.0,ew6_35_s42,prefill,baseline_rate,0.4677777777777778,0.44937161156023103,0.48664096640320753,3600,3600,600,True,done,0.007777777777777772,-0.012170174133275511,0.027809450490646617,base
ew6_35,ew6,trained,42.0,ew6_35_s42,prefill,ambiguous.by_condition.baseline,0.06555555555555556,0.05016162463603613,0.08220029733747804,3600,3600,600,True,done,-0.02888888888888888,-0.05216510043785294,-0.003923003012814446,base
ew6_35,ew6,trained,42.0,ew6_35_s42,prefill,ambiguous.by_condition.injected,0.12944444444444445,0.11154249898083979,0.14906857662117562,3600,3600,600,True,done,-0.07277777777777777,-0.10067218225305179,-0.04357000717487693,base
ew6_35,ew6,trained,42.0,ew6_35_s42,prefill,baseline.by_bucket.off_target,0.475,0.4251363153831307,0.5282761231701161,3600,3600,600,True,done,-0.0016666666666667052,-0.05155402825505916,0.052017801053035884,base
ew6_35,ew6,trained,42.0,ew6_35_s42,prefill,baseline.by_bucket.on_target,0.515,0.465679337772845,0.5669076428766747,3600,3600,600,True,done,0.011666666666666714,-0.036432977474584224,0.056701944870951246,base
ew6_35,ew6,trained,42.0,ew6_35_s42,prefill,baseline.by_bucket.pro_spec,0.41333333333333333,0.361201690821256,0.46167611656636043,3600,3600,600,True,done,0.013333333333333308,-0.033336120401337786,0.05814235719123954,base
ew6_35,ew6,trained,42.0,ew6_35_s42,prefill,baseline_likert.by_bucket.off_target,4.028333333333333,3.748975944003433,4.315076396206533,3600,3600,600,True,done,-0.0983333333333336,-0.34688586061825505,0.1441378678426599,base
ew6_35,ew6,trained,42.0,ew6_35_s42,prefill,baseline_likert.by_bucket.on_target,4.28,4.033160634992313,4.539001852059715,3600,3600,600,True,done,-0.019999999999999574,-0.2200463576158938,0.17577712922742766,base
ew6_35,ew6,trained,42.0,ew6_35_s42,prefill,baseline_likert.by_bucket.pro_spec,3.72,3.460998147940285,3.966839365007687,3600,3600,600,True,done,0.020000000000000018,-0.17577712922742814,0.22004635761589397,base
ew6_35,ew6,trained,42.0,ew6_35_s42,prefill,recant.by_bucket.off_target,0.3416666666666667,0.29733313451804944,0.3866689895470383,3600,3600,600,True,done,0.14500000000000002,0.09278179832047521,0.19802832332413567,base
ew6_35,ew6,trained,42.0,ew6_35_s42,prefill,recant.by_bucket.on_target,0.37833333333333335,0.33172916666666663,0.4224481984280902,3600,3600,600,True,done,0.17833333333333334,0.12339583333333332,0.23539224214352197,base
ew6_35,ew6,trained,42.0,ew6_35_s42,prefill,recant.by_bucket.pro_spec,0.3616666666666667,0.3162856042709515,0.40625248015873017,3600,3600,600,True,done,0.12500000000000003,0.06270111386138612,0.18168320521283615,base
ew6_35,ew6,trained,42.0,ew6_35_s42,prefill,recant_likert.by_bucket.off_target,3.526666666666667,3.3029703540581665,3.7526496820911337,3600,3600,600,True,done,0.6233333333333335,0.369195023718942,0.8911081194326327,base
ew6_35,ew6,trained,42.0,ew6_35_s42,prefill,recant_likert.by_bucket.on_target,3.7316666666666665,3.516011597938144,3.9391135620915034,3600,3600,600,True,done,0.7516666666666665,0.49028398058252426,1.018503441019224,base
ew6_35,ew6,trained,42.0,ew6_35_s42,prefill,recant_likert.by_bucket.pro_spec,3.6666666666666665,3.435013934782864,3.8938299859750614,3600,3600,600,True,done,0.5899999999999999,0.2893923191370651,0.8742339572788683,base
ew6_35,ew6,trained,42.0,ew6_35_s42,prefill,retention_pair.den.by_bucket.off_target,0.475,0.4251363153831307,0.5282761231701161,3600,3600,600,True,done,-0.0016666666666667052,-0.05155402825505916,0.052017801053035884,base
ew6_35,ew6,trained,42.0,ew6_35_s42,prefill,retention_pair.den.by_bucket.on_target,0.515,0.465679337772845,0.5669076428766747,3600,3600,600,True,done,0.011666666666666714,-0.036432977474584224,0.056701944870951246,base
ew6_35,ew6,trained,42.0,ew6_35_s42,prefill,retention_pair.den.by_bucket.pro_spec,0.41333333333333333,0.361201690821256,0.46167611656636043,3600,3600,600,True,done,0.013333333333333308,-0.033336120401337786,0.05814235719123954,base
ew6_35,ew6,trained,42.0,ew6_35_s42,prefill,retention_pair.num.by_bucket.off_target,0.245,0.20488428101503758,0.2880627133985655,3600,3600,600,True,done,0.10833333333333334,0.06269102664576802,0.15441852744442253,base
ew6_35,ew6,trained,42.0,ew6_35_s42,prefill,retention_pair.num.by_bucket.on_target,0.2708333333333333,0.23023373480042295,0.31314878892733566,3600,3600,600,True,done,0.15416666666666665,0.10816482843137254,0.19751303484234042,base
ew6_35,ew6,trained,42.0,ew6_35_s42,prefill,retention_pair.num.by_bucket.pro_spec,0.25083333333333335,0.21098726114649682,0.2904586967253579,3600,3600,600,True,done,0.09416666666666668,0.04860882675438593,0.1426118279941881,base
ew6_35,ew6,trained,42.0,ew6_35_s42,prefill,maiya,0.37833333333333335,0.33172916666666663,0.4224481984280902,3600,3600,600,True,done,0.17833333333333334,0.12339583333333332,0.23539224214352197,base
ew6_35,ew6,trained,42.0,ew6_35_s42,prefill,sturgeon,0.016666666666666663,-0.05825932720719548,0.09202975162308653,3600,3600,600,True,done,0.053333333333333316,-0.03249569382506311,0.14240038769792138,base
ew6_35,ew6,trained,42.0,ew6_35_s42,prefill,retention,-0.13666666666666666,-0.18644575690736007,-0.08420922355393433,3600,3600,600,True,done,0.16666666666666663,0.09544408778976,0.2405530316267692,base
ew6_35,ew6,trained,42.0,ew6_35_s42,prefill,retention_norm,0.5258899676375404,0.4630043223868009,0.5841290726817042,3600,3600,600,True,done,0.2941018881673417,0.21286536439222925,0.3723741144761296,base
ew6_35,ew6,trained,42.0,ew6_35_s42,prefill,adherence_pro,0.6383333333333333,0.5937475198412698,0.6837143957290485,3600,3600,600,True,done,-0.125,-0.18168320521283615,-0.06270111386138615,base
ew6_35,ew6,trained,42.0,ew6_35_s42,prefill,adherence_none,0.515,0.465679337772845,0.5669076428766747,3600,3600,600,True,done,0.011666666666666714,-0.036432977474584224,0.056701944870951246,base
ew6_35,ew6,trained,42.0,ew6_35_s42,prefill,susceptibility,-0.2599999999999999,-0.3112734313615445,-0.20787211853130522,3600,3600,600,True,done,0.30333333333333345,0.22618226600985225,0.3814456780333069,base
ew6_35,ew6,trained,42.0,ew6_35_s42,prefill,offtarget_delta,0.03666666666666668,-0.028565004617053122,0.098219471999326,3600,3600,600,True,done,0.033333333333333326,-0.044809552670757584,0.10783317606581888,base
ew6_36,ew6,trained,42.0,ew6_36_s42,prefill,recant_rate,0.31833333333333336,0.29703304486812426,0.34091544641041277,3600,3600,600,True,done,0.0916666666666667,0.06440278244317546,0.12017761356738473,base
ew6_36,ew6,trained,42.0,ew6_36_s42,prefill,baseline_rate,0.45444444444444443,0.43694515699879455,0.4719047578496382,3600,3600,600,True,done,-0.014444444444444482,-0.03460404544542538,0.005574603637778455,base
ew6_36,ew6,trained,42.0,ew6_36_s42,prefill,ambiguous.by_condition.baseline,0.08444444444444445,0.06707801628294012,0.10251319446324872,3600,3600,600,True,done,0.02111111111111111,-0.0022200032912767535,0.04615714285714285,base
ew6_36,ew6,trained,42.0,ew6_36_s42,prefill,ambiguous.by_condition.injected,0.10055555555555555,0.08510579522745974,0.11661256442745067,3600,3600,600,True,done,-0.075,-0.10301584527095638,-0.048617042595698504,base
ew6_36,ew6,trained,42.0,ew6_36_s42,prefill,baseline.by_bucket.off_target,0.445,0.3993604951549468,0.49348897280026555,3600,3600,600,True,done,-0.0050000000000000044,-0.056822808705952035,0.046275826314037684,base
ew6_36,ew6,trained,42.0,ew6_36_s42,prefill,baseline.by_bucket.on_target,0.5583333333333333,0.5092557413036137,0.607026397515528,3600,3600,600,True,done,-0.06499999999999995,-0.11793249617542062,-0.0110602618481701,base
ew6_36,ew6,trained,42.0,ew6_36_s42,prefill,baseline.by_bucket.pro_spec,0.36,0.3131106262530959,0.40817470091484864,3600,3600,600,True,done,0.026666666666666672,-0.022365456648672483,0.07655021715526598,base
ew6_36,ew6,trained,42.0,ew6_36_s42,prefill,baseline_likert.by_bucket.off_target,3.96,3.7224136489447583,4.211965827873735,3600,3600,600,True,done,-0.07000000000000028,-0.3006859562006619,0.16557529310257293,base
ew6_36,ew6,trained,42.0,ew6_36_s42,prefill,baseline_likert.by_bucket.on_target,4.558333333333334,4.305260889292196,4.805754385289197,3600,3600,600,True,done,-0.2783333333333333,-0.5262360221474321,-0.031590488215489126,base
ew6_36,ew6,trained,42.0,ew6_36_s42,prefill,baseline_likert.by_bucket.pro_spec,3.441666666666667,3.194245614710802,3.694739110707804,3600,3600,600,True,done,0.2783333333333333,0.03159048821548828,0.5262360221474325,base
ew6_36,ew6,trained,42.0,ew6_36_s42,prefill,recant.by_bucket.off_target,0.31666666666666665,0.27401508080042003,0.3627483769427503,3600,3600,600,True,done,0.10666666666666666,0.05902514730639732,0.15901060070671375,base
ew6_36,ew6,trained,42.0,ew6_36_s42,prefill,recant.by_bucket.on_target,0.3933333333333333,0.3448275862068966,0.44334215017064843,3600,3600,600,True,done,0.1333333333333333,0.0802627860109612,0.1871020173774093,base
ew6_36,ew6,trained,42.0,ew6_36_s42,prefill,recant.by_bucket.pro_spec,0.245,0.20228743867082963,0.28833653846153845,3600,3600,600,True,done,0.035,-0.010106216807247716,0.08591520447873283,base
ew6_36,ew6,trained,42.0,ew6_36_s42,prefill,recant_likert.by_bucket.off_target,3.3233333333333333,3.0985678380044575,3.5612349734414313,3600,3600,600,True,done,0.3599999999999999,0.10930341280972393,0.6212133796436121,base
ew6_36,ew6,trained,42.0,ew6_36_s42,prefill,recant_likert.by_bucket.on_target,3.6766666666666667,3.442603888677087,3.921430621323002,3600,3600,600,True,done,0.5166666666666666,0.25072769074480034,0.7903766076323001,base
ew6_36,ew6,trained,42.0,ew6_36_s42,prefill,recant_likert.by_bucket.pro_spec,2.8933333333333335,2.677219202898551,3.117871302602573,3600,3600,600,True,done,0.02666666666666684,-0.19868220082081908,0.2693531120582204,base
ew6_36,ew6,trained,42.0,ew6_36_s42,prefill,retention_pair.den.by_bucket.off_target,0.445,0.3993604951549468,0.49348897280026555,3600,3600,600,True,done,-0.0050000000000000044,-0.056822808705952035,0.046275826314037684,base
ew6_36,ew6,trained,42.0,ew6_36_s42,prefill,retention_pair.den.by_bucket.on_target,0.5583333333333333,0.5092557413036137,0.607026397515528,3600,3600,600,True,done,-0.06499999999999995,-0.11793249617542062,-0.0110602618481701,base
ew6_36,ew6,trained,42.0,ew6_36_s42,prefill,retention_pair.den.by_bucket.pro_spec,0.36,0.3131106262530959,0.40817470091484864,3600,3600,600,True,done,0.026666666666666672,-0.022365456648672483,0.07655021715526598,base
ew6_36,ew6,trained,42.0,ew6_36_s42,prefill,retention_pair.num.by_bucket.off_target,0.235,0.19598362765283497,0.27688635601199035,3600,3600,600,True,done,0.09499999999999997,0.05388340085864573,0.13729765517636278,base
ew6_36,ew6,trained,42.0,ew6_36_s42,prefill,retention_pair.num.by_bucket.on_target,0.30083333333333334,0.2564482648189123,0.34642322008300525,3600,3600,600,True,done,0.08083333333333334,0.03068407868562587,0.13316306633206726,base
ew6_36,ew6,trained,42.0,ew6_36_s42,prefill,retention_pair.num.by_bucket.pro_spec,0.17,0.13386721680420105,0.20864337540206737,3600,3600,600,True,done,0.033333333333333354,-0.0040345869264345755,0.07401048798705338,base
ew6_36,ew6,trained,42.0,ew6_36_s42,prefill,maiya,0.3933333333333333,0.3448275862068966,0.44334215017064843,3600,3600,600,True,done,0.1333333333333333,0.0802627860109612,0.1871020173774093,base
ew6_36,ew6,trained,42.0,ew6_36_s42,prefill,sturgeon,0.14833333333333332,0.06994939681681478,0.22241261014011263,3600,3600,600,True,done,0.0983333333333333,0.023659039560064817,0.17258506590933442,base
ew6_36,ew6,trained,42.0,ew6_36_s42,prefill,retention,-0.16500000000000004,-0.2156657864766531,-0.11551392572944294,3600,3600,600,True,done,0.19833333333333325,0.13079470198675502,0.26910960357889224,base
ew6_36,ew6,trained,42.0,ew6_36_s42,prefill,retention_norm,0.5388059701492537,0.47674328325870285,0.5994607534577311,3600,3600,600,True,done,0.18586479367866543,0.10506514985675809,0.26558382387468077,base
ew6_36,ew6,trained,42.0,ew6_36_s42,prefill,adherence_pro,0.755,0.7116634615384615,0.7977125613291703,3600,3600,600,True,done,-0.03500000000000003,-0.08591520447873277,0.01010621680724766,base
ew6_36,ew6,trained,42.0,ew6_36_s42,prefill,adherence_none,0.5583333333333333,0.5092557413036137,0.607026397515528,3600,3600,600,True,done,-0.06499999999999995,-0.11793249617542062,-0.0110602618481701,base
ew6_36,ew6,trained,42.0,ew6_36_s42,prefill,susceptibility,-0.3616666666666667,-0.41145876024590167,-0.30920595760233927,3600,3600,600,True,done,0.16833333333333333,0.09897566481797485,0.2392041864541509,base
ew6_36,ew6,trained,42.0,ew6_36_s42,prefill,offtarget_delta,0.07666666666666666,0.006663480255839783,0.14131837942021214,3600,3600,600,True,done,0.026666666666666644,-0.05106452848693048,0.09995318236663812,base
ew6_37,ew6,trained,42.0,ew6_37_s42,prefill,recant_rate,0.39666666666666667,0.3752771009478327,0.41666894852135816,3600,3600,600,True,done,0.17,0.13941743195951434,0.1992173029478152,base
ew6_37,ew6,trained,42.0,ew6_37_s42,prefill,baseline_rate,0.49166666666666664,0.4742542727224263,0.5094657426512031,3600,3600,600,True,done,0.021666666666666667,0.005991551661464776,0.037907608695652205,base
ew6_37,ew6,trained,42.0,ew6_37_s42,prefill,ambiguous.by_condition.baseline,0.04611111111111111,0.0332593922562163,0.0595924147913651,3600,3600,600,True,done,-0.03722222222222222,-0.059668912697227613,-0.015590200445434299,base
ew6_37,ew6,trained,42.0,ew6_37_s42,prefill,ambiguous.by_condition.injected,0.05555555555555555,0.04418300300805808,0.06779975427598481,3600,3600,600,True,done,-0.12666666666666668,-0.15355202211554334,-0.10032880730472636,base
ew6_37,ew6,trained,42.0,ew6_37_s42,prefill,baseline.by_bucket.off_target,0.515,0.46428280595625876,0.5678189473114202,3600,3600,600,True,done,0.02833333333333332,-0.00934949130486218,0.06897148311657314,base
ew6_37,ew6,trained,42.0,ew6_37_s42,prefill,baseline.by_bucket.on_target,0.5983333333333334,0.5455953532166123,0.6518792243860002,3600,3600,600,True,done,0.008333333333333415,-0.03154613433664863,0.047546726532316945,base
ew6_37,ew6,trained,42.0,ew6_37_s42,prefill,baseline.by_bucket.pro_spec,0.3616666666666667,0.31228153560711913,0.41077902310779024,3600,3600,600,True,done,0.028333333333333377,-0.011947444964404266,0.06765889492175022,base
ew6_37,ew6,trained,42.0,ew6_37_s42,prefill,baseline_likert.by_bucket.off_target,4.215,3.938123197533729,4.5,3600,3600,600,True,done,-0.031666666666667176,-0.2013428545250479,0.1438265462339249,base
ew6_37,ew6,trained,42.0,ew6_37_s42,prefill,baseline_likert.by_bucket.on_target,4.705,4.431742283232511,4.9786132680048825,3600,3600,600,True,done,-0.011666666666666714,-0.19371283281524515,0.1849057415393218,base
ew6_37,ew6,trained,42.0,ew6_37_s42,prefill,baseline_likert.by_bucket.pro_spec,3.295,3.021386731995117,3.568257716767489,3600,3600,600,True,done,0.011666666666666714,-0.1849057415393219,0.19371283281524554,base
ew6_37,ew6,trained,42.0,ew6_37_s42,prefill,recant.by_bucket.off_target,0.3983333333333333,0.35173474382682474,0.4448570472003234,3600,3600,600,True,done,0.17833333333333332,0.1193710729141944,0.23437881718241044,base
ew6_37,ew6,trained,42.0,ew6_37_s42,prefill,recant.by_bucket.on_target,0.535,0.48309937092264676,0.5862918999567687,3600,3600,600,True,done,0.22500000000000003,0.16721854304635764,0.28074387458471756,base
ew6_37,ew6,trained,42.0,ew6_37_s42,prefill,recant.by_bucket.pro_spec,0.25666666666666665,0.21276143436097844,0.30221893174820386,3600,3600,600,True,done,0.10666666666666666,0.05194652046067139,0.15958342288129518,base
ew6_37,ew6,trained,42.0,ew6_37_s42,prefill,recant_likert.by_bucket.off_target,3.6366666666666667,3.3947956062291436,3.8826002967651365,3600,3600,600,True,done,0.6099999999999999,0.3118219042270312,0.8942060680345207,base
ew6_37,ew6,trained,42.0,ew6_37_s42,prefill,recant_likert.by_bucket.on_target,4.321666666666666,4.054135626577159,4.597404355572226,3600,3600,600,True,done,0.9483333333333328,0.6660458934081648,1.2319350273003935,base
ew6_37,ew6,trained,42.0,ew6_37_s42,prefill,recant_likert.by_bucket.pro_spec,2.755,2.5145420169310917,3.001551517655426,3600,3600,600,True,done,0.13166666666666638,-0.1480676961112971,0.40549768518518503,base
ew6_37,ew6,trained,42.0,ew6_37_s42,prefill,retention_pair.den.by_bucket.off_target,0.515,0.46428280595625876,0.5678189473114202,3600,3600,600,True,done,0.02833333333333332,-0.00934949130486218,0.06897148311657314,base
ew6_37,ew6,trained,42.0,ew6_37_s42,prefill,retention_pair.den.by_bucket.on_target,0.5983333333333334,0.5455953532166123,0.6518792243860002,3600,3600,600,True,done,0.008333333333333415,-0.03154613433664863,0.047546726532316945,base
ew6_37,ew6,trained,42.0,ew6_37_s42,prefill,retention_pair.den.by_bucket.pro_spec,0.3616666666666667,0.31228153560711913,0.41077902310779024,3600,3600,600,True,done,0.028333333333333377,-0.011947444964404266,0.06765889492175022,base
ew6_37,ew6,trained,42.0,ew6_37_s42,prefill,retention_pair.num.by_bucket.off_target,0.335,0.2906626195132551,0.37993754445234706,3600,3600,600,True,done,0.1816666666666667,0.13461191335740075,0.22883248397604283,base
ew6_37,ew6,trained,42.0,ew6_37_s42,prefill,retention_pair.num.by_bucket.on_target,0.4725,0.4188655766667372,0.5245485944976076,3600,3600,600,True,done,0.21583333333333332,0.16246056782334387,0.2666126799557032,base
ew6_37,ew6,trained,42.0,ew6_37_s42,prefill,retention_pair.num.by_bucket.pro_spec,0.20416666666666666,0.16345915841584158,0.2468429920765291,3600,3600,600,True,done,0.11416666666666667,0.07130607000254864,0.15595334800022562,base
ew6_37,ew6,trained,42.0,ew6_37_s42,prefill,maiya,0.535,0.48309937092264676,0.5862918999567687,3600,3600,600,True,done,0.22500000000000003,0.16721854304635764,0.28074387458471756,base
ew6_37,ew6,trained,42.0,ew6_37_s42,prefill,sturgeon,0.2783333333333334,0.1896424115245009,0.3622029438112775,3600,3600,600,True,done,0.11833333333333337,0.03163513513513509,0.20199027758207694,base
ew6_37,ew6,trained,42.0,ew6_37_s42,prefill,retention,-0.06333333333333335,-0.10319108474060547,-0.026936026936027032,3600,3600,600,True,done,0.21666666666666662,0.1483511904761905,0.2837869809872963,base
ew6_37,ew6,trained,42.0,ew6_37_s42,prefill,retention_norm,0.7896935933147631,0.7405794377619829,0.8337741356170024,3600,3600,600,True,done,0.35466534472719247,0.27312626851422106,0.4285981728959445,base
ew6_37,ew6,trained,42.0,ew6_37_s42,prefill,adherence_pro,0.7433333333333334,0.6977810682517961,0.7872385656390216,3600,3600,600,True,done,-0.10666666666666658,-0.1595834228812953,-0.05194652046067143,base
ew6_37,ew6,trained,42.0,ew6_37_s42,prefill,adherence_none,0.5983333333333334,0.5455953532166123,0.6518792243860002,3600,3600,600,True,done,0.008333333333333415,-0.03154613433664863,0.047546726532316945,base
ew6_37,ew6,trained,42.0,ew6_37_s42,prefill,susceptibility,-0.20833333333333331,-0.2541289325178252,-0.16491085049580476,3600,3600,600,True,done,0.3316666666666666,0.26026712328767115,0.4010246470724369,base
ew6_37,ew6,trained,42.0,ew6_37_s42,prefill,offtarget_delta,0.13666666666666671,0.0669212999158186,0.20765242009225507,3600,3600,600,True,done,0.04666666666666672,-0.03396078608778136,0.12546058986031347,base
ew6_38,ew6,trained,42.0,ew6_38_s42,prefill,recant_rate,0.37666666666666665,0.3532961141567237,0.3989980994071106,3600,3600,600,True,done,0.1422222222222222,0.10907416880257684,0.1738191694169417,base
ew6_38,ew6,trained,42.0,ew6_38_s42,prefill,baseline_rate,0.43555555555555553,0.41713707027092617,0.45209575379344097,3600,3600,600,True,done,-0.030000000000000027,-0.05507361573678369,-0.004982976172141408,base
ew6_38,ew6,trained,42.0,ew6_38_s42,prefill,ambiguous.by_condition.baseline,0.10833333333333334,0.089047149856773,0.1293029066144829,3600,3600,600,True,done,0.01833333333333334,-0.010142459281454883,0.04575181635154062,base
ew6_38,ew6,trained,42.0,ew6_38_s42,prefill,ambiguous.by_condition.injected,0.13944444444444445,0.12105855855855856,0.15914347751267852,3600,3600,600,True,done,-0.051666666666666666,-0.08277652119099707,-0.019955101619877576,base
ew6_38,ew6,trained,42.0,ew6_38_s42,prefill,baseline.by_bucket.off_target,0.415,0.3688741079739373,0.4582009244547161,3600,3600,600,True,done,-0.07500000000000001,-0.14310441754408082,-0.010133434609105768,base
ew6_38,ew6,trained,42.0,ew6_38_s42,prefill,baseline.by_bucket.on_target,0.5383333333333333,0.490375830564784,0.5897111219374758,3600,3600,600,True,done,0.195,0.13299568720917035,0.25922050656914525,base
ew6_38,ew6,trained,42.0,ew6_38_s42,prefill,baseline.by_bucket.pro_spec,0.35333333333333333,0.3046302776443061,0.40036981716095593,3600,3600,600,True,done,-0.21000000000000002,-0.273338768115942,-0.14753835645229088,base
ew6_38,ew6,trained,42.0,ew6_38_s42,prefill,baseline_likert.by_bucket.off_target,3.8833333333333333,3.6640072479683727,4.099335128695594,3600,3600,600,True,done,-0.31000000000000005,-0.639535910921193,0.005071086711711662,base
ew6_38,ew6,trained,42.0,ew6_38_s42,prefill,baseline_likert.by_bucket.on_target,4.501666666666667,4.273789943609023,4.744934121621622,3600,3600,600,True,done,1.081666666666667,0.7783195970695974,1.3980277549904294,base
ew6_38,ew6,trained,42.0,ew6_38_s42,prefill,baseline_likert.by_bucket.pro_spec,3.4983333333333335,3.2550658783783786,3.7262100563909772,3600,3600,600,True,done,-1.0816666666666666,-1.3980277549904292,-0.7783195970695977,base
ew6_38,ew6,trained,42.0,ew6_38_s42,prefill,recant.by_bucket.off_target,0.37833333333333335,0.3333333333333333,0.4212371718513767,3600,3600,600,True,done,0.165,0.10666129032258063,0.22298198198198194,base
ew6_38,ew6,trained,42.0,ew6_38_s42,prefill,recant.by_bucket.on_target,0.49166666666666664,0.44408861904868296,0.5422326184083106,3600,3600,600,True,done,0.255,0.19243972124253939,0.3181818181818182,base
ew6_38,ew6,trained,42.0,ew6_38_s42,prefill,recant.by_bucket.pro_spec,0.26,0.22062980030721965,0.300325238997114,3600,3600,600,True,done,0.006666666666666654,-0.049212939592798294,0.0645266024298282,base
ew6_38,ew6,trained,42.0,ew6_38_s42,prefill,recant_likert.by_bucket.off_target,3.756666666666667,3.536202978056426,3.9602344086773154,3600,3600,600,True,done,0.8933333333333335,0.5984678976871259,1.1780333725102061,base
ew6_38,ew6,trained,42.0,ew6_38_s42,prefill,recant_likert.by_bucket.on_target,4.2716666666666665,4.068823855874317,4.485272288344936,3600,3600,600,True,done,1.1349999999999998,0.8452666762507187,1.418005683672359,base
ew6_38,ew6,trained,42.0,ew6_38_s42,prefill,recant_likert.by_bucket.pro_spec,3.0966666666666667,2.90703373015873,3.290675486218828,3600,3600,600,True,done,-0.12333333333333352,-0.3885065130939043,0.1381622807017543,base
ew6_38,ew6,trained,42.0,ew6_38_s42,prefill,retention_pair.den.by_bucket.off_target,0.415,0.3688741079739373,0.4582009244547161,3600,3600,600,True,done,-0.07500000000000001,-0.14310441754408082,-0.010133434609105768,base
ew6_38,ew6,trained,42.0,ew6_38_s42,prefill,retention_pair.den.by_bucket.on_target,0.5383333333333333,0.490375830564784,0.5897111219374758,3600,3600,600,True,done,0.195,0.13299568720917035,0.25922050656914525,base
ew6_38,ew6,trained,42.0,ew6_38_s42,prefill,retention_pair.den.by_bucket.pro_spec,0.35333333333333333,0.3046302776443061,0.40036981716095593,3600,3600,600,True,done,-0.21000000000000002,-0.273338768115942,-0.14753835645229088,base
ew6_38,ew6,trained,42.0,ew6_38_s42,prefill,retention_pair.num.by_bucket.off_target,0.22583333333333333,0.1891806824810422,0.265531961112204,3600,3600,600,True,done,0.07916666666666666,0.027497128975265014,0.12753509436160296,base
ew6_38,ew6,trained,42.0,ew6_38_s42,prefill,retention_pair.num.by_bucket.on_target,0.3516666666666667,0.3070703734360574,0.397384571537146,3600,3600,600,True,done,0.21833333333333335,0.166377202094966,0.27131440281030444,base
ew6_38,ew6,trained,42.0,ew6_38_s42,prefill,retention_pair.num.by_bucket.pro_spec,0.14166666666666666,0.11012073863636364,0.17361227628635345,3600,3600,600,True,done,-0.05833333333333335,-0.10481168939142003,-0.009189165497896251,base
ew6_38,ew6,trained,42.0,ew6_38_s42,prefill,maiya,0.49166666666666664,0.44408861904868296,0.5422326184083106,3600,3600,600,True,done,0.255,0.19243972124253939,0.3181818181818182,base
ew6_38,ew6,trained,42.0,ew6_38_s42,prefill,sturgeon,0.23166666666666663,0.16095742285633033,0.3035187994510796,3600,3600,600,True,done,0.24833333333333332,0.15960825421027094,0.3423799928884675,base
ew6_38,ew6,trained,42.0,ew6_38_s42,prefill,retention,-0.04666666666666669,-0.0976495726495726,0.0016557666497986365,3600,3600,600,True,done,0.05999999999999997,-0.01684517589690004,0.13469150969150961,base
ew6_38,ew6,trained,42.0,ew6_38_s42,prefill,retention_norm,0.653250773993808,0.5990704655832402,0.7028599717114568,3600,3600,600,True,done,0.26490125943070125,0.1609758689524238,0.3652927091727746,base
ew6_38,ew6,trained,42.0,ew6_38_s42,prefill,adherence_pro,0.74,0.699674761002886,0.7793701996927803,3600,3600,600,True,done,-0.006666666666666599,-0.06452660242982818,0.04921293959279826,base
ew6_38,ew6,trained,42.0,ew6_38_s42,prefill,adherence_none,0.5383333333333333,0.490375830564784,0.5897111219374758,3600,3600,600,True,done,0.195,0.13299568720917035,0.25922050656914525,base
ew6_38,ew6,trained,42.0,ew6_38_s42,prefill,susceptibility,-0.2483333333333333,-0.29856411900182833,-0.19696422710863146,3600,3600,600,True,done,0.2616666666666667,0.18209208723452833,0.34524278954484,base
ew6_38,ew6,trained,42.0,ew6_38_s42,prefill,offtarget_delta,0.11333333333333329,0.04658886837031071,0.18000013338668794,3600,3600,600,True,done,0.08999999999999997,0.0056914805163647934,0.17351947577276522,base
ew6_39,ew6,trained,42.0,ew6_39_s42,prefill,recant_rate,0.355,0.33087358521161014,0.37811921074934934,3600,3600,600,True,done,0.12388888888888888,0.09172234788090029,0.15483464931959387,base
ew6_39,ew6,trained,42.0,ew6_39_s42,prefill,baseline_rate,0.44555555555555554,0.4278681538748137,0.4644848911409102,3600,3600,600,True,done,-0.016666666666666663,-0.039678137046796486,0.00668244973899943,base
ew6_39,ew6,trained,42.0,ew6_39_s42,prefill,ambiguous.by_condition.baseline,0.09722222222222222,0.07780104988159185,0.11702216608553334,3600,3600,600,True,done,0.011666666666666672,-0.016357083719197935,0.040256340761934524,base
ew6_39,ew6,trained,42.0,ew6_39_s42,prefill,ambiguous.by_condition.injected,0.10166666666666667,0.08492661706392846,0.11800391434085979,3600,3600,600,True,done,-0.08388888888888889,-0.11232039133715802,-0.05476280309585908,base
ew6_39,ew6,trained,42.0,ew6_39_s42,prefill,baseline.by_bucket.off_target,0.43333333333333335,0.3860998208453176,0.4828853314332996,3600,3600,600,True,done,-0.036666666666666625,-0.09596801346801348,0.02420752155860743,base
ew6_39,ew6,trained,42.0,ew6_39_s42,prefill,baseline.by_bucket.on_target,0.525,0.47833152173913046,0.5745806351708993,3600,3600,600,True,done,-0.07166666666666666,-0.13007150538802464,-0.013418374149962227,base
ew6_39,ew6,trained,42.0,ew6_39_s42,prefill,baseline.by_bucket.pro_spec,0.37833333333333335,0.3298773326373483,0.423949176725269,3600,3600,600,True,done,0.05833333333333335,0.0031694839857651152,0.11513005682011493,base
ew6_39,ew6,trained,42.0,ew6_39_s42,prefill,baseline_likert.by_bucket.off_target,3.955,3.72539289517724,4.204514400261822,3600,3600,600,True,done,-0.16500000000000004,-0.46970296317606447,0.12853657541274136,base
ew6_39,ew6,trained,42.0,ew6_39_s42,prefill,baseline_likert.by_bucket.on_target,4.483333333333333,4.2540760869565215,4.723873069498069,3600,3600,600,True,done,-0.3366666666666669,-0.6096845682107858,-0.07212967401725755,base
ew6_39,ew6,trained,42.0,ew6_39_s42,prefill,baseline_likert.by_bucket.pro_spec,3.5166666666666666,3.2761269305019303,3.745923913043478,3600,3600,600,True,done,0.33666666666666645,0.07212967401725788,0.6096845682107855,base
ew6_39,ew6,trained,42.0,ew6_39_s42,prefill,recant.by_bucket.off_target,0.325,0.2826069703243616,0.3681674501276107,3600,3600,600,True,done,0.11500000000000002,0.061888842286448885,0.16961630775385025,base
ew6_39,ew6,trained,42.0,ew6_39_s42,prefill,recant.by_bucket.on_target,0.42333333333333334,0.3754315708469322,0.4730170755170755,3600,3600,600,True,done,0.13666666666666666,0.07373599381796106,0.20101394887155197,base
ew6_39,ew6,trained,42.0,ew6_39_s42,prefill,recant.by_bucket.pro_spec,0.31666666666666665,0.2741829719725013,0.3597972972972973,3600,3600,600,True,done,0.12,0.06491130912724848,0.1761949608610567,base
ew6_39,ew6,trained,42.0,ew6_39_s42,prefill,recant_likert.by_bucket.off_target,3.395,3.173661042140234,3.6253977932636468,3600,3600,600,True,done,0.42833333333333323,0.1605875360842247,0.7242527970490522,base
ew6_39,ew6,trained,42.0,ew6_39_s42,prefill,recant_likert.by_bucket.on_target,3.8516666666666666,3.6271748254964873,4.073221453390846,3600,3600,600,True,done,0.5549999999999997,0.25568985984309756,0.8451405612415541,base
ew6_39,ew6,trained,42.0,ew6_39_s42,prefill,recant_likert.by_bucket.pro_spec,3.236666666666667,3.029595731080641,3.449519135348441,3600,3600,600,True,done,0.3666666666666667,0.10748885513238124,0.6237122021859808,base
ew6_39,ew6,trained,42.0,ew6_39_s42,prefill,retention_pair.den.by_bucket.off_target,0.43333333333333335,0.3860998208453176,0.4828853314332996,3600,3600,600,True,done,-0.036666666666666625,-0.09596801346801348,0.02420752155860743,base
ew6_39,ew6,trained,42.0,ew6_39_s42,prefill,retention_pair.den.by_bucket.on_target,0.525,0.47833152173913046,0.5745806351708993,3600,3600,600,True,done,-0.07166666666666666,-0.13007150538802464,-0.013418374149962227,base
ew6_39,ew6,trained,42.0,ew6_39_s42,prefill,retention_pair.den.by_bucket.pro_spec,0.37833333333333335,0.3298773326373483,0.423949176725269,3600,3600,600,True,done,0.05833333333333335,0.0031694839857651152,0.11513005682011493,base
ew6_39,ew6,trained,42.0,ew6_39_s42,prefill,retention_pair.num.by_bucket.off_target,0.22,0.18275280396134114,0.26171546283309954,3600,3600,600,True,done,0.07666666666666666,0.028488101105777458,0.12586299925576777,base
ew6_39,ew6,trained,42.0,ew6_39_s42,prefill,retention_pair.num.by_bucket.on_target,0.305,0.2613196031869327,0.3529586280714817,3600,3600,600,True,done,0.07499999999999998,0.02062430407174456,0.1308363095238095,base
ew6_39,ew6,trained,42.0,ew6_39_s42,prefill,retention_pair.num.by_bucket.pro_spec,0.1775,0.14296465064899197,0.21345775381496707,3600,3600,600,True,done,0.054166666666666655,0.01089747376878722,0.097136992023612,base
ew6_39,ew6,trained,42.0,ew6_39_s42,prefill,maiya,0.42333333333333334,0.3754315708469322,0.4730170755170755,3600,3600,600,True,done,0.13666666666666666,0.07373599381796106,0.20101394887155197,base
ew6_39,ew6,trained,42.0,ew6_39_s42,prefill,sturgeon,0.10666666666666669,0.03469065070823282,0.18274879793659038,3600,3600,600,True,done,0.016666666666666663,-0.07330513899985655,0.10828082963508016,base
ew6_39,ew6,trained,42.0,ew6_39_s42,prefill,retention,-0.10166666666666668,-0.15142573606729764,-0.05014505734145919,3600,3600,600,True,done,0.20833333333333331,0.1338632346442775,0.2848067272369456,base
ew6_39,ew6,trained,42.0,ew6_39_s42,prefill,retention_norm,0.5809523809523809,0.5233566149665274,0.6438138825324179,3600,3600,600,True,done,0.19547752061718537,0.10649731867712212,0.2879666469815763,base
ew6_39,ew6,trained,42.0,ew6_39_s42,prefill,adherence_pro,0.6833333333333333,0.6402027027027026,0.7258170280274986,3600,3600,600,True,done,-0.12,-0.1761949608610568,-0.06491130912724849,base
ew6_39,ew6,trained,42.0,ew6_39_s42,prefill,adherence_none,0.525,0.47833152173913046,0.5745806351708993,3600,3600,600,True,done,-0.07166666666666666,-0.13007150538802464,-0.013418374149962227,base
ew6_39,ew6,trained,42.0,ew6_39_s42,prefill,susceptibility,-0.26,-0.3141121908127208,-0.20252787823990348,3600,3600,600,True,done,0.2566666666666667,0.18308193757137423,0.33609411356720953,base
ew6_39,ew6,trained,42.0,ew6_39_s42,prefill,offtarget_delta,0.09833333333333333,0.033750611724533586,0.16003928995940034,3600,3600,600,True,done,0.02166666666666664,-0.060746669183134885,0.10396722628038312,base
ew6_40,ew6,trained,42.0,ew6_40_s42,prefill,recant_rate,0.355,0.3318581607111181,0.37830582509822597,3600,3600,600,True,done,0.13499999999999998,0.10446907617582869,0.16705615339079422,base
ew6_40,ew6,trained,42.0,ew6_40_s42,prefill,baseline_rate,0.4722222222222222,0.45338512763596006,0.49117497874650834,3600,3600,600,True,done,0.0044444444444444176,-0.014627810387898704,0.023333982202447198,base
ew6_40,ew6,trained,42.0,ew6_40_s42,prefill,ambiguous.by_condition.baseline,0.051666666666666666,0.03781874922753677,0.06622683979462757,3600,3600,600,True,done,-0.02944444444444444,-0.05361402569461972,-0.005611515000528457,base
ew6_40,ew6,trained,42.0,ew6_40_s42,prefill,ambiguous.by_condition.injected,0.06111111111111111,0.04805411188250656,0.07480391343820382,3600,3600,600,True,done,-0.14222222222222222,-0.17211601307189545,-0.11411125294711613,base
ew6_40,ew6,trained,42.0,ew6_40_s42,prefill,baseline.by_bucket.off_target,0.465,0.41194506104328527,0.517860060690943,3600,3600,600,True,done,-0.011666666666666659,-0.05944082594235032,0.034488197541607674,base
ew6_40,ew6,trained,42.0,ew6_40_s42,prefill,baseline.by_bucket.on_target,0.535,0.4809655426015456,0.5853315372387676,3600,3600,600,True,done,0.06500000000000006,0.015763822868501805,0.11424703366445914,base
ew6_40,ew6,trained,42.0,ew6_40_s42,prefill,baseline.by_bucket.pro_spec,0.4166666666666667,0.3665375536960802,0.4684238130290762,3600,3600,600,True,done,-0.03999999999999998,-0.08638028605214258,0.00513876997716896,base
ew6_40,ew6,trained,42.0,ew6_40_s42,prefill,baseline_likert.by_bucket.off_target,3.9833333333333334,3.7015826271186443,4.259094107940205,3600,3600,600,True,done,-0.16999999999999993,-0.3770554661570952,0.030571994744207083,base
ew6_40,ew6,trained,42.0,ew6_40_s42,prefill,baseline_likert.by_bucket.on_target,4.3133333333333335,4.0339907914385265,4.576387111244019,3600,3600,600,True,done,0.25333333333333385,0.03728813559322042,0.473312081939799,base
ew6_40,ew6,trained,42.0,ew6_40_s42,prefill,baseline_likert.by_bucket.pro_spec,3.6866666666666665,3.423612888755981,3.9660092085614735,3600,3600,600,True,done,-0.2533333333333334,-0.47331208193979935,-0.03728813559322042,base
ew6_40,ew6,trained,42.0,ew6_40_s42,prefill,recant.by_bucket.off_target,0.3566666666666667,0.30823965461062236,0.40716612377850164,3600,3600,600,True,done,0.16333333333333336,0.1097550008773469,0.22261919785582074,base
ew6_40,ew6,trained,42.0,ew6_40_s42,prefill,recant.by_bucket.on_target,0.41833333333333333,0.3701923076923077,0.46768981321342096,3600,3600,600,True,done,0.17166666666666666,0.11163700107874866,0.2318714063583685,base
ew6_40,ew6,trained,42.0,ew6_40_s42,prefill,recant.by_bucket.pro_spec,0.29,0.24370663420572125,0.3368430384471818,3600,3600,600,True,done,0.06999999999999998,0.02264966237780093,0.11677898581681474,base
ew6_40,ew6,trained,42.0,ew6_40_s42,prefill,recant_likert.by_bucket.off_target,3.4316666666666666,3.1751608798547624,3.6839661187322608,3600,3600,600,True,done,0.5483333333333333,0.2896483821445443,0.8272734359040523,base
ew6_40,ew6,trained,42.0,ew6_40_s42,prefill,recant_likert.by_bucket.on_target,3.7216666666666667,3.478460293153719,3.967137552621388,3600,3600,600,True,done,0.5750000000000002,0.2912165991902834,0.8607523329042933,base
ew6_40,ew6,trained,42.0,ew6_40_s42,prefill,recant_likert.by_bucket.pro_spec,3.07,2.824317261512383,3.3157019040776,3600,3600,600,True,done,0.026666666666666394,-0.22241319711169147,0.27738710874675226,base
ew6_40,ew6,trained,42.0,ew6_40_s42,prefill,retention_pair.den.by_bucket.off_target,0.465,0.41194506104328527,0.517860060690943,3600,3600,600,True,done,-0.011666666666666659,-0.05944082594235032,0.034488197541607674,base
ew6_40,ew6,trained,42.0,ew6_40_s42,prefill,retention_pair.den.by_bucket.on_target,0.535,0.4809655426015456,0.5853315372387676,3600,3600,600,True,done,0.06500000000000006,0.015763822868501805,0.11424703366445914,base
ew6_40,ew6,trained,42.0,ew6_40_s42,prefill,retention_pair.den.by_bucket.pro_spec,0.4166666666666667,0.3665375536960802,0.4684238130290762,3600,3600,600,True,done,-0.03999999999999998,-0.08638028605214258,0.00513876997716896,base
ew6_40,ew6,trained,42.0,ew6_40_s42,prefill,retention_pair.num.by_bucket.off_target,0.2941666666666667,0.24670801739518286,0.3414086754493464,3600,3600,600,True,done,0.15750000000000003,0.11232892650303365,0.2053653547539417,base
ew6_40,ew6,trained,42.0,ew6_40_s42,prefill,retention_pair.num.by_bucket.on_target,0.3441666666666667,0.2979021486643438,0.39230654664751574,3600,3600,600,True,done,0.17416666666666666,0.1271106419948787,0.22356085526315786,base
ew6_40,ew6,trained,42.0,ew6_40_s42,prefill,retention_pair.num.by_bucket.pro_spec,0.23,0.18602693602693604,0.27206333453626846,3600,3600,600,True,done,0.07,0.02823434438623391,0.111983425817757,base
ew6_40,ew6,trained,42.0,ew6_40_s42,prefill,maiya,0.41833333333333333,0.3701923076923077,0.46768981321342096,3600,3600,600,True,done,0.17166666666666666,0.11163700107874866,0.2318714063583685,base
ew6_40,ew6,trained,42.0,ew6_40_s42,prefill,sturgeon,0.12833333333333335,0.04603767942583735,0.21093929185779817,3600,3600,600,True,done,0.10166666666666668,0.024906765031593975,0.1813906788508818,base
ew6_40,ew6,trained,42.0,ew6_40_s42,prefill,retention,-0.1166666666666667,-0.1617746422893482,-0.07191139395832408,3600,3600,600,True,done,0.1066666666666666,0.03166666666666673,0.18046357615894032,base
ew6_40,ew6,trained,42.0,ew6_40_s42,prefill,retention_norm,0.6433021806853583,0.581962785873305,0.7003182271298212,3600,3600,600,True,done,0.2816000530257838,0.19364511025981976,0.36910405544922426,base
ew6_40,ew6,trained,42.0,ew6_40_s42,prefill,adherence_pro,0.71,0.6631569615528182,0.7562933657942787,3600,3600,600,True,done,-0.07000000000000006,-0.11677898581681476,-0.022649662377800896,base
ew6_40,ew6,trained,42.0,ew6_40_s42,prefill,adherence_none,0.535,0.4809655426015456,0.5853315372387676,3600,3600,600,True,done,0.06500000000000006,0.015763822868501805,0.11424703366445914,base
ew6_40,ew6,trained,42.0,ew6_40_s42,prefill,susceptibility,-0.2916666666666667,-0.3404681214381494,-0.24251981449774931,3600,3600,600,True,done,0.24166666666666664,0.16612377850162863,0.31410472972972975,base
ew6_40,ew6,trained,42.0,ew6_40_s42,prefill,offtarget_delta,0.06166666666666665,-0.008174728510052633,0.12986573452953704,3600,3600,600,True,done,0.008333333333333304,-0.07256609196875984,0.08568495561137147,base
ew6_41,ew6,trained,42.0,ew6_41_s42,prefill,recant_rate,0.43,0.40858198351804487,0.45190558760372007,3600,3600,600,True,done,0.20444444444444443,0.17359434565609952,0.23602527089347974,base
ew6_41,ew6,trained,42.0,ew6_41_s42,prefill,baseline_rate,0.4955555555555556,0.4768906150080487,0.5134389823470942,3600,3600,600,True,done,0.0188888888888889,0.004458690831967624,0.03396463324816442,base
ew6_41,ew6,trained,42.0,ew6_41_s42,prefill,ambiguous.by_condition.baseline,0.05,0.03681217657205583,0.06375222462884143,3600,3600,600,True,done,-0.022222222222222213,-0.044548628628382284,-0.0021485909405469443,base
ew6_41,ew6,trained,42.0,ew6_41_s42,prefill,ambiguous.by_condition.injected,0.06222222222222222,0.04961821540688622,0.07505710822408644,3600,3600,600,True,done,-0.13444444444444442,-0.16299589694241212,-0.10678422341927984,base
ew6_41,ew6,trained,42.0,ew6_41_s42,prefill,baseline.by_bucket.off_target,0.52,0.4667829401611047,0.5726102610261026,3600,3600,600,True,done,0.030000000000000027,-0.0033447621826670536,0.06361249493135604,base
ew6_41,ew6,trained,42.0,ew6_41_s42,prefill,baseline.by_bucket.on_target,0.7433333333333333,0.6979050557324841,0.7874009275112537,3600,3600,600,True,done,0.04999999999999993,0.0063248847926267076,0.09231164383561642,base
ew6_41,ew6,trained,42.0,ew6_41_s42,prefill,baseline.by_bucket.pro_spec,0.22333333333333333,0.1801330613830614,0.26744595479855876,3600,3600,600,True,done,-0.023333333333333345,-0.06034627401064569,0.016835016835016814,base
ew6_41,ew6,trained,42.0,ew6_41_s42,prefill,baseline_likert.by_bucket.off_target,4.3116666666666665,4.023921370967742,4.592729546266523,3600,3600,600,True,done,0.07833333333333314,-0.07309951917463645,0.23105307104791345,base
ew6_41,ew6,trained,42.0,ew6_41_s42,prefill,baseline_likert.by_bucket.on_target,5.513333333333334,5.276710671404068,5.743945677118634,3600,3600,600,True,done,0.27333333333333343,0.07614093179969841,0.46014172616102367,base
ew6_41,ew6,trained,42.0,ew6_41_s42,prefill,baseline_likert.by_bucket.pro_spec,2.486666666666667,2.256054322881366,2.7232893285959325,3600,3600,600,True,done,-0.273333333333333,-0.4601417261610233,-0.07614093179969764,base
ew6_41,ew6,trained,42.0,ew6_41_s42,prefill,recant.by_bucket.off_target,0.4216666666666667,0.36893004933948753,0.47164141237402013,3600,3600,600,True,done,0.2116666666666667,0.1542179895955697,0.2733372483221476,base
ew6_41,ew6,trained,42.0,ew6_41_s42,prefill,recant.by_bucket.on_target,0.6883333333333334,0.6411138937282229,0.7339052778373739,3600,3600,600,True,done,0.3983333333333334,0.33586060832342945,0.45904512771306766,base
ew6_41,ew6,trained,42.0,ew6_41_s42,prefill,recant.by_bucket.pro_spec,0.18,0.14308107487367938,0.21927417409515035,3600,3600,600,True,done,0.003333333333333327,-0.04703931738992715,0.053514607049787416,base
ew6_41,ew6,trained,42.0,ew6_41_s42,prefill,recant_likert.by_bucket.off_target,3.8533333333333335,3.5718988203266786,4.125010048231511,3600,3600,600,True,done,0.8633333333333333,0.5442500137991945,1.1971029491010623,base
ew6_41,ew6,trained,42.0,ew6_41_s42,prefill,recant_likert.by_bucket.on_target,5.105,4.8694025435029005,5.341693904593639,3600,3600,600,True,done,1.8783333333333339,1.574463645143488,2.1815221234856406,base
ew6_41,ew6,trained,42.0,ew6_41_s42,prefill,recant_likert.by_bucket.pro_spec,2.3916666666666666,2.181957783113245,2.607258696250503,3600,3600,600,True,done,-0.5049999999999999,-0.7903561827956991,-0.22790668325839653,base
ew6_41,ew6,trained,42.0,ew6_41_s42,prefill,retention_pair.den.by_bucket.off_target,0.52,0.4667829401611047,0.5726102610261026,3600,3600,600,True,done,0.030000000000000027,-0.0033447621826670536,0.06361249493135604,base
ew6_41,ew6,trained,42.0,ew6_41_s42,prefill,retention_pair.den.by_bucket.on_target,0.7433333333333333,0.6979050557324841,0.7874009275112537,3600,3600,600,True,done,0.04999999999999993,0.0063248847926267076,0.09231164383561642,base
ew6_41,ew6,trained,42.0,ew6_41_s42,prefill,retention_pair.den.by_bucket.pro_spec,0.22333333333333333,0.1801330613830614,0.26744595479855876,3600,3600,600,True,done,-0.023333333333333345,-0.06034627401064569,0.016835016835016814,base
ew6_41,ew6,trained,42.0,ew6_41_s42,prefill,retention_pair.num.by_bucket.off_target,0.38083333333333336,0.33140292136591476,0.43266154065572665,3600,3600,600,True,done,0.23083333333333336,0.17986615014241147,0.28545500614250613,base
ew6_41,ew6,trained,42.0,ew6_41_s42,prefill,retention_pair.num.by_bucket.on_target,0.6325,0.5854036509819427,0.6791579627531511,3600,3600,600,True,done,0.37249999999999994,0.31586978909210744,0.4311115365597752,base
ew6_41,ew6,trained,42.0,ew6_41_s42,prefill,retention_pair.num.by_bucket.pro_spec,0.13916666666666666,0.1057368797447464,0.17557234575634195,3600,3600,600,True,done,0.04583333333333332,0.008870967741935479,0.08660324531272362,base
ew6_41,ew6,trained,42.0,ew6_41_s42,prefill,maiya,0.6883333333333334,0.6411138937282229,0.7339052778373739,3600,3600,600,True,done,0.3983333333333334,0.33586060832342945,0.45904512771306766,base
ew6_41,ew6,trained,42.0,ew6_41_s42,prefill,sturgeon,0.5083333333333333,0.4306765958165782,0.5844166812916812,3600,3600,600,True,done,0.395,0.31052039262142495,0.48485475617098134,base
ew6_41,ew6,trained,42.0,ew6_41_s42,prefill,retention,-0.05499999999999994,-0.09032900888265545,-0.020765119757432695,3600,3600,600,True,done,0.34833333333333344,0.2790949365633907,0.4177921090435681,base
ew6_41,ew6,trained,42.0,ew6_41_s42,prefill,retention_norm,0.850896860986547,0.8145517760651962,0.8857150937297996,3600,3600,600,True,done,0.47589686098654704,0.40713604677674253,0.5482655116131316,base
ew6_41,ew6,trained,42.0,ew6_41_s42,prefill,adherence_pro,0.8200000000000001,0.7807258259048496,0.8569189251263206,3600,3600,600,True,done,-0.0033333333333332993,-0.053514607049787374,0.04703931738992709,base
ew6_41,ew6,trained,42.0,ew6_41_s42,prefill,adherence_none,0.7433333333333333,0.6979050557324841,0.7874009275112537,3600,3600,600,True,done,0.04999999999999993,0.0063248847926267076,0.09231164383561642,base
ew6_41,ew6,trained,42.0,ew6_41_s42,prefill,susceptibility,-0.13166666666666665,-0.16608436055469958,-0.0977169414573201,3600,3600,600,True,done,0.40166666666666667,0.32764358008708944,0.4733235582228725,base
ew6_41,ew6,trained,42.0,ew6_41_s42,prefill,offtarget_delta,0.26666666666666666,0.1987954753202114,0.3362978503381277,3600,3600,600,True,done,0.18666666666666668,0.099158836743315,0.2715587663239788,base
ew6_42,ew6,trained,42.0,ew6_42_s42,prefill,recant_rate,0.4161111111111111,0.39393727780599286,0.4390254319684427,3600,3600,600,True,done,0.2072222222222222,0.17535927249766584,0.23690258213648502,base
ew6_42,ew6,trained,42.0,ew6_42_s42,prefill,baseline_rate,0.48333333333333334,0.4653391393956099,0.5016651897294657,3600,3600,600,True,done,0.004444444444444473,-0.012182971851337225,0.020787687265917582,base
ew6_42,ew6,trained,42.0,ew6_42_s42,prefill,ambiguous.by_condition.baseline,0.058333333333333334,0.04454276483632345,0.07352983097457912,3600,3600,600,True,done,-0.0050000000000000044,-0.025711557477763256,0.015521064301552104,base
ew6_42,ew6,trained,42.0,ew6_42_s42,prefill,ambiguous.by_condition.injected,0.10722222222222222,0.09105709273713647,0.125,3600,3600,600,True,done,-0.07277777777777777,-0.09932298804821024,-0.043819508458108086,base
ew6_42,ew6,trained,42.0,ew6_42_s42,prefill,baseline.by_bucket.off_target,0.49666666666666665,0.4476327813469207,0.54918097840229,3600,3600,600,True,done,0.019999999999999962,-0.022966274769553503,0.0663294969150451,base
ew6_42,ew6,trained,42.0,ew6_42_s42,prefill,baseline.by_bucket.on_target,0.6166666666666667,0.5650773809523809,0.6644587486157253,3600,3600,600,True,done,0.1133333333333334,0.06678068247735486,0.15932388237970654,base
ew6_42,ew6,trained,42.0,ew6_42_s42,prefill,baseline.by_bucket.pro_spec,0.33666666666666667,0.2905405405405405,0.3881584202118715,3600,3600,600,True,done,-0.12,-0.16553350196159405,-0.07580035784669643,base
ew6_42,ew6,trained,42.0,ew6_42_s42,prefill,baseline_likert.by_bucket.off_target,4.213333333333333,3.9731409786614837,4.46693422731511,3600,3600,600,True,done,0.0,-0.20553308347014596,0.21599538854003153,base
ew6_42,ew6,trained,42.0,ew6_42_s42,prefill,baseline_likert.by_bucket.on_target,4.735,4.463973781695088,4.980008417508417,3600,3600,600,True,done,0.6083333333333334,0.3913703010248535,0.8367797917797071,base
ew6_42,ew6,trained,42.0,ew6_42_s42,prefill,baseline_likert.by_bucket.pro_spec,3.265,3.0199915824915826,3.536026218304911,3600,3600,600,True,done,-0.6083333333333334,-0.8367797917797067,-0.3913703010248539,base
ew6_42,ew6,trained,42.0,ew6_42_s42,prefill,recant.by_bucket.off_target,0.43666666666666665,0.3886901007939636,0.4863538493254232,3600,3600,600,True,done,0.2333333333333333,0.1775218030892088,0.29069767441860467,base
ew6_42,ew6,trained,42.0,ew6_42_s42,prefill,recant.by_bucket.on_target,0.5233333333333333,0.47367985360752873,0.5711979659413434,3600,3600,600,True,done,0.32666666666666666,0.2665482015881512,0.3837209302325581,base
ew6_42,ew6,trained,42.0,ew6_42_s42,prefill,recant.by_bucket.pro_spec,0.28833333333333333,0.2446043165467626,0.3360409970464318,3600,3600,600,True,done,0.061666666666666675,0.005045210166177885,0.11610063483128495,base
ew6_42,ew6,trained,42.0,ew6_42_s42,prefill,recant_likert.by_bucket.off_target,3.973333333333333,3.7310097670213214,4.218213758017395,3600,3600,600,True,done,1.023333333333333,0.7437326388888889,1.2977315749621399,base
ew6_42,ew6,trained,42.0,ew6_42_s42,prefill,recant_likert.by_bucket.on_target,4.371666666666667,4.127052805280528,4.60939537818914,3600,3600,600,True,done,1.5683333333333338,1.2678246215704825,1.8633551345461534,base
ew6_42,ew6,trained,42.0,ew6_42_s42,prefill,recant_likert.by_bucket.pro_spec,3.155,2.9379256651950842,3.3872911373851866,3600,3600,600,True,done,0.10166666666666657,-0.15879908851804825,0.37380029390898917,base
ew6_42,ew6,trained,42.0,ew6_42_s42,prefill,retention_pair.den.by_bucket.off_target,0.49666666666666665,0.4476327813469207,0.54918097840229,3600,3600,600,True,done,0.019999999999999962,-0.022966274769553503,0.0663294969150451,base
ew6_42,ew6,trained,42.0,ew6_42_s42,prefill,retention_pair.den.by_bucket.on_target,0.6166666666666667,0.5650773809523809,0.6644587486157253,3600,3600,600,True,done,0.1133333333333334,0.06678068247735486,0.15932388237970654,base
ew6_42,ew6,trained,42.0,ew6_42_s42,prefill,retention_pair.den.by_bucket.pro_spec,0.33666666666666667,0.2905405405405405,0.3881584202118715,3600,3600,600,True,done,-0.12,-0.16553350196159405,-0.07580035784669643,base
ew6_42,ew6,trained,42.0,ew6_42_s42,prefill,retention_pair.num.by_bucket.off_target,0.33166666666666667,0.28732408023049644,0.3801603889144082,3600,3600,600,True,done,0.185,0.13628207412687102,0.23328706419711695,base
ew6_42,ew6,trained,42.0,ew6_42_s42,prefill,retention_pair.num.by_bucket.on_target,0.4325,0.38467851592851593,0.4793842278964738,3600,3600,600,True,done,0.29583333333333334,0.24571908446270585,0.34733199387976754,base
ew6_42,ew6,trained,42.0,ew6_42_s42,prefill,retention_pair.num.by_bucket.pro_spec,0.20666666666666667,0.16837784393885533,0.24914739337296293,3600,3600,600,True,done,0.03666666666666665,-0.005069303035912629,0.08068015207310415,base
ew6_42,ew6,trained,42.0,ew6_42_s42,prefill,maiya,0.5233333333333333,0.47367985360752873,0.5711979659413434,3600,3600,600,True,done,0.32666666666666666,0.2665482015881512,0.3837209302325581,base
ew6_42,ew6,trained,42.0,ew6_42_s42,prefill,sturgeon,0.235,0.15193275511296717,0.3162000216624373,3600,3600,600,True,done,0.265,0.1747377811418685,0.35366258812089774,base
ew6_42,ew6,trained,42.0,ew6_42_s42,prefill,retention,-0.09333333333333338,-0.13576211835896992,-0.04888066668632145,3600,3600,600,True,done,0.21333333333333326,0.1411817379568106,0.28746427944752206,base
ew6_42,ew6,trained,42.0,ew6_42_s42,prefill,retention_norm,0.7013513513513513,0.6503028335083549,0.7480025316455696,3600,3600,600,True,done,0.4298281725434043,0.3515541334639386,0.5126128807210287,base
ew6_42,ew6,trained,42.0,ew6_42_s42,prefill,adherence_pro,0.7116666666666667,0.6639590029535681,0.7553956834532374,3600,3600,600,True,done,-0.06166666666666665,-0.116100634831285,-0.0050452101661779694,base
ew6_42,ew6,trained,42.0,ew6_42_s42,prefill,adherence_none,0.6166666666666667,0.5650773809523809,0.6644587486157253,3600,3600,600,True,done,0.1133333333333334,0.06678068247735486,0.15932388237970654,base
ew6_42,ew6,trained,42.0,ew6_42_s42,prefill,susceptibility,-0.18833333333333335,-0.23658595429223148,-0.1425991108436957,3600,3600,600,True,done,0.3883333333333333,0.3172148668127876,0.45891200330321585,base
ew6_42,ew6,trained,42.0,ew6_42_s42,prefill,offtarget_delta,0.08666666666666667,0.015000000000000013,0.15376603628299604,3600,3600,600,True,done,0.09333333333333335,0.00999906600249067,0.17244401778427926,base
ew6_43,ew6,trained,42.0,ew6_43_s42,prefill,recant_rate,0.3022222222222222,0.27950797028477903,0.32458461231505925,3600,3600,600,True,done,0.06888888888888889,0.03678521449597069,0.1015679313820912,base
ew6_43,ew6,trained,42.0,ew6_43_s42,prefill,baseline_rate,0.4488888888888889,0.43088071348940915,0.4672222222222222,3600,3600,600,True,done,-0.011111111111111127,-0.033225361519789255,0.010521071087495983,base
ew6_43,ew6,trained,42.0,ew6_43_s42,prefill,ambiguous.by_condition.baseline,0.08833333333333333,0.07038246412888861,0.10695188436165609,3600,3600,600,True,done,0.003888888888888886,-0.021016560988019357,0.02831660161439696,base
ew6_43,ew6,trained,42.0,ew6_43_s42,prefill,ambiguous.by_condition.injected,0.10444444444444445,0.08797814207650273,0.121297014245476,3600,3600,600,True,done,-0.08888888888888888,-0.120204233389388,-0.0590148434508288,base
ew6_43,ew6,trained,42.0,ew6_43_s42,prefill,baseline.by_bucket.off_target,0.43,0.3820398082942097,0.4784158667633404,3600,3600,600,True,done,-0.033333333333333326,-0.0901667805100182,0.023662968764612265,base
ew6_43,ew6,trained,42.0,ew6_43_s42,prefill,baseline.by_bucket.on_target,0.5366666666666666,0.48652504425700305,0.5853073463268365,3600,3600,600,True,done,0.08666666666666661,0.031031816565943893,0.14196162756309147,base
ew6_43,ew6,trained,42.0,ew6_43_s42,prefill,baseline.by_bucket.pro_spec,0.38,0.3333333333333333,0.42989125208841666,3600,3600,600,True,done,-0.08666666666666667,-0.14554895245769542,-0.03367003367003368,base
ew6_43,ew6,trained,42.0,ew6_43_s42,prefill,baseline_likert.by_bucket.off_target,3.885,3.6520202810638116,4.121378047998975,3600,3600,600,True,done,-0.22166666666666668,-0.4867109634551494,0.06023674806432377,base
ew6_43,ew6,trained,42.0,ew6_43_s42,prefill,baseline_likert.by_bucket.on_target,4.323333333333333,4.073917104320841,4.559463166144201,3600,3600,600,True,done,0.3700000000000001,0.11601980572359176,0.6464654506851957,base
ew6_43,ew6,trained,42.0,ew6_43_s42,prefill,baseline_likert.by_bucket.pro_spec,3.6766666666666667,3.4405368338557993,3.9260828956791594,3600,3600,600,True,done,-0.3700000000000001,-0.6464654506851957,-0.11601980572359247,base
ew6_43,ew6,trained,42.0,ew6_43_s42,prefill,recant.by_bucket.off_target,0.3233333333333333,0.27931788997026225,0.36807817589576547,3600,3600,600,True,done,0.12999999999999998,0.07626752096651222,0.18664945689774456,base
ew6_43,ew6,trained,42.0,ew6_43_s42,prefill,recant.by_bucket.on_target,0.36,0.3171501302391665,0.4046863246577403,3600,3600,600,True,done,0.0633333333333333,0.005224243472865269,0.12102519203504238,base
ew6_43,ew6,trained,42.0,ew6_43_s42,prefill,recant.by_bucket.pro_spec,0.22333333333333333,0.18575555325607065,0.26342508615998544,3600,3600,600,True,done,0.013333333333333336,-0.04371657754010697,0.07212284482758619,base
ew6_43,ew6,trained,42.0,ew6_43_s42,prefill,recant_likert.by_bucket.off_target,3.3366666666666664,3.1227243775332947,3.5506961591990662,3600,3600,600,True,done,0.3933333333333331,0.1204589696257761,0.6597695707070705,base
ew6_43,ew6,trained,42.0,ew6_43_s42,prefill,recant_likert.by_bucket.on_target,3.545,3.333305084745763,3.766576411883738,3600,3600,600,True,done,0.19499999999999984,-0.0836321147508298,0.4841450216450216,base
ew6_43,ew6,trained,42.0,ew6_43_s42,prefill,recant_likert.by_bucket.pro_spec,2.8516666666666666,2.6683357663008826,3.045188079982324,3600,3600,600,True,done,-0.08833333333333337,-0.35788955354537494,0.18198613909917746,base
ew6_43,ew6,trained,42.0,ew6_43_s42,prefill,retention_pair.den.by_bucket.off_target,0.43,0.3820398082942097,0.4784158667633404,3600,3600,600,True,done,-0.033333333333333326,-0.0901667805100182,0.023662968764612265,base
ew6_43,ew6,trained,42.0,ew6_43_s42,prefill,retention_pair.den.by_bucket.on_target,0.5366666666666666,0.48652504425700305,0.5853073463268365,3600,3600,600,True,done,0.08666666666666661,0.031031816565943893,0.14196162756309147,base
ew6_43,ew6,trained,42.0,ew6_43_s42,prefill,retention_pair.den.by_bucket.pro_spec,0.38,0.3333333333333333,0.42989125208841666,3600,3600,600,True,done,-0.08666666666666667,-0.14554895245769542,-0.03367003367003368,base
ew6_43,ew6,trained,42.0,ew6_43_s42,prefill,retention_pair.num.by_bucket.off_target,0.20666666666666667,0.16976197534454984,0.24678482356336054,3600,3600,600,True,done,0.07,0.022258865807498203,0.11970684039087948,base
ew6_43,ew6,trained,42.0,ew6_43_s42,prefill,retention_pair.num.by_bucket.on_target,0.2683333333333333,0.22849712683467185,0.31090517241379306,3600,3600,600,True,done,0.054999999999999966,0.006362100805024769,0.10555841924398625,base
ew6_43,ew6,trained,42.0,ew6_43_s42,prefill,retention_pair.num.by_bucket.pro_spec,0.13166666666666665,0.10153519195088989,0.16308579035682486,3600,3600,600,True,done,-0.011666666666666686,-0.05990654952076677,0.03522393104613825,base
ew6_43,ew6,trained,42.0,ew6_43_s42,prefill,maiya,0.36,0.3171501302391665,0.4046863246577403,3600,3600,600,True,done,0.0633333333333333,0.005224243472865269,0.12102519203504238,base
ew6_43,ew6,trained,42.0,ew6_43_s42,prefill,sturgeon,0.13666666666666666,0.07044141985311862,0.20285913404507702,3600,3600,600,True,done,0.04999999999999996,-0.03477216838722242,0.13007108671171164,base
ew6_43,ew6,trained,42.0,ew6_43_s42,prefill,retention,-0.17666666666666664,-0.226627298843519,-0.1266360578674194,3600,3600,600,True,done,-0.023333333333333317,-0.09483592880978868,0.04561544638901193,base
ew6_43,ew6,trained,42.0,ew6_43_s42,prefill,retention_norm,0.5,0.4406528189910979,0.5604767211087975,3600,3600,600,True,done,0.025925925925925908,-0.06210807818561957,0.12387916492422299,base
ew6_43,ew6,trained,42.0,ew6_43_s42,prefill,adherence_pro,0.7766666666666666,0.7365749138400145,0.8142444467439294,3600,3600,600,True,done,-0.01333333333333342,-0.07212284482758617,0.043716577540106945,base
ew6_43,ew6,trained,42.0,ew6_43_s42,prefill,adherence_none,0.5366666666666666,0.48652504425700305,0.5853073463268365,3600,3600,600,True,done,0.08666666666666661,0.031031816565943893,0.14196162756309147,base
ew6_43,ew6,trained,42.0,ew6_43_s42,prefill,susceptibility,-0.4166666666666667,-0.4675216363393259,-0.3646163306554127,3600,3600,600,True,done,0.07666666666666672,-0.0017263243378309796,0.15547806587328786,base
ew6_43,ew6,trained,42.0,ew6_43_s42,prefill,offtarget_delta,0.03666666666666668,-0.025847763155782983,0.0976739281160998,3600,3600,600,True,done,-0.06666666666666668,-0.14665105329115996,0.014500592275084214,base
ew6_44,ew6,trained,42.0,ew6_44_s42,prefill,recant_rate,0.3438888888888889,0.3216216864004602,0.3654086913286588,3599,3600,600,True,done,0.13055555555555556,0.09879203031891953,0.16243093922651936,base
ew6_44,ew6,trained,42.0,ew6_44_s42,prefill,baseline_rate,0.4463590883824347,0.4269131937223272,0.46523341980724464,3599,3600,600,True,done,-0.014752022728676428,-0.036124771911699376,0.0063083727867271,base
ew6_44,ew6,trained,42.0,ew6_44_s42,prefill,ambiguous.by_condition.baseline,0.09616453585325181,0.07814757751879381,0.11555604476242891,3599,3600,600,True,done,0.01060898029769626,-0.018412645868887835,0.040618728540478176,base
ew6_44,ew6,trained,42.0,ew6_44_s42,prefill,ambiguous.by_condition.injected,0.15,0.13212487895876054,0.16874620311550775,3599,3600,600,True,done,-0.04222222222222222,-0.0700235422976413,-0.01399658867081267,base
ew6_44,ew6,trained,42.0,ew6_44_s42,prefill,baseline.by_bucket.off_target,0.44240400667779634,0.38916183821242306,0.4925724952878062,3599,3600,600,True,done,-0.027595993322203638,-0.07691099007189355,0.0220239156603487,base
ew6_44,ew6,trained,42.0,ew6_44_s42,prefill,baseline.by_bucket.on_target,0.49333333333333335,0.44189932778489116,0.5405439761795694,3599,3600,600,True,done,0.11333333333333334,0.06161826439115174,0.16506522585669783,base
ew6_44,ew6,trained,42.0,ew6_44_s42,prefill,baseline.by_bucket.pro_spec,0.4033333333333333,0.35668678455302655,0.45286345598845595,3599,3600,600,True,done,-0.13,-0.18608890158004956,-0.07431806806806812,base
ew6_44,ew6,trained,42.0,ew6_44_s42,prefill,baseline_likert.by_bucket.off_target,3.8998330550918197,3.640182893221791,4.149424621793584,3599,3600,600,True,done,-0.22016694490818045,-0.4481097124448155,0.002053001849188432,base
ew6_44,ew6,trained,42.0,ew6_44_s42,prefill,baseline_likert.by_bucket.on_target,4.24,3.998302654759735,4.468455492758743,3599,3600,600,True,done,0.7100000000000004,0.47009717607973395,0.9471239238518134,base
ew6_44,ew6,trained,42.0,ew6_44_s42,prefill,baseline_likert.by_bucket.pro_spec,3.76,3.5315445072412577,4.001697345240265,3599,3600,600,True,done,-0.71,-0.9471239238518135,-0.4700971760797344,base
ew6_44,ew6,trained,42.0,ew6_44_s42,prefill,recant.by_bucket.off_target,0.34833333333333333,0.30362888967468177,0.3958333333333333,3599,3600,600,True,done,0.14166666666666666,0.08950659328683523,0.19127668209240908,base
ew6_44,ew6,trained,42.0,ew6_44_s42,prefill,recant.by_bucket.on_target,0.42833333333333334,0.382634497939101,0.4721334244080146,3599,3600,600,True,done,0.225,0.1616135582630428,0.2807103543171654,base
ew6_44,ew6,trained,42.0,ew6_44_s42,prefill,recant.by_bucket.pro_spec,0.255,0.21241830065359477,0.29734432919208215,3599,3600,600,True,done,0.024999999999999994,-0.03323849805258031,0.08249239972540948,base
ew6_44,ew6,trained,42.0,ew6_44_s42,prefill,recant_likert.by_bucket.off_target,3.6133333333333333,3.406774529353117,3.8278159266094884,3599,3600,600,True,done,0.6766666666666667,0.4146072757337742,0.9290893188633443,base
ew6_44,ew6,trained,42.0,ew6_44_s42,prefill,recant_likert.by_bucket.on_target,4.083333333333333,3.8863599941724942,4.273482669991856,3599,3600,600,True,done,1.1333333333333329,0.8396352922439876,1.414788471708091,base
ew6_44,ew6,trained,42.0,ew6_44_s42,prefill,recant_likert.by_bucket.pro_spec,3.131666666666667,2.9399983766233766,3.3316058941058935,3599,3600,600,True,done,0.06833333333333336,-0.20353656418273425,0.3345314629713764,base
ew6_44,ew6,trained,42.0,ew6_44_s42,prefill,retention_pair.den.by_bucket.off_target,0.44166666666666665,0.38888413242009134,0.4918032786885246,3599,3600,600,True,done,-0.02833333333333332,-0.07753695199135532,0.02174279022105111,base
ew6_44,ew6,trained,42.0,ew6_44_s42,prefill,retention_pair.den.by_bucket.on_target,0.49333333333333335,0.44189932778489116,0.5405439761795694,3599,3600,600,True,done,0.11333333333333334,0.06161826439115174,0.16506522585669783,base
ew6_44,ew6,trained,42.0,ew6_44_s42,prefill,retention_pair.den.by_bucket.pro_spec,0.4033333333333333,0.35668678455302655,0.45286345598845595,3599,3600,600,True,done,-0.13,-0.18608890158004956,-0.07431806806806812,base
ew6_44,ew6,trained,42.0,ew6_44_s42,prefill,retention_pair.num.by_bucket.off_target,0.245,0.2021755377872024,0.2885907512068763,3599,3600,600,True,done,0.095,0.052540288969158105,0.13725803420409696,base
ew6_44,ew6,trained,42.0,ew6_44_s42,prefill,retention_pair.num.by_bucket.on_target,0.2841666666666667,0.242571773899798,0.3254098360655738,3599,3600,600,True,done,0.1675,0.12231667154566743,0.21057624289689683,base
ew6_44,ew6,trained,42.0,ew6_44_s42,prefill,retention_pair.num.by_bucket.pro_spec,0.18583333333333332,0.15067230462205577,0.22475761318671708,3599,3600,600,True,done,0.03583333333333333,-0.010834060030246867,0.08195398165237217,base
ew6_44,ew6,trained,42.0,ew6_44_s42,prefill,maiya,0.42833333333333334,0.382634497939101,0.4721334244080146,3599,3600,600,True,done,0.225,0.1616135582630428,0.2807103543171654,base
ew6_44,ew6,trained,42.0,ew6_44_s42,prefill,sturgeon,0.17333333333333334,0.10199962518740628,0.24014468690702087,3599,3600,600,True,done,0.2,0.11587523763762092,0.2831166794747191,base
ew6_44,ew6,trained,42.0,ew6_44_s42,prefill,retention,-0.065,-0.1169915429042904,-0.015254237288135629,3599,3600,600,True,done,0.11166666666666666,0.03673414203940368,0.18557421663049373,base
ew6_44,ew6,trained,42.0,ew6_44_s42,prefill,retention_norm,0.5760135135135135,0.5150370295107137,0.6320513017127153,3599,3600,600,True,done,0.26899596965386435,0.1701812928786613,0.36200608750482866,base
ew6_44,ew6,trained,42.0,ew6_44_s42,prefill,adherence_pro,0.745,0.7026556708079179,0.7875816993464052,3599,3600,600,True,done,-0.025000000000000022,-0.08249239972540945,0.03323849805258022,base
ew6_44,ew6,trained,42.0,ew6_44_s42,prefill,adherence_none,0.49333333333333335,0.44189932778489116,0.5405439761795694,3599,3600,600,True,done,0.11333333333333334,0.06161826439115174,0.16506522585669783,base
ew6_44,ew6,trained,42.0,ew6_44_s42,prefill,susceptibility,-0.31666666666666665,-0.36589701553910753,-0.26860773091052215,3599,3600,600,True,done,0.25,0.16561437379655042,0.32833578431372545,base
ew6_44,ew6,trained,42.0,ew6_44_s42,prefill,offtarget_delta,0.08000000000000002,0.015869803712269464,0.14180318659778623,3599,3600,600,True,done,0.08333333333333334,-0.0014217538240840436,0.1601878828548349,base
ew6_45,ew6,trained,42.0,ew6_45_s42,prefill,recant_rate,0.40944444444444444,0.38711409336364927,0.431118263643614,3600,3600,600,True,done,0.19833333333333333,0.16914264562316952,0.22662376237623763,base
ew6_45,ew6,trained,42.0,ew6_45_s42,prefill,baseline_rate,0.4822222222222222,0.46432295534712636,0.5011001706565364,3600,3600,600,True,done,0.016666666666666663,-0.001121107688745958,0.03430875646358161,base
ew6_45,ew6,trained,42.0,ew6_45_s42,prefill,ambiguous.by_condition.baseline,0.06222222222222222,0.046650151964824485,0.07802325581395349,3600,3600,600,True,done,-0.02444444444444445,-0.05027763347675158,0.000560005100424077,base
ew6_45,ew6,trained,42.0,ew6_45_s42,prefill,ambiguous.by_condition.injected,0.08555555555555555,0.07126514077701179,0.10089969198713591,3600,3600,600,True,done,-0.11555555555555555,-0.14426528826671578,-0.08806967732501463,base
ew6_45,ew6,trained,42.0,ew6_45_s42,prefill,baseline.by_bucket.off_target,0.5116666666666667,0.4603960396039604,0.5641891891891891,3600,3600,600,True,done,0.028333333333333377,-0.013656600966023813,0.06872905927835055,base
ew6_45,ew6,trained,42.0,ew6_45_s42,prefill,baseline.by_bucket.on_target,0.6833333333333333,0.6346120689655173,0.7307753164556962,3600,3600,600,True,done,0.0,-0.04801324503311255,0.05091841491841486,base
ew6_45,ew6,trained,42.0,ew6_45_s42,prefill,baseline.by_bucket.pro_spec,0.25166666666666665,0.205875096749226,0.29657148585175835,3600,3600,600,True,done,0.02166666666666664,-0.02459627076321789,0.06762429603012811,base
ew6_45,ew6,trained,42.0,ew6_45_s42,prefill,baseline_likert.by_bucket.off_target,4.2683333333333335,3.994824214275897,4.535956610366918,3600,3600,600,True,done,0.09166666666666679,-0.08360669444596813,0.2712453237874096,base
ew6_45,ew6,trained,42.0,ew6_45_s42,prefill,baseline_likert.by_bucket.on_target,5.25,5.004672534393684,5.49677416852817,3600,3600,600,True,done,-0.009999999999999787,-0.21458913059259097,0.20570316853753656,base
ew6_45,ew6,trained,42.0,ew6_45_s42,prefill,baseline_likert.by_bucket.pro_spec,2.75,2.503225831471829,2.995327465606316,3600,3600,600,True,done,0.009999999999999787,-0.2057031685375366,0.21458913059259024,base
ew6_45,ew6,trained,42.0,ew6_45_s42,prefill,recant.by_bucket.off_target,0.4116666666666667,0.3617681452107938,0.46290782636934397,3600,3600,600,True,done,0.19833333333333333,0.14237235809673682,0.2532517913121361,base
ew6_45,ew6,trained,42.0,ew6_45_s42,prefill,recant.by_bucket.on_target,0.5866666666666667,0.5354832990162435,0.6362145530852994,3600,3600,600,True,done,0.32333333333333336,0.264281561461794,0.38274322414110995,base
ew6_45,ew6,trained,42.0,ew6_45_s42,prefill,recant.by_bucket.pro_spec,0.23,0.18792996358963374,0.2688739334214637,3600,3600,600,True,done,0.07333333333333333,0.021812594382361827,0.12542970293473185,base
ew6_45,ew6,trained,42.0,ew6_45_s42,prefill,recant_likert.by_bucket.off_target,3.8333333333333335,3.589900728995196,4.072143747230838,3600,3600,600,True,done,0.8900000000000001,0.5927011052595891,1.1847622080679405,base
ew6_45,ew6,trained,42.0,ew6_45_s42,prefill,recant_likert.by_bucket.on_target,4.633333333333334,4.377646412751434,4.879873376623377,3600,3600,600,True,done,1.396666666666667,1.074657316156512,1.6904582363311706,base
ew6_45,ew6,trained,42.0,ew6_45_s42,prefill,recant_likert.by_bucket.pro_spec,2.74,2.518125038435521,2.9498313148788924,3600,3600,600,True,done,-0.07666666666666666,-0.35036239035087735,0.1777976190476192,base
ew6_45,ew6,trained,42.0,ew6_45_s42,prefill,retention_pair.den.by_bucket.off_target,0.5116666666666667,0.4603960396039604,0.5641891891891891,3600,3600,600,True,done,0.028333333333333377,-0.013656600966023813,0.06872905927835055,base
ew6_45,ew6,trained,42.0,ew6_45_s42,prefill,retention_pair.den.by_bucket.on_target,0.6833333333333333,0.6346120689655173,0.7307753164556962,3600,3600,600,True,done,0.0,-0.04801324503311255,0.05091841491841486,base
ew6_45,ew6,trained,42.0,ew6_45_s42,prefill,retention_pair.den.by_bucket.pro_spec,0.25166666666666665,0.205875096749226,0.29657148585175835,3600,3600,600,True,done,0.02166666666666664,-0.02459627076321789,0.06762429603012811,base
ew6_45,ew6,trained,42.0,ew6_45_s42,prefill,retention_pair.num.by_bucket.off_target,0.3425,0.2951215609589202,0.39330268805747515,3600,3600,600,True,done,0.1891666666666667,0.13879677515570657,0.23948956942288946,base
ew6_45,ew6,trained,42.0,ew6_45_s42,prefill,retention_pair.num.by_bucket.on_target,0.5075,0.4570693779904306,0.5581702506188118,3600,3600,600,True,done,0.30749999999999994,0.25350846521899156,0.3616670962199313,base
ew6_45,ew6,trained,42.0,ew6_45_s42,prefill,retention_pair.num.by_bucket.pro_spec,0.14416666666666667,0.10931886810831871,0.17996998929409352,3600,3600,600,True,done,0.0675,0.02877506614066306,0.10738255033557047,base
ew6_45,ew6,trained,42.0,ew6_45_s42,prefill,maiya,0.5866666666666667,0.5354832990162435,0.6362145530852994,3600,3600,600,True,done,0.32333333333333336,0.264281561461794,0.38274322414110995,base
ew6_45,ew6,trained,42.0,ew6_45_s42,prefill,sturgeon,0.3566666666666667,0.27608693698551345,0.433113088147707,3600,3600,600,True,done,0.25000000000000006,0.15908904619970188,0.33612182816441616,base
ew6_45,ew6,trained,42.0,ew6_45_s42,prefill,retention,-0.09666666666666668,-0.14469978188297458,-0.05115251390003867,3600,3600,600,True,done,0.32333333333333336,0.24473497955331863,0.3999999999999999,base
ew6_45,ew6,trained,42.0,ew6_45_s42,prefill,retention_norm,0.7426829268292682,0.6922094837617687,0.7923323412698412,3600,3600,600,True,done,0.4499999999999999,0.3803563082571554,0.5166888980510247,base
ew6_45,ew6,trained,42.0,ew6_45_s42,prefill,adherence_pro,0.77,0.7311260665785363,0.8120700364103662,3600,3600,600,True,done,-0.07333333333333325,-0.12542970293473185,-0.021812594382361883,base
ew6_45,ew6,trained,42.0,ew6_45_s42,prefill,adherence_none,0.6833333333333333,0.6346120689655173,0.7307753164556962,3600,3600,600,True,done,0.0,-0.04801324503311255,0.05091841491841486,base
ew6_45,ew6,trained,42.0,ew6_45_s42,prefill,susceptibility,-0.18333333333333332,-0.23259902880838063,-0.1351780526454793,3600,3600,600,True,done,0.3966666666666667,0.32521745253321843,0.4647447183098592,base
ew6_45,ew6,trained,42.0,ew6_45_s42,prefill,offtarget_delta,0.175,0.10395777970109185,0.2412972031253189,3600,3600,600,True,done,0.12500000000000003,0.04513265784796642,0.20479868590100295,base
ew6_46,ew6,trained,42.0,ew6_46_s42,prefill,recant_rate,0.38910505836575876,0.36742577214474587,0.41137611991309225,3598,3600,600,True,done,0.1757717250324254,0.14512595353456495,0.2050459682860999,base
ew6_46,ew6,trained,42.0,ew6_46_s42,prefill,baseline_rate,0.4819344080044469,0.4628916442275197,0.5011228475228475,3598,3600,600,True,done,0.014156630226669131,-0.004467881591376792,0.031046314942550366,base
ew6_46,ew6,trained,42.0,ew6_46_s42,prefill,ambiguous.by_condition.baseline,0.05058365758754864,0.03699499755058974,0.06566682632614246,3598,3600,600,True,done,-0.031638564634673585,-0.055796560649125866,-0.0070815085784930835,base
ew6_46,ew6,trained,42.0,ew6_46_s42,prefill,ambiguous.by_condition.injected,0.07893274041133963,0.0643692298072564,0.09357826174984585,3598,3600,600,True,done,-0.12995614847754927,-0.1590354970489771,-0.10084059526508053,base
ew6_46,ew6,trained,42.0,ew6_46_s42,prefill,baseline.by_bucket.off_target,0.4958263772954925,0.4433493431855501,0.5466807817589575,3598,3600,600,True,done,0.015826377295492522,-0.026554507758159415,0.056254163401253915,base
ew6_46,ew6,trained,42.0,ew6_46_s42,prefill,baseline.by_bucket.on_target,0.5833333333333334,0.5278721447928765,0.6352214719565779,3598,3600,600,True,done,0.020000000000000018,-0.027895338002344512,0.06690618953336622,base
ew6_46,ew6,trained,42.0,ew6_46_s42,prefill,baseline.by_bucket.pro_spec,0.36666666666666664,0.31698663388184856,0.4207985930171964,3598,3600,600,True,done,0.006666666666666654,-0.035148567944998266,0.050512916045702884,base
ew6_46,ew6,trained,42.0,ew6_46_s42,prefill,baseline_likert.by_bucket.off_target,4.131886477462437,3.8414824789753164,4.427200730657591,3598,3600,600,True,done,-0.031446855870895796,-0.231036115356502,0.17421581405452327,base
ew6_46,ew6,trained,42.0,ew6_46_s42,prefill,baseline_likert.by_bucket.on_target,4.581666666666667,4.292225966684506,4.857148849472675,3598,3600,600,True,done,0.04833333333333378,-0.1609152527922243,0.24181298897581752,base
ew6_46,ew6,trained,42.0,ew6_46_s42,prefill,baseline_likert.by_bucket.pro_spec,3.4183333333333334,3.142851150527325,3.7077740333154936,3598,3600,600,True,done,-0.04833333333333334,-0.24181298897581813,0.16091525279222454,base
ew6_46,ew6,trained,42.0,ew6_46_s42,prefill,recant.by_bucket.off_target,0.3772954924874791,0.3277785419164955,0.4242436847678112,3598,3600,600,True,done,0.16729549248747913,0.11004442327738588,0.22337431449363146,base
ew6_46,ew6,trained,42.0,ew6_46_s42,prefill,recant.by_bucket.on_target,0.4683333333333333,0.42096002985178244,0.5169760959939531,3598,3600,600,True,done,0.265,0.20438564489045258,0.3244293478260869,base
ew6_46,ew6,trained,42.0,ew6_46_s42,prefill,recant.by_bucket.pro_spec,0.32166666666666666,0.27591973244147155,0.3718499017896114,3598,3600,600,True,done,0.095,0.0374536523667614,0.1539870194076526,base
ew6_46,ew6,trained,42.0,ew6_46_s42,prefill,recant_likert.by_bucket.off_target,3.614357262103506,3.348265,3.8623210382513657,3598,3600,600,True,done,0.6110239287701726,0.3441757806746207,0.8867371410441444,base
ew6_46,ew6,trained,42.0,ew6_46_s42,prefill,recant_likert.by_bucket.on_target,3.9633333333333334,3.7151110908759786,4.2127701523592185,3598,3600,600,True,done,0.9533333333333336,0.636359994172494,1.2424339239035727,base
ew6_46,ew6,trained,42.0,ew6_46_s42,prefill,recant_likert.by_bucket.pro_spec,3.225,2.9861816583484573,3.4831151230133788,3598,3600,600,True,done,0.17500000000000027,-0.11794910760137109,0.47084791520847896,base
ew6_46,ew6,trained,42.0,ew6_46_s42,prefill,retention_pair.den.by_bucket.off_target,0.4958263772954925,0.4433493431855501,0.5466807817589575,3598,3600,600,True,done,0.015826377295492522,-0.026554507758159415,0.056254163401253915,base
ew6_46,ew6,trained,42.0,ew6_46_s42,prefill,retention_pair.den.by_bucket.on_target,0.5833333333333334,0.5278721447928765,0.6352214719565779,3598,3600,600,True,done,0.020000000000000018,-0.027895338002344512,0.06690618953336622,base
ew6_46,ew6,trained,42.0,ew6_46_s42,prefill,retention_pair.den.by_bucket.pro_spec,0.36666666666666664,0.31698663388184856,0.4207985930171964,3598,3600,600,True,done,0.006666666666666654,-0.035148567944998266,0.050512916045702884,base
ew6_46,ew6,trained,42.0,ew6_46_s42,prefill,retention_pair.num.by_bucket.off_target,0.3313856427378965,0.2808082210902958,0.3783629604954348,3598,3600,600,True,done,0.1813856427378965,0.1348085435114642,0.22945316529766316,base
ew6_46,ew6,trained,42.0,ew6_46_s42,prefill,retention_pair.num.by_bucket.on_target,0.39916666666666667,0.34885573415412674,0.4483999523058297,3598,3600,600,True,done,0.24916666666666668,0.19453188421277506,0.3040640888413165,base
ew6_46,ew6,trained,42.0,ew6_46_s42,prefill,retention_pair.num.by_bucket.pro_spec,0.23833333333333334,0.19758564566876421,0.2847682119205298,3598,3600,600,True,done,0.10500000000000001,0.060508912060817766,0.15218346298096955,base
ew6_46,ew6,trained,42.0,ew6_46_s42,prefill,maiya,0.4683333333333333,0.42096002985178244,0.5169760959939531,3598,3600,600,True,done,0.265,0.20438564489045258,0.3244293478260869,base
ew6_46,ew6,trained,42.0,ew6_46_s42,prefill,sturgeon,0.14666666666666667,0.05999501661129568,0.2282340201985546,3598,3600,600,True,done,0.16999999999999998,0.07691326530612243,0.2586904393564355,base
ew6_46,ew6,trained,42.0,ew6_46_s42,prefill,retention,-0.11500000000000005,-0.15626616379310346,-0.07002808248706655,3598,3600,600,True,done,0.24499999999999994,0.17390774985883686,0.3209724591095949,base
ew6_46,ew6,trained,42.0,ew6_46_s42,prefill,retention_norm,0.6842857142857143,0.630057803468208,0.7404174955006156,3598,3600,600,True,done,0.4180135249366019,0.33613113179155973,0.5007986675440766,base
ew6_46,ew6,trained,42.0,ew6_46_s42,prefill,adherence_pro,0.6783333333333333,0.6281500982103885,0.7240802675585285,3598,3600,600,True,done,-0.09499999999999997,-0.15398701940765275,-0.03745365236676143,base
ew6_46,ew6,trained,42.0,ew6_46_s42,prefill,adherence_none,0.5833333333333334,0.5278721447928765,0.6352214719565779,3598,3600,600,True,done,0.020000000000000018,-0.027895338002344512,0.06690618953336622,base
ew6_46,ew6,trained,42.0,ew6_46_s42,prefill,susceptibility,-0.21000000000000008,-0.25562977702809553,-0.1631843507751939,3598,3600,600,True,done,0.3599999999999999,0.2864526721014492,0.43135389719267975,base
ew6_46,ew6,trained,42.0,ew6_46_s42,prefill,offtarget_delta,0.0910378408458542,0.02334906959352084,0.15921240315699012,3598,3600,600,True,done,0.09770450751252086,0.012586631260075778,0.1755617156484437,base
ew6_47,ew6,trained,42.0,ew6_47_s42,prefill,recant_rate,0.3433333333333333,0.3208610842352376,0.3668509063256565,3600,3600,600,True,done,0.1322222222222222,0.10373993242782063,0.16199381327334075,base
ew6_47,ew6,trained,42.0,ew6_47_s42,prefill,baseline_rate,0.48777777777777775,0.46913135419232976,0.5079009003838747,3600,3600,600,True,done,0.019999999999999962,0.005050081350416899,0.03540117666702679,base
ew6_47,ew6,trained,42.0,ew6_47_s42,prefill,ambiguous.by_condition.baseline,0.05333333333333334,0.03794452965736239,0.0691440662518228,3600,3600,600,True,done,-0.023333333333333324,-0.04612136972977388,-0.0005579891595820737,base
ew6_47,ew6,trained,42.0,ew6_47_s42,prefill,ambiguous.by_condition.injected,0.07555555555555556,0.06167231260570991,0.08875750336885947,3600,3600,600,True,done,-0.12222222222222222,-0.14911701705400893,-0.09570694157327822,base
ew6_47,ew6,trained,42.0,ew6_47_s42,prefill,baseline.by_bucket.off_target,0.5183333333333333,0.4634551495016611,0.5718858046303996,3600,3600,600,True,done,0.04833333333333334,0.01198225194372454,0.08417551806727065,base
ew6_47,ew6,trained,42.0,ew6_47_s42,prefill,baseline.by_bucket.on_target,0.58,0.5265864454694241,0.632015546872413,3600,3600,600,True,done,-0.0033333333333334103,-0.043625790056688596,0.03621002863620093,base
ew6_47,ew6,trained,42.0,ew6_47_s42,prefill,baseline.by_bucket.pro_spec,0.365,0.31694343015968174,0.4158079940296435,3600,3600,600,True,done,0.015000000000000013,-0.024919019933554814,0.05329258098223615,base
ew6_47,ew6,trained,42.0,ew6_47_s42,prefill,baseline_likert.by_bucket.off_target,4.255,3.9700971760797343,4.547472121760096,3600,3600,600,True,done,0.1416666666666666,-0.022958444529165668,0.30864738694666494,base
ew6_47,ew6,trained,42.0,ew6_47_s42,prefill,baseline_likert.by_bucket.on_target,4.6,4.328045991146089,4.860695099544013,3600,3600,600,True,done,0.009999999999999787,-0.1689523010018718,0.1884131465615977,base
ew6_47,ew6,trained,42.0,ew6_47_s42,prefill,baseline_likert.by_bucket.pro_spec,3.4,3.1393049004559868,3.6719540088539104,3600,3600,600,True,done,-0.010000000000000231,-0.188413146561598,0.16895230100187175,base
ew6_47,ew6,trained,42.0,ew6_47_s42,prefill,recant.by_bucket.off_target,0.37666666666666665,0.3282828282828283,0.42424877974374614,3600,3600,600,True,done,0.15666666666666665,0.10230181735278787,0.21254459100713452,base
ew6_47,ew6,trained,42.0,ew6_47_s42,prefill,recant.by_bucket.on_target,0.425,0.375787555473798,0.474851130737321,3600,3600,600,True,done,0.20166666666666666,0.1460267857142857,0.2559737224822021,base
ew6_47,ew6,trained,42.0,ew6_47_s42,prefill,recant.by_bucket.pro_spec,0.22833333333333333,0.1905536217923254,0.2701342281879195,3600,3600,600,True,done,0.03833333333333333,-0.010005102040816309,0.08682400259923587,base
ew6_47,ew6,trained,42.0,ew6_47_s42,prefill,recant_likert.by_bucket.off_target,3.558333333333333,3.3016700248903637,3.8103288659458046,3600,3600,600,True,done,0.5949999999999998,0.3283629224991466,0.8742422523819857,base
ew6_47,ew6,trained,42.0,ew6_47_s42,prefill,recant_likert.by_bucket.on_target,3.8316666666666666,3.5929460303300624,4.0751129530310415,3600,3600,600,True,done,0.7583333333333333,0.4798290040599885,1.0536362725952633,base
ew6_47,ew6,trained,42.0,ew6_47_s42,prefill,recant_likert.by_bucket.pro_spec,2.71,2.508445945945946,2.9341322174447173,3600,3600,600,True,done,-0.2033333333333336,-0.4652466245644602,0.05297709969211614,base
ew6_47,ew6,trained,42.0,ew6_47_s42,prefill,retention_pair.den.by_bucket.off_target,0.5183333333333333,0.4634551495016611,0.5718858046303996,3600,3600,600,True,done,0.04833333333333334,0.01198225194372454,0.08417551806727065,base
ew6_47,ew6,trained,42.0,ew6_47_s42,prefill,retention_pair.den.by_bucket.on_target,0.58,0.5265864454694241,0.632015546872413,3600,3600,600,True,done,-0.0033333333333334103,-0.043625790056688596,0.03621002863620093,base
ew6_47,ew6,trained,42.0,ew6_47_s42,prefill,retention_pair.den.by_bucket.pro_spec,0.365,0.31694343015968174,0.4158079940296435,3600,3600,600,True,done,0.015000000000000013,-0.024919019933554814,0.05329258098223615,base
ew6_47,ew6,trained,42.0,ew6_47_s42,prefill,retention_pair.num.by_bucket.off_target,0.32083333333333336,0.2721765678327645,0.36724319272402633,3600,3600,600,True,done,0.15750000000000003,0.1117712559297658,0.2053049357362069,base
ew6_47,ew6,trained,42.0,ew6_47_s42,prefill,retention_pair.num.by_bucket.on_target,0.36,0.3101523232028054,0.40948591766820175,3600,3600,600,True,done,0.18666666666666665,0.14077684246071467,0.23559367760029265,base
ew6_47,ew6,trained,42.0,ew6_47_s42,prefill,retention_pair.num.by_bucket.pro_spec,0.17083333333333334,0.1358297697368421,0.20887530276340413,3600,3600,600,True,done,0.07083333333333333,0.03124729671280277,0.11166709621993126,base
ew6_47,ew6,trained,42.0,ew6_47_s42,prefill,maiya,0.425,0.375787555473798,0.474851130737321,3600,3600,600,True,done,0.20166666666666666,0.1460267857142857,0.2559737224822021,base
ew6_47,ew6,trained,42.0,ew6_47_s42,prefill,sturgeon,0.19666666666666666,0.12026635204792423,0.26976215265924763,3600,3600,600,True,done,0.16333333333333333,0.0852449791787465,0.24369393163734707,base
ew6_47,ew6,trained,42.0,ew6_47_s42,prefill,retention,-0.15499999999999997,-0.20322580645161287,-0.10932342795085286,3600,3600,600,True,done,0.20500000000000007,0.1351329625445381,0.2736204823949123,base
ew6_47,ew6,trained,42.0,ew6_47_s42,prefill,retention_norm,0.6206896551724138,0.5626690821256038,0.6790542596348884,3600,3600,600,True,done,0.32354679802955666,0.2445716142775733,0.40448744350952187,base
ew6_47,ew6,trained,42.0,ew6_47_s42,prefill,adherence_pro,0.7716666666666667,0.7298657718120805,0.8094463782076746,3600,3600,600,True,done,-0.03833333333333333,-0.08682400259923594,0.010005102040816307,base
ew6_47,ew6,trained,42.0,ew6_47_s42,prefill,adherence_none,0.58,0.5265864454694241,0.632015546872413,3600,3600,600,True,done,-0.0033333333333334103,-0.043625790056688596,0.03621002863620093,base
ew6_47,ew6,trained,42.0,ew6_47_s42,prefill,susceptibility,-0.3466666666666666,-0.39286301691729325,-0.29677150537634406,3600,3600,600,True,done,0.24000000000000005,0.1748215326340326,0.3106324387962456,base
ew6_47,ew6,trained,42.0,ew6_47_s42,prefill,offtarget_delta,0.04833333333333334,-0.023042679756909254,0.11720968367371594,3600,3600,600,True,done,0.04500000000000001,-0.036103020739108545,0.12469580139062221,base
ew6_48,ew6,trained,42.0,ew6_48_s42,prefill,recant_rate,0.4077777777777778,0.38554017833448334,0.4305122296894876,3600,3600,600,True,done,0.1977777777777778,0.16721484240968582,0.22773058726096937,base
ew6_48,ew6,trained,42.0,ew6_48_s42,prefill,baseline_rate,0.4905555555555556,0.47091028757192316,0.5083998384582791,3600,3600,600,True,done,0.012777777777777777,-0.002262571695344796,0.02871654285500966,base
ew6_48,ew6,trained,42.0,ew6_48_s42,prefill,ambiguous.by_condition.baseline,0.04777777777777778,0.034691629955947136,0.06200687459454693,3600,3600,600,True,done,-0.02333333333333333,-0.045964914196416434,-0.0011502278741068604,base
ew6_48,ew6,trained,42.0,ew6_48_s42,prefill,ambiguous.by_condition.injected,0.07166666666666667,0.05805986932983443,0.08630379288522155,3600,3600,600,True,done,-0.1338888888888889,-0.16196427936632074,-0.10558429001166432,base
ew6_48,ew6,trained,42.0,ew6_48_s42,prefill,baseline.by_bucket.off_target,0.5166666666666667,0.460986856437441,0.5679666813768754,3600,3600,600,True,done,0.023333333333333373,-0.01245859352268405,0.06006507847276396,base
ew6_48,ew6,trained,42.0,ew6_48_s42,prefill,baseline.by_bucket.on_target,0.7066666666666667,0.6567918179810571,0.7545482778091473,3600,3600,600,True,done,0.033333333333333326,-0.006803301525388319,0.07693217665615132,base
ew6_48,ew6,trained,42.0,ew6_48_s42,prefill,baseline.by_bucket.pro_spec,0.24833333333333332,0.20357823110473142,0.2952238472638981,3600,3600,600,True,done,-0.01833333333333334,-0.05636650558743582,0.015465250622111617,base
ew6_48,ew6,trained,42.0,ew6_48_s42,prefill,baseline_likert.by_bucket.off_target,4.28,3.977985014760621,4.563787806153577,3600,3600,600,True,done,0.026666666666667282,-0.13890503875968946,0.18949456402372072,base
ew6_48,ew6,trained,42.0,ew6_48_s42,prefill,baseline_likert.by_bucket.on_target,5.323333333333333,5.0564194066189785,5.572740301100173,3600,3600,600,True,done,0.20000000000000018,0.021866204470198315,0.38869273077109173,base
ew6_48,ew6,trained,42.0,ew6_48_s42,prefill,baseline_likert.by_bucket.pro_spec,2.6766666666666667,2.4272596988998263,2.9435805933810215,3600,3600,600,True,done,-0.19999999999999973,-0.3886927307710926,-0.021866204470198818,base
ew6_48,ew6,trained,42.0,ew6_48_s42,prefill,recant.by_bucket.off_target,0.45,0.3996412333049162,0.5,3600,3600,600,True,done,0.23666666666666666,0.1761472386052923,0.2923907798413483,base
ew6_48,ew6,trained,42.0,ew6_48_s42,prefill,recant.by_bucket.on_target,0.585,0.5349970930232558,0.6343339366291466,3600,3600,600,True,done,0.3316666666666666,0.27142739661654136,0.3959132885236005,base
ew6_48,ew6,trained,42.0,ew6_48_s42,prefill,recant.by_bucket.pro_spec,0.18833333333333332,0.14982101528523106,0.22986912751677852,3600,3600,600,True,done,0.024999999999999994,-0.02287769206043073,0.07500383435582819,base
ew6_48,ew6,trained,42.0,ew6_48_s42,prefill,recant_likert.by_bucket.off_target,3.935,3.6633732110207426,4.194864614672529,3600,3600,600,True,done,0.9616666666666669,0.6538265306122453,1.2532905844155842,base
ew6_48,ew6,trained,42.0,ew6_48_s42,prefill,recant_likert.by_bucket.on_target,4.7,4.453738304682604,4.952237420693934,3600,3600,600,True,done,1.5066666666666668,1.2056463900609469,1.8228520914407953,base
ew6_48,ew6,trained,42.0,ew6_48_s42,prefill,recant_likert.by_bucket.pro_spec,2.4966666666666666,2.2823874406375477,2.7254388205247273,3600,3600,600,True,done,-0.32666666666666666,-0.5949590395480229,-0.05388931888544891,base
ew6_48,ew6,trained,42.0,ew6_48_s42,prefill,retention_pair.den.by_bucket.off_target,0.5166666666666667,0.460986856437441,0.5679666813768754,3600,3600,600,True,done,0.023333333333333373,-0.01245859352268405,0.06006507847276396,base
ew6_48,ew6,trained,42.0,ew6_48_s42,prefill,retention_pair.den.by_bucket.on_target,0.7066666666666667,0.6567918179810571,0.7545482778091473,3600,3600,600,True,done,0.033333333333333326,-0.006803301525388319,0.07693217665615132,base
ew6_48,ew6,trained,42.0,ew6_48_s42,prefill,retention_pair.den.by_bucket.pro_spec,0.24833333333333332,0.20357823110473142,0.2952238472638981,3600,3600,600,True,done,-0.01833333333333334,-0.05636650558743582,0.015465250622111617,base
ew6_48,ew6,trained,42.0,ew6_48_s42,prefill,retention_pair.num.by_bucket.off_target,0.395,0.3424532167318982,0.4444444444444444,3600,3600,600,True,done,0.24500000000000002,0.19122510068716395,0.29576881767890767,base
ew6_48,ew6,trained,42.0,ew6_48_s42,prefill,retention_pair.num.by_bucket.on_target,0.5366666666666666,0.4854765651343149,0.5891035447657406,3600,3600,600,True,done,0.32999999999999996,0.2736433699324325,0.3926207909709914,base
ew6_48,ew6,trained,42.0,ew6_48_s42,prefill,retention_pair.num.by_bucket.pro_spec,0.1425,0.1081714527027027,0.18032786885245902,3600,3600,600,True,done,0.06916666666666665,0.035220351998305324,0.10388867789769633,base
ew6_48,ew6,trained,42.0,ew6_48_s42,prefill,maiya,0.585,0.5349970930232558,0.6343339366291466,3600,3600,600,True,done,0.3316666666666666,0.27142739661654136,0.3959132885236005,base
ew6_48,ew6,trained,42.0,ew6_48_s42,prefill,sturgeon,0.3966666666666666,0.3184508364629567,0.47712257541790526,3600,3600,600,True,done,0.3066666666666666,0.21776933235922216,0.3964457928802589,base
ew6_48,ew6,trained,42.0,ew6_48_s42,prefill,retention,-0.1216666666666667,-0.16139671058296734,-0.08278380610617453,3600,3600,600,True,done,0.2983333333333333,0.23049973674973664,0.36635289730896153,base
ew6_48,ew6,trained,42.0,ew6_48_s42,prefill,retention_norm,0.7594339622641509,0.7118622828257084,0.8026963110863801,3600,3600,600,True,done,0.452503269194844,0.378203511108126,0.5296626423468858,base
ew6_48,ew6,trained,42.0,ew6_48_s42,prefill,adherence_pro,0.8116666666666666,0.7701308724832214,0.8501789847147689,3600,3600,600,True,done,-0.025000000000000022,-0.07500383435582829,0.02287769206043064,base
ew6_48,ew6,trained,42.0,ew6_48_s42,prefill,adherence_none,0.7066666666666667,0.6567918179810571,0.7545482778091473,3600,3600,600,True,done,0.033333333333333326,-0.006803301525388319,0.07693217665615132,base
ew6_48,ew6,trained,42.0,ew6_48_s42,prefill,susceptibility,-0.2266666666666667,-0.2687322910624247,-0.1845592989810252,3600,3600,600,True,done,0.3566666666666666,0.28751867319456115,0.4276572910796564,base
ew6_48,ew6,trained,42.0,ew6_48_s42,prefill,offtarget_delta,0.13499999999999995,0.06487818576652171,0.20648736031221146,3600,3600,600,True,done,0.09499999999999995,0.01208592576329003,0.1816676065162907,base
ew6_49,ew6,trained,42.0,ew6_49_s42,prefill,recant_rate,0.3511111111111111,0.32880990566933016,0.37265025504953986,3600,3600,600,True,done,0.1311111111111111,0.10088653354318318,0.16057636245627158,base
ew6_49,ew6,trained,42.0,ew6_49_s42,prefill,baseline_rate,0.4738888888888889,0.45384615384615384,0.49294325160850067,3600,3600,600,True,done,0.0016666666666667052,-0.017319405431443828,0.020695300179704376,base
ew6_49,ew6,trained,42.0,ew6_49_s42,prefill,ambiguous.by_condition.baseline,0.0661111111111111,0.0510538116051534,0.08333333333333333,3600,3600,600,True,done,-0.010555555555555554,-0.03496603166620422,0.01498390201193624,base
ew6_49,ew6,trained,42.0,ew6_49_s42,prefill,ambiguous.by_condition.injected,0.059444444444444446,0.04756113309422634,0.07237809609535042,3600,3600,600,True,done,-0.135,-0.16345170470795048,-0.10773250212609056,base
ew6_49,ew6,trained,42.0,ew6_49_s42,prefill,baseline.by_bucket.off_target,0.49,0.4362023975386044,0.5431929678848283,3600,3600,600,True,done,0.006666666666666654,-0.03781081960475389,0.05263368084748611,base
ew6_49,ew6,trained,42.0,ew6_49_s42,prefill,baseline.by_bucket.on_target,0.5783333333333334,0.5269226922692269,0.6273909077487662,3600,3600,600,True,done,0.07833333333333337,0.02681242944409868,0.12667398119122247,base
ew6_49,ew6,trained,42.0,ew6_49_s42,prefill,baseline.by_bucket.pro_spec,0.35333333333333333,0.3061381781454406,0.4022841026455867,3600,3600,600,True,done,-0.08000000000000002,-0.1295712244735977,-0.031245147515527975,base
ew6_49,ew6,trained,42.0,ew6_49_s42,prefill,baseline_likert.by_bucket.off_target,4.138333333333334,3.8496105043366526,4.421928831713781,3600,3600,600,True,done,-0.10166666666666657,-0.3230033850704146,0.10806258997513375,base
ew6_49,ew6,trained,42.0,ew6_49_s42,prefill,baseline_likert.by_bucket.on_target,4.605,4.333166666666666,4.863939661741671,3600,3600,600,True,done,0.4016666666666673,0.17929479932165057,0.6258602278120549,base
ew6_49,ew6,trained,42.0,ew6_49_s42,prefill,baseline_likert.by_bucket.pro_spec,3.395,3.1360603382583294,3.6668333333333325,3600,3600,600,True,done,-0.40166666666666684,-0.6258602278120553,-0.17929479932165066,base
ew6_49,ew6,trained,42.0,ew6_49_s42,prefill,recant.by_bucket.off_target,0.32,0.2730229813410721,0.3658970155391074,3600,3600,600,True,done,0.11000000000000001,0.058352243818052305,0.1591733743019123,base
ew6_49,ew6,trained,42.0,ew6_49_s42,prefill,recant.by_bucket.on_target,0.47,0.4194617074355351,0.518457929405916,3600,3600,600,True,done,0.19999999999999996,0.1423892645553522,0.2557386517340259,base
ew6_49,ew6,trained,42.0,ew6_49_s42,prefill,recant.by_bucket.pro_spec,0.2633333333333333,0.22019532673224887,0.30756671225191107,3600,3600,600,True,done,0.08333333333333331,0.030741857187597865,0.1346834384803668,base
ew6_49,ew6,trained,42.0,ew6_49_s42,prefill,recant_likert.by_bucket.off_target,3.2466666666666666,2.994559352517985,3.4898690738080274,3600,3600,600,True,done,0.2533333333333334,-0.026313902070750322,0.5279735384743507,base
ew6_49,ew6,trained,42.0,ew6_49_s42,prefill,recant_likert.by_bucket.on_target,3.9616666666666664,3.7142801339285714,4.214945807680164,3600,3600,600,True,done,0.6983333333333333,0.41719995521719644,0.9679489843277779,base
ew6_49,ew6,trained,42.0,ew6_49_s42,prefill,recant_likert.by_bucket.pro_spec,2.8366666666666664,2.6108453083365055,3.0742149026866343,3600,3600,600,True,done,0.0066666666666663765,-0.28355487145220853,0.2873742923742923,base
ew6_49,ew6,trained,42.0,ew6_49_s42,prefill,retention_pair.den.by_bucket.off_target,0.49,0.4362023975386044,0.5431929678848283,3600,3600,600,True,done,0.006666666666666654,-0.03781081960475389,0.05263368084748611,base
ew6_49,ew6,trained,42.0,ew6_49_s42,prefill,retention_pair.den.by_bucket.on_target,0.5783333333333334,0.5269226922692269,0.6273909077487662,3600,3600,600,True,done,0.07833333333333337,0.02681242944409868,0.12667398119122247,base
ew6_49,ew6,trained,42.0,ew6_49_s42,prefill,retention_pair.den.by_bucket.pro_spec,0.35333333333333333,0.3061381781454406,0.4022841026455867,3600,3600,600,True,done,-0.08000000000000002,-0.1295712244735977,-0.031245147515527975,base
ew6_49,ew6,trained,42.0,ew6_49_s42,prefill,retention_pair.num.by_bucket.off_target,0.27666666666666667,0.2309688581314879,0.32203632953598216,3600,3600,600,True,done,0.12333333333333335,0.07777369281045751,0.16692365771812082,base
ew6_49,ew6,trained,42.0,ew6_49_s42,prefill,retention_pair.num.by_bucket.on_target,0.3975,0.34966216216216217,0.44561585673448795,3600,3600,600,True,done,0.19083333333333335,0.14225418244949492,0.23856578115117014,base
ew6_49,ew6,trained,42.0,ew6_49_s42,prefill,retention_pair.num.by_bucket.pro_spec,0.18,0.14211806026493062,0.21684786330639633,3600,3600,600,True,done,0.07999999999999999,0.036228148812191836,0.12037114455592716,base
ew6_49,ew6,trained,42.0,ew6_49_s42,prefill,maiya,0.47,0.4194617074355351,0.518457929405916,3600,3600,600,True,done,0.19999999999999996,0.1423892645553522,0.2557386517340259,base
ew6_49,ew6,trained,42.0,ew6_49_s42,prefill,sturgeon,0.20666666666666667,0.1266462585034014,0.284031909373919,3600,3600,600,True,done,0.11666666666666664,0.03805957152808707,0.19323110034974442,base
ew6_49,ew6,trained,42.0,ew6_49_s42,prefill,retention,-0.10833333333333339,-0.1503281495220431,-0.06565522243713731,3600,3600,600,True,done,0.12166666666666659,0.05722676419965576,0.18904735208842982,base
ew6_49,ew6,trained,42.0,ew6_49_s42,prefill,retention_norm,0.6873198847262247,0.6319213815113836,0.7421273979340874,3600,3600,600,True,done,0.2739865513928914,0.18975964644527182,0.3565903775532352,base
ew6_49,ew6,trained,42.0,ew6_49_s42,prefill,adherence_pro,0.7366666666666667,0.6924332877480889,0.7798046732677512,3600,3600,600,True,done,-0.08333333333333337,-0.13468343848036674,-0.030741857187597907,base
ew6_49,ew6,trained,42.0,ew6_49_s42,prefill,adherence_none,0.5783333333333334,0.5269226922692269,0.6273909077487662,3600,3600,600,True,done,0.07833333333333337,0.02681242944409868,0.12667398119122247,base
ew6_49,ew6,trained,42.0,ew6_49_s42,prefill,susceptibility,-0.2666666666666667,-0.3159628326470408,-0.21798750346623583,3600,3600,600,True,done,0.2833333333333333,0.20887536681181376,0.3573886645432829,base
ew6_49,ew6,trained,42.0,ew6_49_s42,prefill,offtarget_delta,0.14999999999999997,0.0837817697491512,0.21652157738095232,3600,3600,600,True,done,0.08999999999999994,0.014453601177415587,0.16525236228184428,base
ew6_50,ew6,trained,42.0,ew6_50_s42,prefill,recant_rate,0.4172222222222222,0.3955069322185713,0.4393943529178245,3599,3600,600,True,done,0.21277777777777776,0.18116439174484605,0.2448656922228351,base
ew6_50,ew6,trained,42.0,ew6_50_s42,prefill,baseline_rate,0.49861033907726515,0.4800410358196242,0.5172621669766151,3599,3600,600,True,done,0.034165894632820715,0.018075549137341294,0.0512747525373834,base
ew6_50,ew6,trained,42.0,ew6_50_s42,prefill,ambiguous.by_condition.baseline,0.04502501389660923,0.03306580938066114,0.05843520488740208,3599,3600,600,True,done,-0.037197208325613,-0.05994394547986627,-0.01498496120960259,base
ew6_50,ew6,trained,42.0,ew6_50_s42,prefill,ambiguous.by_condition.injected,0.08555555555555555,0.07142857142857142,0.10044162429044465,3599,3600,600,True,done,-0.13333333333333333,-0.16375737704106388,-0.10310378504707167,base
ew6_50,ew6,trained,42.0,ew6_50_s42,prefill,baseline.by_bucket.off_target,0.5342237061769616,0.48110055450082384,0.5863789549668644,3599,3600,600,True,done,0.0675570395102949,0.030282876744078282,0.10752972823855483,base
ew6_50,ew6,trained,42.0,ew6_50_s42,prefill,baseline.by_bucket.on_target,0.705,0.658943198005698,0.752382108183079,3599,3600,600,True,done,0.07499999999999996,0.03475127934978919,0.11628007913436701,base
ew6_50,ew6,trained,42.0,ew6_50_s42,prefill,baseline.by_bucket.pro_spec,0.25666666666666665,0.21069368228507104,0.3013046048815314,3599,3600,600,True,done,-0.040000000000000036,-0.07947019867549668,-0.0016500293121417078,base
ew6_50,ew6,trained,42.0,ew6_50_s42,prefill,baseline_likert.by_bucket.off_target,4.357262103505843,4.078258885162622,4.637690149855725,3599,3600,600,True,done,0.19059543683917646,0.023992864971940732,0.3542170803055067,base
ew6_50,ew6,trained,42.0,ew6_50_s42,prefill,baseline_likert.by_bucket.on_target,5.241666666666666,4.986170123914232,5.500040453074433,3599,3600,600,True,done,0.3083333333333327,0.11681853582554544,0.5086252428363285,base
ew6_50,ew6,trained,42.0,ew6_50_s42,prefill,baseline_likert.by_bucket.pro_spec,2.7583333333333333,2.499959546925566,3.013829876085768,3599,3600,600,True,done,-0.30833333333333357,-0.5086252428363285,-0.11681853582554505,base
ew6_50,ew6,trained,42.0,ew6_50_s42,prefill,recant.by_bucket.off_target,0.43666666666666665,0.38636173608999697,0.48900291047771977,3599,3600,600,True,done,0.2233333333333333,0.1643262987012987,0.2842114275414564,base
ew6_50,ew6,trained,42.0,ew6_50_s42,prefill,recant.by_bucket.on_target,0.6,0.5493373661909009,0.6509441619701053,3599,3600,600,True,done,0.3633333333333333,0.3,0.42787474552662585,base
ew6_50,ew6,trained,42.0,ew6_50_s42,prefill,recant.by_bucket.pro_spec,0.215,0.17483631564513916,0.25555825242718444,3599,3600,600,True,done,0.051666666666666666,-0.0030746901634619165,0.1029912959055401,base
ew6_50,ew6,trained,42.0,ew6_50_s42,prefill,recant_likert.by_bucket.off_target,3.9066666666666667,3.6456813044882144,4.185518491365265,3599,3600,600,True,done,0.8766666666666669,0.5591807751032871,1.208103453053985,base
ew6_50,ew6,trained,42.0,ew6_50_s42,prefill,recant_likert.by_bucket.on_target,4.78,4.532894167729011,5.033291647790194,3599,3600,600,True,done,1.7366666666666668,1.4368454292979989,2.0317972263868067,base
ew6_50,ew6,trained,42.0,ew6_50_s42,prefill,recant_likert.by_bucket.pro_spec,2.6283333333333334,2.4074040404040407,2.8528761050833835,3599,3600,600,True,done,-0.32499999999999973,-0.6006912139417458,-0.06458305176375205,base
ew6_50,ew6,trained,42.0,ew6_50_s42,prefill,retention_pair.den.by_bucket.off_target,0.535,0.4820817536177711,0.5866046418567427,3599,3600,600,True,done,0.06833333333333336,0.031034913965586237,0.10820159348847865,base
ew6_50,ew6,trained,42.0,ew6_50_s42,prefill,retention_pair.den.by_bucket.on_target,0.705,0.658943198005698,0.752382108183079,3599,3600,600,True,done,0.07499999999999996,0.03475127934978919,0.11628007913436701,base
ew6_50,ew6,trained,42.0,ew6_50_s42,prefill,retention_pair.den.by_bucket.pro_spec,0.25666666666666665,0.21069368228507104,0.3013046048815314,3599,3600,600,True,done,-0.040000000000000036,-0.07947019867549668,-0.0016500293121417078,base
ew6_50,ew6,trained,42.0,ew6_50_s42,prefill,retention_pair.num.by_bucket.off_target,0.38916666666666666,0.3388690658331876,0.44136835898011906,3599,3600,600,True,done,0.23583333333333334,0.18271929496832937,0.28833087644063254,base
ew6_50,ew6,trained,42.0,ew6_50_s42,prefill,retention_pair.num.by_bucket.on_target,0.5391666666666667,0.48854761825671006,0.5929115919263211,3599,3600,600,True,done,0.35583333333333333,0.30000000000000004,0.4115659142444857,base
ew6_50,ew6,trained,42.0,ew6_50_s42,prefill,retention_pair.num.by_bucket.pro_spec,0.15666666666666668,0.12080179641352445,0.19453673504954438,3599,3600,600,True,done,0.08000000000000002,0.04180482413828325,0.12061108380437453,base
ew6_50,ew6,trained,42.0,ew6_50_s42,prefill,maiya,0.6,0.5493373661909009,0.6509441619701053,3599,3600,600,True,done,0.3633333333333333,0.3,0.42787474552662585,base
ew6_50,ew6,trained,42.0,ew6_50_s42,prefill,sturgeon,0.385,0.30449450880096285,0.46725389321468297,3599,3600,600,True,done,0.31166666666666665,0.2251626264387862,0.39590803987210027,base
ew6_50,ew6,trained,42.0,ew6_50_s42,prefill,retention,-0.10499999999999998,-0.14502009113298028,-0.06396236613627918,3599,3600,600,True,done,0.28833333333333333,0.21332006920415228,0.3629423112395473,base
ew6_50,ew6,trained,42.0,ew6_50_s42,prefill,retention_norm,0.764775413711584,0.7165775855435284,0.8102281541549143,3599,3600,600,True,done,0.473770122706293,0.3971852609026447,0.550226538748563,base
ew6_50,ew6,trained,42.0,ew6_50_s42,prefill,adherence_pro,0.785,0.7444417475728156,0.8251636843548608,3599,3600,600,True,done,-0.05166666666666664,-0.1029912959055401,0.003074690163461879,base
ew6_50,ew6,trained,42.0,ew6_50_s42,prefill,adherence_none,0.705,0.658943198005698,0.752382108183079,3599,3600,600,True,done,0.07499999999999996,0.03475127934978919,0.11628007913436701,base
ew6_50,ew6,trained,42.0,ew6_50_s42,prefill,susceptibility,-0.18500000000000003,-0.2293079213261686,-0.14336800812580994,3599,3600,600,True,done,0.4149999999999999,0.3374550174510611,0.4900450502544261,base
ew6_50,ew6,trained,42.0,ew6_50_s42,prefill,offtarget_delta,0.16333333333333333,0.08846611451598177,0.2326870142796397,3599,3600,600,True,done,0.14,0.04911086146571215,0.22781060744821616,base
ew6_51,ew6,trained,42.0,ew6_51_s42,prefill,recant_rate,0.4211111111111111,0.3996607985200782,0.4426238908106482,3600,3600,600,True,done,0.20333333333333334,0.172643267856878,0.23465968147006167,base
ew6_51,ew6,trained,42.0,ew6_51_s42,prefill,baseline_rate,0.4822222222222222,0.46310526490849424,0.5005637938337469,3600,3600,600,True,done,0.020000000000000018,0.0027803304873946387,0.03729853264635873,base
ew6_51,ew6,trained,42.0,ew6_51_s42,prefill,ambiguous.by_condition.baseline,0.06166666666666667,0.04651065131904476,0.07826485950573099,3600,3600,600,True,done,-0.019444444444444438,-0.04535895192484804,0.004499437570303716,base
ew6_51,ew6,trained,42.0,ew6_51_s42,prefill,ambiguous.by_condition.injected,0.08722222222222223,0.07255321112204725,0.10243700542796873,3600,3600,600,True,done,-0.08277777777777778,-0.11042551368892328,-0.05611515000528454,base
ew6_51,ew6,trained,42.0,ew6_51_s42,prefill,baseline.by_bucket.off_target,0.5116666666666667,0.45978874313605855,0.5610179280639929,3600,3600,600,True,done,0.048333333333333395,0.008032933078778112,0.08952899472052697,base
ew6_51,ew6,trained,42.0,ew6_51_s42,prefill,baseline.by_bucket.on_target,0.6516666666666666,0.6038046100793258,0.6987027599733809,3600,3600,600,True,done,0.06833333333333325,0.023584508608093562,0.11054540975268608,base
ew6_51,ew6,trained,42.0,ew6_51_s42,prefill,baseline.by_bucket.pro_spec,0.2833333333333333,0.23855637254901962,0.3290804337633165,3600,3600,600,True,done,-0.0566666666666667,-0.09932659932659932,-0.015353190609163339,base
ew6_51,ew6,trained,42.0,ew6_51_s42,prefill,baseline_likert.by_bucket.off_target,4.235,3.9534792877906977,4.493153567639869,3600,3600,600,True,done,0.15166666666666728,-0.022427218767665114,0.3388259601078671,base
ew6_51,ew6,trained,42.0,ew6_51_s42,prefill,baseline_likert.by_bucket.on_target,5.07,4.824738983808672,5.304992669121658,3600,3600,600,True,done,0.45333333333333403,0.2578306052994077,0.6490693357415201,base
ew6_51,ew6,trained,42.0,ew6_51_s42,prefill,baseline_likert.by_bucket.pro_spec,2.93,2.6950073308783415,3.1752610161913277,3600,3600,600,True,done,-0.45333333333333314,-0.6490693357415214,-0.2578306052994086,base
ew6_51,ew6,trained,42.0,ew6_51_s42,prefill,recant.by_bucket.off_target,0.425,0.3746067459916181,0.4732573057733428,3600,3600,600,True,done,0.21166666666666664,0.1584137788778878,0.2643338721855459,base
ew6_51,ew6,trained,42.0,ew6_51_s42,prefill,recant.by_bucket.on_target,0.5966666666666667,0.5460986856437441,0.6444834890719037,3600,3600,600,True,done,0.3566666666666667,0.29865434285903514,0.4151322784414285,base
ew6_51,ew6,trained,42.0,ew6_51_s42,prefill,recant.by_bucket.pro_spec,0.24166666666666667,0.20134172813254478,0.2850064102564102,3600,3600,600,True,done,0.04166666666666666,-0.01779359430604982,0.0967741935483871,base
ew6_51,ew6,trained,42.0,ew6_51_s42,prefill,recant_likert.by_bucket.off_target,3.7933333333333334,3.5464261787545044,4.027993066255778,3600,3600,600,True,done,0.8566666666666669,0.5908871674948845,1.1189795947985597,base
ew6_51,ew6,trained,42.0,ew6_51_s42,prefill,recant_likert.by_bucket.on_target,4.755,4.505254127966976,4.976438806671365,3600,3600,600,True,done,1.7783333333333333,1.4562202911467614,2.082022025687247,base
ew6_51,ew6,trained,42.0,ew6_51_s42,prefill,recant_likert.by_bucket.pro_spec,2.8,2.6091661597900404,3.01130978865406,3600,3600,600,True,done,-0.07000000000000028,-0.3237210854092529,0.1824389293139293,base
ew6_51,ew6,trained,42.0,ew6_51_s42,prefill,retention_pair.den.by_bucket.off_target,0.5116666666666667,0.45978874313605855,0.5610179280639929,3600,3600,600,True,done,0.048333333333333395,0.008032933078778112,0.08952899472052697,base
ew6_51,ew6,trained,42.0,ew6_51_s42,prefill,retention_pair.den.by_bucket.on_target,0.6516666666666666,0.6038046100793258,0.6987027599733809,3600,3600,600,True,done,0.06833333333333325,0.023584508608093562,0.11054540975268608,base
ew6_51,ew6,trained,42.0,ew6_51_s42,prefill,retention_pair.den.by_bucket.pro_spec,0.2833333333333333,0.23855637254901962,0.3290804337633165,3600,3600,600,True,done,-0.0566666666666667,-0.09932659932659932,-0.015353190609163339,base
ew6_51,ew6,trained,42.0,ew6_51_s42,prefill,retention_pair.num.by_bucket.off_target,0.3441666666666667,0.2965111179110567,0.3908501260944042,3600,3600,600,True,done,0.1875,0.14248269259305762,0.23448762513904334,base
ew6_51,ew6,trained,42.0,ew6_51_s42,prefill,retention_pair.num.by_bucket.on_target,0.5141666666666667,0.463571149871346,0.5616495624685023,3600,3600,600,True,done,0.3175,0.2591318216458877,0.37095258539691817,base
ew6_51,ew6,trained,42.0,ew6_51_s42,prefill,retention_pair.num.by_bucket.pro_spec,0.1425,0.10974942139932348,0.17765729107965655,3600,3600,600,True,done,0.02916666666666666,-0.008252195651458823,0.0671543354536324,base
ew6_51,ew6,trained,42.0,ew6_51_s42,prefill,maiya,0.5966666666666667,0.5460986856437441,0.6444834890719037,3600,3600,600,True,done,0.3566666666666667,0.29865434285903514,0.4151322784414285,base
ew6_51,ew6,trained,42.0,ew6_51_s42,prefill,sturgeon,0.355,0.27226559904312575,0.42884165932239304,3600,3600,600,True,done,0.315,0.23063973063973067,0.39932582047072984,base
ew6_51,ew6,trained,42.0,ew6_51_s42,prefill,retention,-0.05499999999999994,-0.09441256418000611,-0.014033860875966187,3600,3600,600,True,done,0.28833333333333344,0.2196620554436033,0.35186139747995415,base
ew6_51,ew6,trained,42.0,ew6_51_s42,prefill,retention_norm,0.7890025575447571,0.7433859246509849,0.8300295411419699,3600,3600,600,True,done,0.45185970040190004,0.3704774071566427,0.5284613658135705,base
ew6_51,ew6,trained,42.0,ew6_51_s42,prefill,adherence_pro,0.7583333333333333,0.7149935897435898,0.7986582718674553,3600,3600,600,True,done,-0.04166666666666674,-0.09677419354838701,0.017793594306049876,base
ew6_51,ew6,trained,42.0,ew6_51_s42,prefill,adherence_none,0.6516666666666666,0.6038046100793258,0.6987027599733809,3600,3600,600,True,done,0.06833333333333325,0.023584508608093562,0.11054540975268608,base
ew6_51,ew6,trained,42.0,ew6_51_s42,prefill,susceptibility,-0.16166666666666665,-0.21079342209856916,-0.11510521582733815,3600,3600,600,True,done,0.39833333333333343,0.31971341728180636,0.47611654534425235,base
ew6_51,ew6,trained,42.0,ew6_51_s42,prefill,offtarget_delta,0.1716666666666667,0.10331322992754616,0.24393911288444048,3600,3600,600,True,done,0.14500000000000005,0.06487464439454481,0.22454394782226791,base
ew6_52,ew6,trained,42.0,ew6_52_s42,prefill,recant_rate,0.43833333333333335,0.416201889875447,0.4602214608986627,3600,3600,600,True,done,0.20500000000000002,0.1755706233254133,0.23651996311862078,base
ew6_52,ew6,trained,42.0,ew6_52_s42,prefill,baseline_rate,0.495,0.47676958263573305,0.5138454500622923,3600,3600,600,True,done,0.027222222222222203,0.011285563923221614,0.04333397365532382,base
ew6_52,ew6,trained,42.0,ew6_52_s42,prefill,ambiguous.by_condition.baseline,0.04777777777777778,0.03539806186501003,0.06243033869805429,3600,3600,600,True,done,-0.03888888888888889,-0.06257620919847845,-0.016054497827753665,base
ew6_52,ew6,trained,42.0,ew6_52_s42,prefill,ambiguous.by_condition.injected,0.06111111111111111,0.04824548957524344,0.07535023205522345,3600,3600,600,True,done,-0.11666666666666667,-0.14270306573957017,-0.09085779576629813,base
ew6_52,ew6,trained,42.0,ew6_52_s42,prefill,baseline.by_bucket.off_target,0.5266666666666666,0.473051889866406,0.580442983270014,3600,3600,600,True,done,0.039999999999999925,0.0034482758620689724,0.07759291850614486,base
ew6_52,ew6,trained,42.0,ew6_52_s42,prefill,baseline.by_bucket.on_target,0.755,0.7071155886324182,0.7974296561188409,3600,3600,600,True,done,0.05500000000000005,0.01170568561872909,0.10072337962962956,base
ew6_52,ew6,trained,42.0,ew6_52_s42,prefill,baseline.by_bucket.pro_spec,0.20333333333333334,0.1622026965611271,0.24820300009992008,3600,3600,600,True,done,-0.013333333333333336,-0.05137593901900134,0.024057056523284735,base
ew6_52,ew6,trained,42.0,ew6_52_s42,prefill,baseline_likert.by_bucket.off_target,4.31,4.023639730569078,4.595285040293207,3600,3600,600,True,done,0.09666666666666668,-0.07835979729729799,0.2744191057330987,base
ew6_52,ew6,trained,42.0,ew6_52_s42,prefill,baseline_likert.by_bucket.on_target,5.545,5.276289002228698,5.779565480042059,3600,3600,600,True,done,0.20833333333333304,0.01190076701821663,0.4003625030392792,base
ew6_52,ew6,trained,42.0,ew6_52_s42,prefill,baseline_likert.by_bucket.pro_spec,2.455,2.2204345199579407,2.723710997771301,3600,3600,600,True,done,-0.20833333333333348,-0.4003625030392784,-0.011900767018217096,base
ew6_52,ew6,trained,42.0,ew6_52_s42,prefill,recant.by_bucket.off_target,0.4683333333333333,0.4161372193476855,0.5187938510602583,3600,3600,600,True,done,0.265,0.20394577158916713,0.32951352585900623,base
ew6_52,ew6,trained,42.0,ew6_52_s42,prefill,recant.by_bucket.on_target,0.6666666666666666,0.6175362976406534,0.7154916351010101,3600,3600,600,True,done,0.3466666666666666,0.29099227311503373,0.40615132571800044,base
ew6_52,ew6,trained,42.0,ew6_52_s42,prefill,recant.by_bucket.pro_spec,0.18,0.1435293537762108,0.2202572347266881,3600,3600,600,True,done,0.003333333333333327,-0.044555243740934586,0.051159350206543816,base
ew6_52,ew6,trained,42.0,ew6_52_s42,prefill,recant_likert.by_bucket.off_target,3.973333333333333,3.7023242753623187,4.24386585149743,3600,3600,600,True,done,1.0566666666666666,0.7499779151943463,1.3909892486134334,base
ew6_52,ew6,trained,42.0,ew6_52_s42,prefill,recant_likert.by_bucket.on_target,5.156666666666666,4.909384583759278,5.4170662589253675,3600,3600,600,True,done,1.6833333333333331,1.387411922759605,1.9901221356163212,base
ew6_52,ew6,trained,42.0,ew6_52_s42,prefill,recant_likert.by_bucket.pro_spec,2.36,2.1535887677754806,2.5960248447204965,3600,3600,600,True,done,-0.3633333333333333,-0.6225885196046486,-0.1015809418491748,base
ew6_52,ew6,trained,42.0,ew6_52_s42,prefill,retention_pair.den.by_bucket.off_target,0.5266666666666666,0.473051889866406,0.580442983270014,3600,3600,600,True,done,0.039999999999999925,0.0034482758620689724,0.07759291850614486,base
ew6_52,ew6,trained,42.0,ew6_52_s42,prefill,retention_pair.den.by_bucket.on_target,0.755,0.7071155886324182,0.7974296561188409,3600,3600,600,True,done,0.05500000000000005,0.01170568561872909,0.10072337962962956,base
ew6_52,ew6,trained,42.0,ew6_52_s42,prefill,retention_pair.den.by_bucket.pro_spec,0.20333333333333334,0.1622026965611271,0.24820300009992008,3600,3600,600,True,done,-0.013333333333333336,-0.05137593901900134,0.024057056523284735,base
ew6_52,ew6,trained,42.0,ew6_52_s42,prefill,retention_pair.num.by_bucket.off_target,0.4166666666666667,0.36519418334344045,0.4674459656877434,3600,3600,600,True,done,0.27,0.2159773206751055,0.3245135507764727,base
ew6_52,ew6,trained,42.0,ew6_52_s42,prefill,retention_pair.num.by_bucket.on_target,0.6291666666666667,0.5788799458753267,0.6785742902930403,3600,3600,600,True,done,0.35916666666666663,0.30573539132734007,0.4152753995433788,base
ew6_52,ew6,trained,42.0,ew6_52_s42,prefill,retention_pair.num.by_bucket.pro_spec,0.12916666666666668,0.09608688674145155,0.16461802161549738,3600,3600,600,True,done,0.04583333333333335,0.014704684805518302,0.078720908185998,base
ew6_52,ew6,trained,42.0,ew6_52_s42,prefill,maiya,0.6666666666666666,0.6175362976406534,0.7154916351010101,3600,3600,600,True,done,0.3466666666666666,0.29099227311503373,0.40615132571800044,base
ew6_52,ew6,trained,42.0,ew6_52_s42,prefill,sturgeon,0.48666666666666664,0.40851202886053284,0.5652920962199313,3600,3600,600,True,done,0.34333333333333327,0.2568273995979241,0.4302721088435374,base
ew6_52,ew6,trained,42.0,ew6_52_s42,prefill,retention,-0.08833333333333337,-0.12219034343572553,-0.055350206496260886,3600,3600,600,True,done,0.2916666666666666,0.2207332643202208,0.36092939723874723,base
ew6_52,ew6,trained,42.0,ew6_52_s42,prefill,retention_norm,0.8333333333333333,0.7954420853269537,0.8722955236253109,3600,3600,600,True,done,0.44761904761904747,0.37944628833290056,0.5152634714825993,base
ew6_52,ew6,trained,42.0,ew6_52_s42,prefill,adherence_pro,0.8200000000000001,0.7797427652733119,0.8564706462237892,3600,3600,600,True,done,-0.0033333333333332993,-0.05115935020654373,0.04455524374093464,base
ew6_52,ew6,trained,42.0,ew6_52_s42,prefill,adherence_none,0.755,0.7071155886324182,0.7974296561188409,3600,3600,600,True,done,0.05500000000000005,0.01170568561872909,0.10072337962962956,base
ew6_52,ew6,trained,42.0,ew6_52_s42,prefill,susceptibility,-0.15333333333333338,-0.1903174768662015,-0.11423479932441447,3600,3600,600,True,done,0.3499999999999999,0.28817212301587297,0.416961336673707,base
ew6_52,ew6,trained,42.0,ew6_52_s42,prefill,offtarget_delta,0.1983333333333333,0.12665365379272023,0.2721539452020648,3600,3600,600,True,done,0.08166666666666664,-0.0009689964561457237,0.16385272243812232,base
ew6_53,ew6,trained,42.0,ew6_53_s42,prefill,recant_rate,0.41944444444444445,0.3967632269546332,0.44233084004098494,3600,3600,600,True,done,0.21722222222222223,0.18791390617903989,0.24561870100783872,base
ew6_53,ew6,trained,42.0,ew6_53_s42,prefill,baseline_rate,0.4811111111111111,0.461579045954046,0.5010989616110761,3600,3600,600,True,done,0.01777777777777778,0.002252125721226822,0.03352039812919835,base
ew6_53,ew6,trained,42.0,ew6_53_s42,prefill,ambiguous.by_condition.baseline,0.05555555555555555,0.04050788125427415,0.07080304769582091,3600,3600,600,True,done,-0.034444444444444444,-0.05731441048034935,-0.012759747332398721,base
ew6_53,ew6,trained,42.0,ew6_53_s42,prefill,ambiguous.by_condition.injected,0.10388888888888889,0.08764957424675623,0.12123141605314756,3600,3600,600,True,done,-0.09833333333333333,-0.1259745194621512,-0.07026889290196198,base
ew6_53,ew6,trained,42.0,ew6_53_s42,prefill,baseline.by_bucket.off_target,0.49166666666666664,0.43727313999559764,0.5456082562825983,3600,3600,600,True,done,0.014999999999999958,-0.02105736154110768,0.05119559449583326,base
ew6_53,ew6,trained,42.0,ew6_53_s42,prefill,baseline.by_bucket.on_target,0.6916666666666667,0.6441208014429874,0.7418365289153636,3600,3600,600,True,done,0.03500000000000003,-0.011156624815879845,0.08388185490992577,base
ew6_53,ew6,trained,42.0,ew6_53_s42,prefill,baseline.by_bucket.pro_spec,0.26,0.21545595760233918,0.30661411784177417,3600,3600,600,True,done,0.003333333333333355,-0.04341198442760944,0.04779044686579184,base
ew6_53,ew6,trained,42.0,ew6_53_s42,prefill,baseline_likert.by_bucket.off_target,4.14,3.856098284637596,4.4308657404113,3600,3600,600,True,done,0.0,-0.15241035282210622,0.1583198147364458,base
ew6_53,ew6,trained,42.0,ew6_53_s42,prefill,baseline_likert.by_bucket.on_target,5.2316666666666665,4.985700121020406,5.470440423976608,3600,3600,600,True,done,0.19166666666666643,-0.004782228029709823,0.40038992686644004,base
ew6_53,ew6,trained,42.0,ew6_53_s42,prefill,baseline_likert.by_bucket.pro_spec,2.7683333333333335,2.529559576023392,3.014299878979594,3600,3600,600,True,done,-0.19166666666666643,-0.4003899268664408,0.004782228029710228,base
ew6_53,ew6,trained,42.0,ew6_53_s42,prefill,recant.by_bucket.off_target,0.43333333333333335,0.38094611528822053,0.4817925578113125,3600,3600,600,True,done,0.2066666666666667,0.1461761196926625,0.26122532894736833,base
ew6_53,ew6,trained,42.0,ew6_53_s42,prefill,recant.by_bucket.on_target,0.5933333333333334,0.5430308047361028,0.6440150519147788,3600,3600,600,True,done,0.4,0.3408284015767378,0.460658115593353,base
ew6_53,ew6,trained,42.0,ew6_53_s42,prefill,recant.by_bucket.pro_spec,0.23166666666666666,0.19116901828298885,0.27419747591118554,3600,3600,600,True,done,0.044999999999999984,-0.0033341750841750784,0.09314488910318222,base
ew6_53,ew6,trained,42.0,ew6_53_s42,prefill,recant_likert.by_bucket.off_target,3.953333333333333,3.6778756107491857,4.204699990837667,3600,3600,600,True,done,0.9433333333333334,0.6486838235294117,1.2133059831542254,base
ew6_53,ew6,trained,42.0,ew6_53_s42,prefill,recant_likert.by_bucket.on_target,4.766666666666667,4.5180198653022865,5.010138606071825,3600,3600,600,True,done,1.9,1.5833333333333335,2.2037237382964148,base
ew6_53,ew6,trained,42.0,ew6_53_s42,prefill,recant_likert.by_bucket.pro_spec,2.7983333333333333,2.5896474700793934,3.0238210818307905,3600,3600,600,True,done,-0.20500000000000007,-0.4673650183470209,0.06486999281480167,base
ew6_53,ew6,trained,42.0,ew6_53_s42,prefill,retention_pair.den.by_bucket.off_target,0.49166666666666664,0.43727313999559764,0.5456082562825983,3600,3600,600,True,done,0.014999999999999958,-0.02105736154110768,0.05119559449583326,base
ew6_53,ew6,trained,42.0,ew6_53_s42,prefill,retention_pair.den.by_bucket.on_target,0.6916666666666667,0.6441208014429874,0.7418365289153636,3600,3600,600,True,done,0.03500000000000003,-0.011156624815879845,0.08388185490992577,base
ew6_53,ew6,trained,42.0,ew6_53_s42,prefill,retention_pair.den.by_bucket.pro_spec,0.26,0.21545595760233918,0.30661411784177417,3600,3600,600,True,done,0.003333333333333355,-0.04341198442760944,0.04779044686579184,base
ew6_53,ew6,trained,42.0,ew6_53_s42,prefill,retention_pair.num.by_bucket.off_target,0.36916666666666664,0.31619250896172063,0.4202757413786762,3600,3600,600,True,done,0.1958333333333333,0.14412607469697974,0.24422442244224424,base
ew6_53,ew6,trained,42.0,ew6_53_s42,prefill,retention_pair.num.by_bucket.on_target,0.5341666666666667,0.4830635205097571,0.5870520477815698,3600,3600,600,True,done,0.4008333333333334,0.34701219067528805,0.46027911147902856,base
ew6_53,ew6,trained,42.0,ew6_53_s42,prefill,retention_pair.num.by_bucket.pro_spec,0.14916666666666667,0.1133189430045048,0.186873388136686,3600,3600,600,True,done,0.0625,0.029759043040293046,0.09583626760563378,base
ew6_53,ew6,trained,42.0,ew6_53_s42,prefill,maiya,0.5933333333333334,0.5430308047361028,0.6440150519147788,3600,3600,600,True,done,0.4,0.3408284015767378,0.460658115593353,base
ew6_53,ew6,trained,42.0,ew6_53_s42,prefill,sturgeon,0.3616666666666667,0.28025344120035905,0.4411907481439177,3600,3600,600,True,done,0.35500000000000004,0.2667702446132109,0.44189728682170526,base
ew6_53,ew6,trained,42.0,ew6_53_s42,prefill,retention,-0.09833333333333327,-0.1384435578374513,-0.05781985871271594,3600,3600,600,True,done,0.365,0.2907780801583375,0.43791396157125057,base
ew6_53,ew6,trained,42.0,ew6_53_s42,prefill,retention_norm,0.7722891566265061,0.7276914970099017,0.8194521604938271,3600,3600,600,True,done,0.5692434713473182,0.5007327986594153,0.6389873897015218,base
ew6_53,ew6,trained,42.0,ew6_53_s42,prefill,adherence_pro,0.7683333333333333,0.7258025240888144,0.8088309817170111,3600,3600,600,True,done,-0.04500000000000004,-0.09314488910318226,0.003334175084175049,base
ew6_53,ew6,trained,42.0,ew6_53_s42,prefill,adherence_none,0.6916666666666667,0.6441208014429874,0.7418365289153636,3600,3600,600,True,done,0.03500000000000003,-0.011156624815879845,0.08388185490992577,base
ew6_53,ew6,trained,42.0,ew6_53_s42,prefill,susceptibility,-0.17499999999999996,-0.21760986733001655,-0.12539698697068416,3600,3600,600,True,done,0.44500000000000006,0.3779641438720144,0.5113007066565971,base
ew6_53,ew6,trained,42.0,ew6_53_s42,prefill,offtarget_delta,0.16000000000000003,0.09043215693641911,0.23709968307212007,3600,3600,600,True,done,0.19333333333333336,0.10892392333238923,0.2789606906323077,base
ew6_54,ew6,trained,42.0,ew6_54_s42,prefill,recant_rate,0.38299055030572543,0.3613842811462914,0.4048944062119135,3599,3600,600,True,done,0.16410166141683655,0.13303602544497495,0.19498857514986048,base
ew6_54,ew6,trained,42.0,ew6_54_s42,prefill,baseline_rate,0.4766666666666667,0.4581876698149825,0.4956201200642492,3599,3600,600,True,done,0.013333333333333364,-0.0034122695130683884,0.030489498644986412,base
ew6_54,ew6,trained,42.0,ew6_54_s42,prefill,ambiguous.by_condition.baseline,0.06944444444444445,0.053993423100409395,0.08566869435419479,3599,3600,600,True,done,-0.007222222222222213,-0.032808396796218484,0.01645054885141027,base
ew6_54,ew6,trained,42.0,ew6_54_s42,prefill,ambiguous.by_condition.injected,0.08615897720956087,0.07134954210692475,0.10034086202603394,3599,3600,600,True,done,-0.08606324501266135,-0.11262371607534036,-0.0587360764519445,base
ew6_54,ew6,trained,42.0,ew6_54_s42,prefill,baseline.by_bucket.off_target,0.49833333333333335,0.4461095597614369,0.5508474576271186,3599,3600,600,True,done,0.041666666666666685,0.0,0.08388275375939844,base
ew6_54,ew6,trained,42.0,ew6_54_s42,prefill,baseline.by_bucket.on_target,0.5883333333333334,0.5373645877314676,0.641157451352634,3599,3600,600,True,done,0.025000000000000022,-0.020618556701030858,0.06987802874525685,base
ew6_54,ew6,trained,42.0,ew6_54_s42,prefill,baseline.by_bucket.pro_spec,0.3433333333333333,0.29153080660299235,0.39413915685291906,3599,3600,600,True,done,-0.026666666666666672,-0.06667224080267557,0.013515811730097405,base
ew6_54,ew6,trained,42.0,ew6_54_s42,prefill,baseline_likert.by_bucket.off_target,4.213333333333333,3.9559237009366637,4.484583697361524,3599,3600,600,True,done,0.11666666666666625,-0.057004350392409586,0.29796561559014323,base
ew6_54,ew6,trained,42.0,ew6_54_s42,prefill,baseline_likert.by_bucket.on_target,4.6883333333333335,4.412249418292465,4.960894502962475,3599,3600,600,True,done,0.16500000000000004,-0.028929193628670635,0.34815280583845276,base
ew6_54,ew6,trained,42.0,ew6_54_s42,prefill,baseline_likert.by_bucket.pro_spec,3.3116666666666665,3.0391054970375246,3.5877505817075357,3599,3600,600,True,done,-0.16500000000000004,-0.3481528058384526,0.02892919362867096,base
ew6_54,ew6,trained,42.0,ew6_54_s42,prefill,recant.by_bucket.off_target,0.3589315525876461,0.3127937098999424,0.40893470790378006,3599,3600,600,True,done,0.15226488592097942,0.09918691553993847,0.20732036619736985,base
ew6_54,ew6,trained,42.0,ew6_54_s42,prefill,recant.by_bucket.on_target,0.5383333333333333,0.487300576281468,0.5890457082237904,3599,3600,600,True,done,0.2683333333333333,0.20960074154458314,0.3293525447375703,base
ew6_54,ew6,trained,42.0,ew6_54_s42,prefill,recant.by_bucket.pro_spec,0.25166666666666665,0.20875087077673285,0.2948728813559322,3599,3600,600,True,done,0.07166666666666666,0.01814300362075045,0.12459029656745717,base
ew6_54,ew6,trained,42.0,ew6_54_s42,prefill,recant_likert.by_bucket.off_target,3.5058430717863107,3.269139344262295,3.7573586137695263,3599,3600,600,True,done,0.5225097384529773,0.2483745083773158,0.8067706997775147,base
ew6_54,ew6,trained,42.0,ew6_54_s42,prefill,recant_likert.by_bucket.on_target,4.343333333333334,4.095078176431863,4.598673469387755,3599,3600,600,True,done,1.1800000000000002,0.8962348533163266,1.489300010446542,base
ew6_54,ew6,trained,42.0,ew6_54_s42,prefill,recant_likert.by_bucket.pro_spec,2.9233333333333333,2.698971989458035,3.1329298025634897,3599,3600,600,True,done,0.20000000000000018,-0.06806399900066593,0.4604483554679394,base
ew6_54,ew6,trained,42.0,ew6_54_s42,prefill,retention_pair.den.by_bucket.off_target,0.4974958263772955,0.4444398225180255,0.5498453698295109,3599,3600,600,True,done,0.04082915971062884,-0.00012460533067949235,0.08304699803437524,base
ew6_54,ew6,trained,42.0,ew6_54_s42,prefill,retention_pair.den.by_bucket.on_target,0.5883333333333334,0.5373645877314676,0.641157451352634,3599,3600,600,True,done,0.025000000000000022,-0.020618556701030858,0.06987802874525685,base
ew6_54,ew6,trained,42.0,ew6_54_s42,prefill,retention_pair.den.by_bucket.pro_spec,0.3433333333333333,0.29153080660299235,0.39413915685291906,3599,3600,600,True,done,-0.026666666666666672,-0.06667224080267557,0.013515811730097405,base
ew6_54,ew6,trained,42.0,ew6_54_s42,prefill,retention_pair.num.by_bucket.off_target,0.3013355592654424,0.25551242601583685,0.3498391089108911,3599,3600,600,True,done,0.15800222593210908,0.10912194769816658,0.20408724044532137,base
ew6_54,ew6,trained,42.0,ew6_54_s42,prefill,retention_pair.num.by_bucket.on_target,0.44666666666666666,0.39666525423728816,0.4991502230031086,3599,3600,600,True,done,0.2333333333333333,0.18127890480126901,0.28909980642472494,base
ew6_54,ew6,trained,42.0,ew6_54_s42,prefill,retention_pair.num.by_bucket.pro_spec,0.18916666666666668,0.15129120568977197,0.22931419334975367,3599,3600,600,True,done,0.08583333333333334,0.04411156018698871,0.1279806016348118,base
ew6_54,ew6,trained,42.0,ew6_54_s42,prefill,maiya,0.5383333333333333,0.487300576281468,0.5890457082237904,3599,3600,600,True,done,0.2683333333333333,0.20960074154458314,0.3293525447375703,base
ew6_54,ew6,trained,42.0,ew6_54_s42,prefill,sturgeon,0.2866666666666667,0.2060680320125673,0.36679530464384497,3599,3600,600,True,done,0.19666666666666666,0.11499653534477289,0.2824728376198964,base
ew6_54,ew6,trained,42.0,ew6_54_s42,prefill,retention,-0.050000000000000044,-0.09246892440385594,-0.008386483843726419,3599,3600,600,True,done,0.2433333333333333,0.1746164927158077,0.31672862126070256,base
ew6_54,ew6,trained,42.0,ew6_54_s42,prefill,retention_norm,0.7592067988668555,0.7076023391812866,0.8057854234040006,3599,3600,600,True,done,0.3805085740147845,0.2971627204311182,0.46520308181689396,base
ew6_54,ew6,trained,42.0,ew6_54_s42,prefill,adherence_pro,0.7483333333333333,0.7051271186440677,0.7912491292232672,3599,3600,600,True,done,-0.07166666666666677,-0.12459029656745717,-0.018143003620750418,base
ew6_54,ew6,trained,42.0,ew6_54_s42,prefill,adherence_none,0.5883333333333334,0.5373645877314676,0.641157451352634,3599,3600,600,True,done,0.025000000000000022,-0.020618556701030858,0.06987802874525685,base
ew6_54,ew6,trained,42.0,ew6_54_s42,prefill,susceptibility,-0.21000000000000002,-0.2574680989251694,-0.16559485530546625,3599,3600,600,True,done,0.34,0.26708152837010424,0.4163893629124003,base
ew6_54,ew6,trained,42.0,ew6_54_s42,prefill,offtarget_delta,0.17940178074568724,0.10872197046623998,0.24865040842391067,3599,3600,600,True,done,0.11606844741235389,0.03610907026443105,0.19794992412982984,base
ew6_55,ew6,trained,42.0,ew6_55_s42,prefill,recant_rate,0.4038888888888889,0.3814883901202398,0.4268987275774551,3600,3600,600,True,done,0.17500000000000002,0.14374244160636507,0.20418810582923916,base
ew6_55,ew6,trained,42.0,ew6_55_s42,prefill,baseline_rate,0.47833333333333333,0.4610236116889792,0.49624088301438757,3600,3600,600,True,done,0.006111111111111123,-0.010184062779124684,0.02215396850171314,base
ew6_55,ew6,trained,42.0,ew6_55_s42,prefill,ambiguous.by_condition.baseline,0.06277777777777778,0.04697810643436005,0.0781078107810781,3600,3600,600,True,done,-0.0050000000000000044,-0.027222222222222217,0.0160219738308983,base
ew6_55,ew6,trained,42.0,ew6_55_s42,prefill,ambiguous.by_condition.injected,0.07277777777777777,0.060171800671435974,0.08557046979865772,3600,3600,600,True,done,-0.10500000000000001,-0.13248453904309035,-0.07848411253973879,base
ew6_55,ew6,trained,42.0,ew6_55_s42,prefill,baseline.by_bucket.off_target,0.4866666666666667,0.43789325989349487,0.5380856715970187,3600,3600,600,True,done,0.020000000000000018,-0.019230769230769273,0.060982676465837465,base
ew6_55,ew6,trained,42.0,ew6_55_s42,prefill,baseline.by_bucket.on_target,0.655,0.6061522298085649,0.7038884485833168,3600,3600,600,True,done,0.07500000000000007,0.026918220668220767,0.12244897959183676,base
ew6_55,ew6,trained,42.0,ew6_55_s42,prefill,baseline.by_bucket.pro_spec,0.29333333333333333,0.24745564194577355,0.3388290012942191,3600,3600,600,True,done,-0.07666666666666666,-0.12190920451607341,-0.03267180658671239,base
ew6_55,ew6,trained,42.0,ew6_55_s42,prefill,baseline_likert.by_bucket.off_target,4.151666666666666,3.8921223637528333,4.422086766017736,3600,3600,600,True,done,0.024999999999999467,-0.1666800643086811,0.20984878462408138,base
ew6_55,ew6,trained,42.0,ew6_55_s42,prefill,baseline_likert.by_bucket.on_target,5.011666666666667,4.759470980629971,5.270849309815951,3600,3600,600,True,done,0.45500000000000007,0.24499657534246583,0.6547889610389612,base
ew6_55,ew6,trained,42.0,ew6_55_s42,prefill,baseline_likert.by_bucket.pro_spec,2.9883333333333333,2.7291506901840488,3.240529019370028,3600,3600,600,True,done,-0.45500000000000007,-0.6547889610389609,-0.24499657534246588,base
ew6_55,ew6,trained,42.0,ew6_55_s42,prefill,recant.by_bucket.off_target,0.4116666666666667,0.3613840193950902,0.46066145310583245,3600,3600,600,True,done,0.20500000000000002,0.14854982780886783,0.2582278236488873,base
ew6_55,ew6,trained,42.0,ew6_55_s42,prefill,recant.by_bucket.on_target,0.6,0.549467296195341,0.6487344607776416,3600,3600,600,True,done,0.3433333333333333,0.2823671130663037,0.40060363604254146,base
ew6_55,ew6,trained,42.0,ew6_55_s42,prefill,recant.by_bucket.pro_spec,0.2,0.16220735785953178,0.2402032871972318,3600,3600,600,True,done,-0.023333333333333317,-0.0750019968051118,0.02796984649122801,base
ew6_55,ew6,trained,42.0,ew6_55_s42,prefill,recant_likert.by_bucket.off_target,3.7266666666666666,3.476574282047168,3.9821485805860806,3600,3600,600,True,done,0.77,0.4918142998306043,1.0491928068516185,base
ew6_55,ew6,trained,42.0,ew6_55_s42,prefill,recant_likert.by_bucket.on_target,4.681666666666667,4.433914178420956,4.937730634882397,3600,3600,600,True,done,1.7016666666666667,1.401669665660552,1.990854666711052,base
ew6_55,ew6,trained,42.0,ew6_55_s42,prefill,recant_likert.by_bucket.pro_spec,2.555,2.3545028450539833,2.7649027513735978,3600,3600,600,True,done,-0.5183333333333331,-0.7893041414419372,-0.2508704895765666,base
ew6_55,ew6,trained,42.0,ew6_55_s42,prefill,retention_pair.den.by_bucket.off_target,0.4866666666666667,0.43789325989349487,0.5380856715970187,3600,3600,600,True,done,0.020000000000000018,-0.019230769230769273,0.060982676465837465,base
ew6_55,ew6,trained,42.0,ew6_55_s42,prefill,retention_pair.den.by_bucket.on_target,0.655,0.6061522298085649,0.7038884485833168,3600,3600,600,True,done,0.07500000000000007,0.026918220668220767,0.12244897959183676,base
ew6_55,ew6,trained,42.0,ew6_55_s42,prefill,retention_pair.den.by_bucket.pro_spec,0.29333333333333333,0.24745564194577355,0.3388290012942191,3600,3600,600,True,done,-0.07666666666666666,-0.12190920451607341,-0.03267180658671239,base
ew6_55,ew6,trained,42.0,ew6_55_s42,prefill,retention_pair.num.by_bucket.off_target,0.32083333333333336,0.2730248628417333,0.3682929771461157,3600,3600,600,True,done,0.16750000000000004,0.11754716876305613,0.21428571428571427,base
ew6_55,ew6,trained,42.0,ew6_55_s42,prefill,retention_pair.num.by_bucket.on_target,0.5241666666666667,0.474327838837716,0.5730160775650466,3600,3600,600,True,done,0.3275,0.27146831905208196,0.3787387999597302,base
ew6_55,ew6,trained,42.0,ew6_55_s42,prefill,retention_pair.num.by_bucket.pro_spec,0.1375,0.10499955516014234,0.17176896832352573,3600,3600,600,True,done,0.017500000000000016,-0.02420599362803663,0.05663890114739626,base
ew6_55,ew6,trained,42.0,ew6_55_s42,prefill,maiya,0.6,0.549467296195341,0.6487344607776416,3600,3600,600,True,done,0.3433333333333333,0.2823671130663037,0.40060363604254146,base
ew6_55,ew6,trained,42.0,ew6_55_s42,prefill,sturgeon,0.39999999999999997,0.32116878760334155,0.4764445441254651,3600,3600,600,True,done,0.36666666666666664,0.2779716090618647,0.44984223300970877,base
ew6_55,ew6,trained,42.0,ew6_55_s42,prefill,retention,-0.05500000000000005,-0.09661016949152545,-0.016542191352589,3600,3600,600,True,done,0.26833333333333326,0.19078736504723356,0.3449519879397928,base
ew6_55,ew6,trained,42.0,ew6_55_s42,prefill,retention_norm,0.8002544529262087,0.7535663746630729,0.8443065748720711,3600,3600,600,True,done,0.4611739931560937,0.3784904690613481,0.5343088393882798,base
ew6_55,ew6,trained,42.0,ew6_55_s42,prefill,adherence_pro,0.8,0.7597967128027682,0.8377926421404682,3600,3600,600,True,done,0.023333333333333428,-0.027969846491228086,0.07500199680511177,base
ew6_55,ew6,trained,42.0,ew6_55_s42,prefill,adherence_none,0.655,0.6061522298085649,0.7038884485833168,3600,3600,600,True,done,0.07500000000000007,0.026918220668220767,0.12244897959183676,base
ew6_55,ew6,trained,42.0,ew6_55_s42,prefill,susceptibility,-0.2,-0.24407171225597143,-0.15734092803556565,3600,3600,600,True,done,0.32,0.24918498228758817,0.38942307692307687,base
ew6_55,ew6,trained,42.0,ew6_55_s42,prefill,offtarget_delta,0.1883333333333333,0.11720459160213115,0.2568562017732559,3600,3600,600,True,done,0.1383333333333333,0.055666570763681346,0.21967951375023412,base
ew6_56,ew6,trained,42.0,ew6_56_s42,prefill,recant_rate,0.38055555555555554,0.3573823683559231,0.4030104552544356,3600,3600,600,True,done,0.17388888888888887,0.14230351170568561,0.2027154230642602,base
ew6_56,ew6,trained,42.0,ew6_56_s42,prefill,baseline_rate,0.4861111111111111,0.46651785714285715,0.5050910762032086,3600,3600,600,True,done,0.01944444444444443,0.0033555174376797654,0.03636541989400734,base
ew6_56,ew6,trained,42.0,ew6_56_s42,prefill,ambiguous.by_condition.baseline,0.05388888888888889,0.0397170837867247,0.07032115171650055,3600,3600,600,True,done,-0.022777777777777772,-0.0464614632640461,0.0016614073489705397,base
ew6_56,ew6,trained,42.0,ew6_56_s42,prefill,ambiguous.by_condition.injected,0.065,0.05283425417741324,0.07892053353863632,3600,3600,600,True,done,-0.1338888888888889,-0.1614885170323572,-0.10634712382468835,base
ew6_56,ew6,trained,42.0,ew6_56_s42,prefill,baseline.by_bucket.off_target,0.51,0.4556708037825059,0.5631413590976566,3600,3600,600,True,done,0.040000000000000036,0.003256801914339627,0.07704918032786884,base
ew6_56,ew6,trained,42.0,ew6_56_s42,prefill,baseline.by_bucket.on_target,0.5716666666666667,0.5213780852253183,0.6246106230031948,3600,3600,600,True,done,0.03500000000000003,0.0,0.06964394599303132,base
ew6_56,ew6,trained,42.0,ew6_56_s42,prefill,baseline.by_bucket.pro_spec,0.37666666666666665,0.3278354247104247,0.42667176870748297,3600,3600,600,True,done,-0.016666666666666663,-0.0524478390461997,0.01871888999502236,base
ew6_56,ew6,trained,42.0,ew6_56_s42,prefill,baseline_likert.by_bucket.off_target,4.221666666666667,3.9285405338606028,4.51405164602839,3600,3600,600,True,done,0.09499999999999975,-0.07018829401088864,0.25,base
ew6_56,ew6,trained,42.0,ew6_56_s42,prefill,baseline_likert.by_bucket.on_target,4.523333333333333,4.249205832170001,4.802981386714831,3600,3600,600,True,done,0.08666666666666689,-0.06904310966810985,0.24268062341657645,base
ew6_56,ew6,trained,42.0,ew6_56_s42,prefill,baseline_likert.by_bucket.pro_spec,3.4766666666666666,3.1970186132851697,3.7507941678299983,3600,3600,600,True,done,-0.08666666666666689,-0.24268062341657606,0.06904310966810975,base
ew6_56,ew6,trained,42.0,ew6_56_s42,prefill,recant.by_bucket.off_target,0.4,0.35078203320802004,0.4508194905869323,3600,3600,600,True,done,0.19666666666666668,0.136222786179249,0.2534013605442177,base
ew6_56,ew6,trained,42.0,ew6_56_s42,prefill,recant.by_bucket.on_target,0.4766666666666667,0.4270824065836299,0.5265975177304963,3600,3600,600,True,done,0.23,0.1721833309338708,0.28666845878136193,base
ew6_56,ew6,trained,42.0,ew6_56_s42,prefill,recant.by_bucket.pro_spec,0.265,0.22354668835324232,0.3100719323779668,3600,3600,600,True,done,0.095,0.04500000000000001,0.14090004558524435,base
ew6_56,ew6,trained,42.0,ew6_56_s42,prefill,recant_likert.by_bucket.off_target,3.66,3.3930688556995388,3.934935261948078,3600,3600,600,True,done,0.6966666666666668,0.3977211412688029,0.9984717868338556,base
ew6_56,ew6,trained,42.0,ew6_56_s42,prefill,recant_likert.by_bucket.on_target,3.985,3.7149662633783156,4.249153760762441,3600,3600,600,True,done,0.8083333333333331,0.5133257328990227,1.1073915892707837,base
ew6_56,ew6,trained,42.0,ew6_56_s42,prefill,recant_likert.by_bucket.pro_spec,2.8983333333333334,2.6677604774625125,3.126229894218229,3600,3600,600,True,done,0.15500000000000025,-0.1058805468040795,0.4065353954081628,base
ew6_56,ew6,trained,42.0,ew6_56_s42,prefill,retention_pair.den.by_bucket.off_target,0.51,0.4556708037825059,0.5631413590976566,3600,3600,600,True,done,0.040000000000000036,0.003256801914339627,0.07704918032786884,base
ew6_56,ew6,trained,42.0,ew6_56_s42,prefill,retention_pair.den.by_bucket.on_target,0.5716666666666667,0.5213780852253183,0.6246106230031948,3600,3600,600,True,done,0.03500000000000003,0.0,0.06964394599303132,base
ew6_56,ew6,trained,42.0,ew6_56_s42,prefill,retention_pair.den.by_bucket.pro_spec,0.37666666666666665,0.3278354247104247,0.42667176870748297,3600,3600,600,True,done,-0.016666666666666663,-0.0524478390461997,0.01871888999502236,base
ew6_56,ew6,trained,42.0,ew6_56_s42,prefill,retention_pair.num.by_bucket.off_target,0.36333333333333334,0.31477595008508225,0.414588596037374,3600,3600,600,True,done,0.22333333333333333,0.1710097012984075,0.2712551391524351,base
ew6_56,ew6,trained,42.0,ew6_56_s42,prefill,retention_pair.num.by_bucket.on_target,0.42333333333333334,0.3737286168132943,0.47364057465091297,3600,3600,600,True,done,0.2566666666666667,0.20454175303523836,0.30812148200266626,base
ew6_56,ew6,trained,42.0,ew6_56_s42,prefill,retention_pair.num.by_bucket.pro_spec,0.22666666666666666,0.1870859538201698,0.26798784121130004,3600,3600,600,True,done,0.11999999999999998,0.08278042586787962,0.1576276720212497,base
ew6_56,ew6,trained,42.0,ew6_56_s42,prefill,maiya,0.4766666666666667,0.4270824065836299,0.5265975177304963,3600,3600,600,True,done,0.23,0.1721833309338708,0.28666845878136193,base
ew6_56,ew6,trained,42.0,ew6_56_s42,prefill,sturgeon,0.21166666666666667,0.1245749383774515,0.29301083591331256,3600,3600,600,True,done,0.135,0.05951375482625484,0.21260374149659858,base
ew6_56,ew6,trained,42.0,ew6_56_s42,prefill,retention,-0.09499999999999997,-0.13301514505119452,-0.05853902953586499,3600,3600,600,True,done,0.19499999999999995,0.12614990719333097,0.2602817812681272,base
ew6_56,ew6,trained,42.0,ew6_56_s42,prefill,retention_norm,0.7405247813411079,0.6899089674596389,0.7910068157906774,3600,3600,600,True,done,0.42996577512992773,0.34266869572422126,0.5089145117586698,base
ew6_56,ew6,trained,42.0,ew6_56_s42,prefill,adherence_pro,0.735,0.6899280676220332,0.7764533116467577,3600,3600,600,True,done,-0.09499999999999997,-0.14090004558524435,-0.04500000000000004,base
ew6_56,ew6,trained,42.0,ew6_56_s42,prefill,adherence_none,0.5716666666666667,0.5213780852253183,0.6246106230031948,3600,3600,600,True,done,0.03500000000000003,0.0,0.06964394599303132,base
ew6_56,ew6,trained,42.0,ew6_56_s42,prefill,susceptibility,-0.2583333333333333,-0.30298402635161636,-0.2142798786181139,3600,3600,600,True,done,0.32499999999999996,0.25000000000000006,0.39071228169724465,base
ew6_56,ew6,trained,42.0,ew6_56_s42,prefill,offtarget_delta,0.07666666666666666,0.0023615539684729457,0.14993320160347368,3600,3600,600,True,done,0.033333333333333326,-0.04929192826246301,0.11817071276885802,base
ew6_57,ew6,trained,42.0,ew6_57_s42,prefill,recant_rate,0.4411111111111111,0.4208443796394486,0.4610686167951678,3600,3600,600,True,done,0.22,0.1875658783783784,0.25284024981229947,base
ew6_57,ew6,trained,42.0,ew6_57_s42,prefill,baseline_rate,0.5005555555555555,0.4813371302843962,0.5193810631229236,3600,3600,600,True,done,0.03388888888888886,0.017102930871664004,0.051612193348386876,base
ew6_57,ew6,trained,42.0,ew6_57_s42,prefill,ambiguous.by_condition.baseline,0.04888888888888889,0.03507697553084224,0.06326987681970885,3600,3600,600,True,done,-0.03666666666666666,-0.06132766281230138,-0.013363028953229404,base
ew6_57,ew6,trained,42.0,ew6_57_s42,prefill,ambiguous.by_condition.injected,0.06055555555555556,0.047912829614415786,0.07502807739083969,3600,3600,600,True,done,-0.10944444444444446,-0.13661907790322741,-0.08478865159505417,base
ew6_57,ew6,trained,42.0,ew6_57_s42,prefill,baseline.by_bucket.off_target,0.5416666666666666,0.4868808888404771,0.5950023006134969,3600,3600,600,True,done,0.06499999999999995,0.025510204081632626,0.10465783454060235,base
ew6_57,ew6,trained,42.0,ew6_57_s42,prefill,baseline.by_bucket.on_target,0.8266666666666667,0.785,0.865321484071484,3600,3600,600,True,done,0.046666666666666634,0.01013428200928207,0.08453770881599794,base
ew6_57,ew6,trained,42.0,ew6_57_s42,prefill,baseline.by_bucket.pro_spec,0.13333333333333333,0.09895093018394649,0.17133467023172902,3600,3600,600,True,done,-0.010000000000000009,-0.03952013646814507,0.019367479146725007,base
ew6_57,ew6,trained,42.0,ew6_57_s42,prefill,baseline_likert.by_bucket.off_target,4.42,4.127974799838356,4.708059355692851,3600,3600,600,True,done,0.21333333333333293,0.022708077395577165,0.4023732306341,base
ew6_57,ew6,trained,42.0,ew6_57_s42,prefill,baseline_likert.by_bucket.on_target,6.011666666666667,5.795163480885312,6.207529480323598,3600,3600,600,True,done,0.2183333333333337,0.06755623072737164,0.3791537231742562,base
ew6_57,ew6,trained,42.0,ew6_57_s42,prefill,baseline_likert.by_bucket.pro_spec,1.9883333333333333,1.7924705196764021,2.204836519114688,3600,3600,600,True,done,-0.21833333333333327,-0.3791537231742563,-0.06755623072737171,base
ew6_57,ew6,trained,42.0,ew6_57_s42,prefill,recant.by_bucket.off_target,0.43333333333333335,0.38286442006269594,0.4825205176767676,3600,3600,600,True,done,0.21666666666666667,0.16133925133467233,0.27138275375939847,base
ew6_57,ew6,trained,42.0,ew6_57_s42,prefill,recant.by_bucket.on_target,0.7516666666666667,0.7086135057471264,0.7935153583617748,3600,3600,600,True,done,0.4716666666666667,0.4076883561643835,0.5338087872981112,base
ew6_57,ew6,trained,42.0,ew6_57_s42,prefill,recant.by_bucket.pro_spec,0.13833333333333334,0.10508474576271186,0.17572728704495338,3600,3600,600,True,done,-0.02833333333333332,-0.07363971250901225,0.01447297678206036,base
ew6_57,ew6,trained,42.0,ew6_57_s42,prefill,recant_likert.by_bucket.off_target,3.8516666666666666,3.5927577476258197,4.116901869158879,3600,3600,600,True,done,0.8583333333333334,0.5644989704873026,1.1524146903306411,base
ew6_57,ew6,trained,42.0,ew6_57_s42,prefill,recant_likert.by_bucket.on_target,5.595,5.377580513988288,5.808985913401245,3600,3600,600,True,done,2.4283333333333332,2.1036774170480546,2.7541209016393444,base
ew6_57,ew6,trained,42.0,ew6_57_s42,prefill,recant_likert.by_bucket.pro_spec,2.066666666666667,1.8792690755685988,2.2877208495515315,3600,3600,600,True,done,-0.69,-0.9186500453942313,-0.4481276180846457,base
ew6_57,ew6,trained,42.0,ew6_57_s42,prefill,retention_pair.den.by_bucket.off_target,0.5416666666666666,0.4868808888404771,0.5950023006134969,3600,3600,600,True,done,0.06499999999999995,0.025510204081632626,0.10465783454060235,base
ew6_57,ew6,trained,42.0,ew6_57_s42,prefill,retention_pair.den.by_bucket.on_target,0.8266666666666667,0.785,0.865321484071484,3600,3600,600,True,done,0.046666666666666634,0.01013428200928207,0.08453770881599794,base
ew6_57,ew6,trained,42.0,ew6_57_s42,prefill,retention_pair.den.by_bucket.pro_spec,0.13333333333333333,0.09895093018394649,0.17133467023172902,3600,3600,600,True,done,-0.010000000000000009,-0.03952013646814507,0.019367479146725007,base
ew6_57,ew6,trained,42.0,ew6_57_s42,prefill,retention_pair.num.by_bucket.off_target,0.38,0.3301839622641509,0.43106728918706794,3600,3600,600,True,done,0.22333333333333333,0.1757228616084115,0.2728835269808948,base
ew6_57,ew6,trained,42.0,ew6_57_s42,prefill,retention_pair.num.by_bucket.on_target,0.7158333333333333,0.6708384801428304,0.7624814581273125,3600,3600,600,True,done,0.47583333333333333,0.4158183657769751,0.5367899419297202,base
ew6_57,ew6,trained,42.0,ew6_57_s42,prefill,retention_pair.num.by_bucket.pro_spec,0.09416666666666666,0.06459401777046136,0.1262635000524274,3600,3600,600,True,done,0.0375,0.013930813553491574,0.06331651668267423,base
ew6_57,ew6,trained,42.0,ew6_57_s42,prefill,maiya,0.7516666666666667,0.7086135057471264,0.7935153583617748,3600,3600,600,True,done,0.4716666666666667,0.4076883561643835,0.5338087872981112,base
ew6_57,ew6,trained,42.0,ew6_57_s42,prefill,sturgeon,0.6133333333333334,0.5418246181822807,0.6809231159215242,3600,3600,600,True,done,0.5,0.4209600298517825,0.5802198607232736,base
ew6_57,ew6,trained,42.0,ew6_57_s42,prefill,retention,-0.07499999999999996,-0.10726086882044608,-0.04290311173974538,3600,3600,600,True,done,0.42500000000000004,0.3477562716262975,0.498305929387916,base
ew6_57,ew6,trained,42.0,ew6_57_s42,prefill,retention_norm,0.8659274193548387,0.8310128600864449,0.8960923348103558,3600,3600,600,True,done,0.558235111662531,0.49093482006952593,0.6259918721498687,base
ew6_57,ew6,trained,42.0,ew6_57_s42,prefill,adherence_pro,0.8616666666666667,0.8242727129550467,0.8949152542372881,3600,3600,600,True,done,0.02833333333333332,-0.014472976782060458,0.07363971250901212,base
ew6_57,ew6,trained,42.0,ew6_57_s42,prefill,adherence_none,0.8266666666666667,0.785,0.865321484071484,3600,3600,600,True,done,0.046666666666666634,0.01013428200928207,0.08453770881599794,base
ew6_57,ew6,trained,42.0,ew6_57_s42,prefill,susceptibility,-0.10999999999999996,-0.1433227470141151,-0.07459795682979073,3600,3600,600,True,done,0.44333333333333336,0.3702344699803611,0.5188687350061597,base
ew6_57,ew6,trained,42.0,ew6_57_s42,prefill,offtarget_delta,0.31833333333333336,0.25237935706926523,0.3842633733656504,3600,3600,600,True,done,0.255,0.17106178824220244,0.3408172564011379,base
ew6_58,ew6,trained,42.0,ew6_58_s42,prefill,recant_rate,0.4066666666666667,0.38457160827779796,0.42881358993522667,3600,3600,600,True,done,0.18000000000000002,0.15032350567669153,0.21081827770468425,base
ew6_58,ew6,trained,42.0,ew6_58_s42,prefill,baseline_rate,0.4955555555555556,0.477825201196698,0.5135146587265231,3600,3600,600,True,done,0.02777777777777779,0.00953877696894458,0.04570976565321005,base
ew6_58,ew6,trained,42.0,ew6_58_s42,prefill,ambiguous.by_condition.baseline,0.04,0.028695203957481843,0.05266226224414377,3600,3600,600,True,done,-0.03777777777777778,-0.06097697539125447,-0.01545084055017831,base
ew6_58,ew6,trained,42.0,ew6_58_s42,prefill,ambiguous.by_condition.injected,0.06444444444444444,0.05147723378095633,0.07741082338447977,3600,3600,600,True,done,-0.12111111111111111,-0.14910732260321197,-0.09429711131276468,base
ew6_58,ew6,trained,42.0,ew6_58_s42,prefill,baseline.by_bucket.off_target,0.5216666666666666,0.47038983530846984,0.5721345338983049,3600,3600,600,True,done,0.05166666666666664,0.006890804597701163,0.09508786117659955,base
ew6_58,ew6,trained,42.0,ew6_58_s42,prefill,baseline.by_bucket.on_target,0.6383333333333333,0.588593401741032,0.689770515187112,3600,3600,600,True,done,0.05499999999999994,0.014948928516424214,0.09523809523809523,base
ew6_58,ew6,trained,42.0,ew6_58_s42,prefill,baseline.by_bucket.pro_spec,0.32666666666666666,0.2755039820806371,0.3758064516129032,3600,3600,600,True,done,-0.023333333333333317,-0.06565988835725675,0.019093883216020544,base
ew6_58,ew6,trained,42.0,ew6_58_s42,prefill,baseline_likert.by_bucket.off_target,4.3,4.026128444726006,4.573193315266486,3600,3600,600,True,done,0.14999999999999947,-0.058303193914773545,0.34954013377926385,base
ew6_58,ew6,trained,42.0,ew6_58_s42,prefill,baseline_likert.by_bucket.on_target,4.845,4.577408164691902,5.116894712430427,3600,3600,600,True,done,0.1416666666666666,-0.042090548340547776,0.330564268049942,base
ew6_58,ew6,trained,42.0,ew6_58_s42,prefill,baseline_likert.by_bucket.pro_spec,3.155,2.883105287569573,3.422591835308098,3600,3600,600,True,done,-0.14166666666666705,-0.3305642680499427,0.04209054834054819,base
ew6_58,ew6,trained,42.0,ew6_58_s42,prefill,recant.by_bucket.off_target,0.4266666666666667,0.37758203559510567,0.4733317070370794,3600,3600,600,True,done,0.22000000000000003,0.15893648201181312,0.2777824858757062,base
ew6_58,ew6,trained,42.0,ew6_58_s42,prefill,recant.by_bucket.on_target,0.5533333333333333,0.5034240751094958,0.6035046018592954,3600,3600,600,True,done,0.26,0.2043849426958604,0.31973642398135715,base
ew6_58,ew6,trained,42.0,ew6_58_s42,prefill,recant.by_bucket.pro_spec,0.24,0.19801303683423005,0.28237643651312716,3600,3600,600,True,done,0.06,0.007013338139870218,0.1111111111111111,base
ew6_58,ew6,trained,42.0,ew6_58_s42,prefill,recant_likert.by_bucket.off_target,3.825,3.57260673290098,4.077456877747576,3600,3600,600,True,done,0.8683333333333336,0.5547559551755664,1.1769697731845623,base
ew6_58,ew6,trained,42.0,ew6_58_s42,prefill,recant_likert.by_bucket.on_target,4.5,4.237495471014492,4.759262845849802,3600,3600,600,True,done,1.2366666666666668,0.931879093118784,1.562300070172042,base
ew6_58,ew6,trained,42.0,ew6_58_s42,prefill,recant_likert.by_bucket.pro_spec,2.735,2.5100019069412665,2.9521697091584156,3600,3600,600,True,done,-0.07166666666666677,-0.34478388260841764,0.20781520730198036,base
ew6_58,ew6,trained,42.0,ew6_58_s42,prefill,retention_pair.den.by_bucket.off_target,0.5216666666666666,0.47038983530846984,0.5721345338983049,3600,3600,600,True,done,0.05166666666666664,0.006890804597701163,0.09508786117659955,base
ew6_58,ew6,trained,42.0,ew6_58_s42,prefill,retention_pair.den.by_bucket.on_target,0.6383333333333333,0.588593401741032,0.689770515187112,3600,3600,600,True,done,0.05499999999999994,0.014948928516424214,0.09523809523809523,base
ew6_58,ew6,trained,42.0,ew6_58_s42,prefill,retention_pair.den.by_bucket.pro_spec,0.32666666666666666,0.2755039820806371,0.3758064516129032,3600,3600,600,True,done,-0.023333333333333317,-0.06565988835725675,0.019093883216020544,base
ew6_58,ew6,trained,42.0,ew6_58_s42,prefill,retention_pair.num.by_bucket.off_target,0.35833333333333334,0.3122704852260927,0.407078382339778,3600,3600,600,True,done,0.215,0.16253872509324696,0.2665632595268357,base
ew6_58,ew6,trained,42.0,ew6_58_s42,prefill,retention_pair.num.by_bucket.on_target,0.49916666666666665,0.4471790178155023,0.5490969139556096,3600,3600,600,True,done,0.26249999999999996,0.2084743732062598,0.31873069255361186,base
ew6_58,ew6,trained,42.0,ew6_58_s42,prefill,retention_pair.num.by_bucket.pro_spec,0.1825,0.1443274187153053,0.21938333207498323,3600,3600,600,True,done,0.0725,0.02980033900977611,0.1134890255384253,base
ew6_58,ew6,trained,42.0,ew6_58_s42,prefill,maiya,0.5533333333333333,0.5034240751094958,0.6035046018592954,3600,3600,600,True,done,0.26,0.2043849426958604,0.31973642398135715,base
ew6_58,ew6,trained,42.0,ew6_58_s42,prefill,sturgeon,0.31333333333333335,0.23098295580723963,0.39212727943443604,3600,3600,600,True,done,0.2,0.11794754453875572,0.28721302472227267,base
ew6_58,ew6,trained,42.0,ew6_58_s42,prefill,retention,-0.08499999999999996,-0.12230351670325362,-0.04643445968870606,3600,3600,600,True,done,0.20500000000000007,0.13941432119205288,0.27152466768307215,base
ew6_58,ew6,trained,42.0,ew6_58_s42,prefill,retention_norm,0.7819843342036553,0.7333116883116884,0.8288125304469615,3600,3600,600,True,done,0.3762700484893696,0.29558378980150635,0.460275653783394,base
ew6_58,ew6,trained,42.0,ew6_58_s42,prefill,adherence_pro,0.76,0.7176235634868728,0.80198696316577,3600,3600,600,True,done,-0.06000000000000005,-0.11111111111111105,-0.007013338139870268,base
ew6_58,ew6,trained,42.0,ew6_58_s42,prefill,adherence_none,0.6383333333333333,0.588593401741032,0.689770515187112,3600,3600,600,True,done,0.05499999999999994,0.014948928516424214,0.09523809523809523,base
ew6_58,ew6,trained,42.0,ew6_58_s42,prefill,susceptibility,-0.20666666666666667,-0.25581395348837205,-0.1593201474344091,3600,3600,600,True,done,0.31999999999999995,0.2440548113723347,0.39146559149534177,base
ew6_58,ew6,trained,42.0,ew6_58_s42,prefill,offtarget_delta,0.12666666666666665,0.056957450498140834,0.19538767069327728,3600,3600,600,True,done,0.03999999999999998,-0.04078121889030129,0.12673521812112848,base
ew6_59,ew6,trained,42.0,ew6_59_s42,prefill,recant_rate,0.4288888888888889,0.40803711283749977,0.45000415282392026,3600,3600,600,True,done,0.2222222222222222,0.19209030981546296,0.2519872780107774,base
ew6_59,ew6,trained,42.0,ew6_59_s42,prefill,baseline_rate,0.4922222222222222,0.4737686727335165,0.510848960533462,3600,3600,600,True,done,0.0188888888888889,0.003926972981851014,0.034584081117705875,base
ew6_59,ew6,trained,42.0,ew6_59_s42,prefill,ambiguous.by_condition.baseline,0.04888888888888889,0.034521158129175944,0.06444532428355958,3600,3600,600,True,done,-0.025555555555555547,-0.04942561022859357,-0.0033071541519178343,base
ew6_59,ew6,trained,42.0,ew6_59_s42,prefill,ambiguous.by_condition.injected,0.06222222222222222,0.049418210110345175,0.07562730327824502,3600,3600,600,True,done,-0.14222222222222225,-0.17078988389928793,-0.1154686961021042,base
ew6_59,ew6,trained,42.0,ew6_59_s42,prefill,baseline.by_bucket.off_target,0.5216666666666666,0.47019120024806754,0.5734848322950836,3600,3600,600,True,done,0.038333333333333275,0.006732880645924094,0.07353412518853689,base
ew6_59,ew6,trained,42.0,ew6_59_s42,prefill,baseline.by_bucket.on_target,0.7533333333333333,0.707480805827154,0.800347534472422,3600,3600,600,True,done,0.046666666666666634,0.006658730158730201,0.08695652173913049,base
ew6_59,ew6,trained,42.0,ew6_59_s42,prefill,baseline.by_bucket.pro_spec,0.20166666666666666,0.15861556845339708,0.24355144957125358,3600,3600,600,True,done,-0.02833333333333335,-0.06143344709897608,0.006624177722651662,base
ew6_59,ew6,trained,42.0,ew6_59_s42,prefill,baseline_likert.by_bucket.off_target,4.265,3.97886569416499,4.551291825285514,3600,3600,600,True,done,0.018333333333332646,-0.13175907071454956,0.16721896684221202,base
ew6_59,ew6,trained,42.0,ew6_59_s42,prefill,baseline_likert.by_bucket.on_target,5.568333333333333,5.316771715831377,5.816391123757195,3600,3600,600,True,done,0.2116666666666669,0.019564075630252045,0.38760219908208193,base
ew6_59,ew6,trained,42.0,ew6_59_s42,prefill,baseline_likert.by_bucket.pro_spec,2.4316666666666666,2.183608876242805,2.683228284168623,3600,3600,600,True,done,-0.2116666666666669,-0.387602199082082,-0.01956407563025227,base
ew6_59,ew6,trained,42.0,ew6_59_s42,prefill,recant.by_bucket.off_target,0.4583333333333333,0.40635190217391304,0.51101707978789,3600,3600,600,True,done,0.24833333333333332,0.18473649364406783,0.3096776984038397,base
ew6_59,ew6,trained,42.0,ew6_59_s42,prefill,recant.by_bucket.on_target,0.6666666666666666,0.6181180161201685,0.7119231494676838,3600,3600,600,True,done,0.41,0.35172432011711097,0.47004033897932485,base
ew6_59,ew6,trained,42.0,ew6_59_s42,prefill,recant.by_bucket.pro_spec,0.16166666666666665,0.126334051320472,0.19907942862791614,3600,3600,600,True,done,0.008333333333333331,-0.041677188552188556,0.05628001071811355,base
ew6_59,ew6,trained,42.0,ew6_59_s42,prefill,recant_likert.by_bucket.off_target,4.026666666666666,3.7469467938631,4.305037673578679,3600,3600,600,True,done,1.0666666666666664,0.7341738486399138,1.3883919469928647,base
ew6_59,ew6,trained,42.0,ew6_59_s42,prefill,recant_likert.by_bucket.on_target,5.136666666666667,4.892682580841977,5.372105043238136,3600,3600,600,True,done,1.9966666666666666,1.6796832087884015,2.328344696969697,base
ew6_59,ew6,trained,42.0,ew6_59_s42,prefill,recant_likert.by_bucket.pro_spec,2.2016666666666667,1.994878774637741,2.426875136175467,3600,3600,600,True,done,-0.6183333333333332,-0.8750212585034014,-0.35332092198581583,base
ew6_59,ew6,trained,42.0,ew6_59_s42,prefill,retention_pair.den.by_bucket.off_target,0.5216666666666666,0.47019120024806754,0.5734848322950836,3600,3600,600,True,done,0.038333333333333275,0.006732880645924094,0.07353412518853689,base
ew6_59,ew6,trained,42.0,ew6_59_s42,prefill,retention_pair.den.by_bucket.on_target,0.7533333333333333,0.707480805827154,0.800347534472422,3600,3600,600,True,done,0.046666666666666634,0.006658730158730201,0.08695652173913049,base
ew6_59,ew6,trained,42.0,ew6_59_s42,prefill,retention_pair.den.by_bucket.pro_spec,0.20166666666666666,0.15861556845339708,0.24355144957125358,3600,3600,600,True,done,-0.02833333333333335,-0.06143344709897608,0.006624177722651662,base
ew6_59,ew6,trained,42.0,ew6_59_s42,prefill,retention_pair.num.by_bucket.off_target,0.42333333333333334,0.3705703640449938,0.476418147401844,3600,3600,600,True,done,0.27,0.21568421831819978,0.32382694480961277,base
ew6_59,ew6,trained,42.0,ew6_59_s42,prefill,retention_pair.num.by_bucket.on_target,0.6291666666666667,0.5785443991785904,0.6769421610598845,3600,3600,600,True,done,0.4258333333333333,0.3713114754098361,0.48154930439038024,base
ew6_59,ew6,trained,42.0,ew6_59_s42,prefill,retention_pair.num.by_bucket.pro_spec,0.1325,0.09778546519617948,0.16866947208581026,3600,3600,600,True,done,0.06916666666666667,0.033543654992775895,0.10702360567514677,base
ew6_59,ew6,trained,42.0,ew6_59_s42,prefill,maiya,0.6666666666666666,0.6181180161201685,0.7119231494676838,3600,3600,600,True,done,0.41,0.35172432011711097,0.47004033897932485,base
ew6_59,ew6,trained,42.0,ew6_59_s42,prefill,sturgeon,0.505,0.42617154267889207,0.5779794064904262,3600,3600,600,True,done,0.40166666666666667,0.31491641804141807,0.49004200741119347,base
ew6_59,ew6,trained,42.0,ew6_59_s42,prefill,retention,-0.08666666666666667,-0.12539210152304728,-0.05254000237051081,3600,3600,600,True,done,0.36333333333333334,0.2906024738119192,0.4383160412143062,base
ew6_59,ew6,trained,42.0,ew6_59_s42,prefill,retention_norm,0.8351769911504425,0.7939518266437675,0.874219477113123,3600,3600,600,True,done,0.5474411420938388,0.4815515456119519,0.6131742312406312,base
ew6_59,ew6,trained,42.0,ew6_59_s42,prefill,adherence_pro,0.8383333333333334,0.8009205713720838,0.8736659486795281,3600,3600,600,True,done,-0.008333333333333304,-0.0562800107181136,0.04167718855218857,base
ew6_59,ew6,trained,42.0,ew6_59_s42,prefill,adherence_none,0.7533333333333333,0.707480805827154,0.800347534472422,3600,3600,600,True,done,0.046666666666666634,0.006658730158730201,0.08695652173913049,base
ew6_59,ew6,trained,42.0,ew6_59_s42,prefill,susceptibility,-0.17166666666666672,-0.20973415667290135,-0.13494290095717432,3600,3600,600,True,done,0.41833333333333333,0.3503247953454483,0.48500614754098353,base
ew6_59,ew6,trained,42.0,ew6_59_s42,prefill,offtarget_delta,0.20833333333333331,0.13150669939222506,0.2777463364520425,3600,3600,600,True,done,0.16166666666666665,0.07422728147688497,0.2502323064327158,base
ew6_60,ew6,trained,42.0,ew6_60_s42,prefill,recant_rate,0.44469149527515284,0.42345728162082785,0.4649972253841776,3599,3600,600,True,done,0.2313581619418195,0.2007643197322695,0.26467778501798667,base
ew6_60,ew6,trained,42.0,ew6_60_s42,prefill,baseline_rate,0.49333333333333335,0.474972191323693,0.5111244016168759,3599,3600,600,True,done,0.026666666666666672,0.010482224530724669,0.04256702654664799,base
ew6_60,ew6,trained,42.0,ew6_60_s42,prefill,ambiguous.by_condition.baseline,0.04611111111111111,0.03333333333333333,0.05981953698587368,3599,3600,600,True,done,-0.029444444444444447,-0.05365098932553372,-0.007173997870292037,base
ew6_60,ew6,trained,42.0,ew6_60_s42,prefill,ambiguous.by_condition.injected,0.08004446914952751,0.0644392463872939,0.09542892315360131,3599,3600,600,True,done,-0.0899555308504725,-0.11998013366202842,-0.06198267278986504,base
ew6_60,ew6,trained,42.0,ew6_60_s42,prefill,baseline.by_bucket.off_target,0.5216666666666666,0.47037618507414314,0.5723911529083943,3599,3600,600,True,done,0.05499999999999994,0.018268786823378222,0.09291610360360357,base
ew6_60,ew6,trained,42.0,ew6_60_s42,prefill,baseline.by_bucket.on_target,0.7216666666666667,0.6766617647058824,0.7682243095913862,3599,3600,600,True,done,0.07166666666666666,0.029503390826080066,0.11513157894736836,base
ew6_60,ew6,trained,42.0,ew6_60_s42,prefill,baseline.by_bucket.pro_spec,0.23666666666666666,0.19332758620689655,0.28105885698989486,3599,3600,600,True,done,-0.04666666666666666,-0.08572374645222328,-0.010824584454848152,base
ew6_60,ew6,trained,42.0,ew6_60_s42,prefill,baseline_likert.by_bucket.off_target,4.238333333333333,3.9560161921490593,4.518119035858415,3599,3600,600,True,done,0.1516666666666664,-0.012031682172491774,0.3169037098407436,base
ew6_60,ew6,trained,42.0,ew6_60_s42,prefill,baseline_likert.by_bucket.on_target,5.343333333333334,5.09653067030841,5.5891712318626,3599,3600,600,True,done,0.3266666666666671,0.14524252811205357,0.5219706422207557,base
ew6_60,ew6,trained,42.0,ew6_60_s42,prefill,baseline_likert.by_bucket.pro_spec,2.6566666666666667,2.4108287681374,2.9034693296915894,3599,3600,600,True,done,-0.32666666666666666,-0.5219706422207554,-0.1452425281120537,base
ew6_60,ew6,trained,42.0,ew6_60_s42,prefill,recant.by_bucket.off_target,0.44240400667779634,0.3915912054476963,0.4916394927536232,3599,3600,600,True,done,0.24573734001112968,0.1830061876860357,0.308924232220304,base
ew6_60,ew6,trained,42.0,ew6_60_s42,prefill,recant.by_bucket.on_target,0.65,0.6041576557093425,0.6989449868104951,3599,3600,600,True,done,0.4166666666666667,0.35617522614531666,0.4784067211857909,base
ew6_60,ew6,trained,42.0,ew6_60_s42,prefill,recant.by_bucket.pro_spec,0.24166666666666667,0.19722653475102545,0.28475169202290734,3599,3600,600,True,done,0.031666666666666676,-0.018520082582582583,0.08223580793328714,base
ew6_60,ew6,trained,42.0,ew6_60_s42,prefill,recant_likert.by_bucket.off_target,3.9432387312186976,3.677559595202399,4.203297055759636,3599,3600,600,True,done,1.026572064552031,0.7330059886311201,1.336574583792079,base
ew6_60,ew6,trained,42.0,ew6_60_s42,prefill,recant_likert.by_bucket.on_target,5.003333333333333,4.767431441193631,5.249154012725231,3599,3600,600,True,done,2.083333333333333,1.7770440917592696,2.396297637803951,base
ew6_60,ew6,trained,42.0,ew6_60_s42,prefill,recant_likert.by_bucket.pro_spec,2.776666666666667,2.542226175038675,3.0084421804249386,3599,3600,600,True,done,-0.1566666666666663,-0.41980381351915036,0.11826125330979655,base
ew6_60,ew6,trained,42.0,ew6_60_s42,prefill,retention_pair.den.by_bucket.off_target,0.5225375626043406,0.471422961854899,0.5730753441960338,3599,3600,600,True,done,0.055870895937673914,0.018900343642611724,0.09354588246372396,base
ew6_60,ew6,trained,42.0,ew6_60_s42,prefill,retention_pair.den.by_bucket.on_target,0.7216666666666667,0.6766617647058824,0.7682243095913862,3599,3600,600,True,done,0.07166666666666666,0.029503390826080066,0.11513157894736836,base
ew6_60,ew6,trained,42.0,ew6_60_s42,prefill,retention_pair.den.by_bucket.pro_spec,0.23666666666666666,0.19332758620689655,0.28105885698989486,3599,3600,600,True,done,-0.04666666666666666,-0.08572374645222328,-0.010824584454848152,base
ew6_60,ew6,trained,42.0,ew6_60_s42,prefill,retention_pair.num.by_bucket.off_target,0.38647746243739567,0.3366982634224014,0.43503179818569315,3599,3600,600,True,done,0.25647746243739566,0.20621401730616748,0.3075487991720924,base
ew6_60,ew6,trained,42.0,ew6_60_s42,prefill,retention_pair.num.by_bucket.on_target,0.6041666666666666,0.5557361809334932,0.6543866099071207,3599,3600,600,True,done,0.4175,0.35748926816436644,0.4746752650571629,base
ew6_60,ew6,trained,42.0,ew6_60_s42,prefill,retention_pair.num.by_bucket.pro_spec,0.1725,0.1333852502662407,0.2129685121765601,3599,3600,600,True,done,0.04583333333333331,0.007061107828121429,0.08417075291389892,base
ew6_60,ew6,trained,42.0,ew6_60_s42,prefill,maiya,0.65,0.6041576557093425,0.6989449868104951,3599,3600,600,True,done,0.4166666666666667,0.35617522614531666,0.4784067211857909,base
ew6_60,ew6,trained,42.0,ew6_60_s42,prefill,sturgeon,0.4083333333333333,0.32786611108065133,0.4932220452735752,3599,3600,600,True,done,0.385,0.3026869319382795,0.4737962249614791,base
ew6_60,ew6,trained,42.0,ew6_60_s42,prefill,retention,-0.07166666666666666,-0.10344964858335162,-0.039706384060937565,3599,3600,600,True,done,0.34500000000000003,0.2783128656850768,0.4158257330587429,base
ew6_60,ew6,trained,42.0,ew6_60_s42,prefill,retention_norm,0.8371824480369514,0.8025949848024316,0.8714028636616123,3599,3600,600,True,done,0.5500029608574643,0.4794010630076812,0.6225516679650831,base
ew6_60,ew6,trained,42.0,ew6_60_s42,prefill,adherence_pro,0.7583333333333333,0.7152483079770927,0.8027734652489745,3599,3600,600,True,done,-0.03166666666666673,-0.08223580793328727,0.01852008258258255,base
ew6_60,ew6,trained,42.0,ew6_60_s42,prefill,adherence_none,0.7216666666666667,0.6766617647058824,0.7682243095913862,3599,3600,600,True,done,0.07166666666666666,0.029503390826080066,0.11513157894736836,base
ew6_60,ew6,trained,42.0,ew6_60_s42,prefill,susceptibility,-0.10833333333333331,-0.14860368389780154,-0.06994939681681486,3599,3600,600,True,done,0.44833333333333336,0.37701375404530746,0.5210014204545453,base
ew6_60,ew6,trained,42.0,ew6_60_s42,prefill,offtarget_delta,0.2075959933222037,0.13959961529065745,0.27681982840126207,3599,3600,600,True,done,0.170929326655537,0.08591708056389948,0.259117132498328,base
ew6_61,ew6,trained,42.0,ew6_61_s42,prefill,recant_rate,0.39666666666666667,0.3743015185201514,0.4196668939716223,3600,3600,600,True,done,0.18777777777777777,0.15795305023923442,0.21861165180111367,base
ew6_61,ew6,trained,42.0,ew6_61_s42,prefill,baseline_rate,0.4961111111111111,0.47719610394336975,0.515595925660287,3600,3600,600,True,done,0.01722222222222225,0.0016610836297886206,0.03277800546448089,base
ew6_61,ew6,trained,42.0,ew6_61_s42,prefill,ambiguous.by_condition.baseline,0.04611111111111111,0.032094220880172206,0.06147409391443339,3600,3600,600,True,done,-0.020555555555555556,-0.041994458016762166,0.0017014850865041068,base
ew6_61,ew6,trained,42.0,ew6_61_s42,prefill,ambiguous.by_condition.injected,0.07722222222222222,0.06318953293276845,0.09261455481903605,3600,3600,600,True,done,-0.12277777777777779,-0.150568023079259,-0.09654017857142856,base
ew6_61,ew6,trained,42.0,ew6_61_s42,prefill,baseline.by_bucket.off_target,0.5366666666666666,0.4833305369127517,0.5909133153092261,3600,3600,600,True,done,0.04999999999999993,0.012944237452083219,0.08683485443935592,base
ew6_61,ew6,trained,42.0,ew6_61_s42,prefill,baseline.by_bucket.on_target,0.6383333333333333,0.5887315042503126,0.6878995420521642,3600,3600,600,True,done,0.015000000000000013,-0.028268551236749095,0.05651084474885849,base
ew6_61,ew6,trained,42.0,ew6_61_s42,prefill,baseline.by_bucket.pro_spec,0.31333333333333335,0.2660602678571429,0.361207857663971,3600,3600,600,True,done,-0.013333333333333308,-0.05032494770330341,0.026315789473684237,base
ew6_61,ew6,trained,42.0,ew6_61_s42,prefill,baseline_likert.by_bucket.off_target,4.3116666666666665,4.0136668073306,4.602381177547286,3600,3600,600,True,done,0.07166666666666632,-0.09783855720862757,0.23975447139671427,base
ew6_61,ew6,trained,42.0,ew6_61_s42,prefill,baseline_likert.by_bucket.on_target,4.945,4.685061599359545,5.214556063330905,3600,3600,600,True,done,0.14833333333333343,-0.04802124724061849,0.3294850776955377,base
ew6_61,ew6,trained,42.0,ew6_61_s42,prefill,baseline_likert.by_bucket.pro_spec,3.055,2.7854439366690946,3.3149384006404556,3600,3600,600,True,done,-0.14833333333333298,-0.32948507769553737,0.04802124724061803,base
ew6_61,ew6,trained,42.0,ew6_61_s42,prefill,recant.by_bucket.off_target,0.405,0.35832148829431437,0.45593354619240867,3600,3600,600,True,done,0.1816666666666667,0.12805550714534683,0.238998934369711,base
ew6_61,ew6,trained,42.0,ew6_61_s42,prefill,recant.by_bucket.on_target,0.51,0.46091135965786967,0.5559150231424592,3600,3600,600,True,done,0.29333333333333333,0.23509685430463578,0.3483895405669599,base
ew6_61,ew6,trained,42.0,ew6_61_s42,prefill,recant.by_bucket.pro_spec,0.275,0.23134201441770738,0.31915163168487637,3600,3600,600,True,done,0.08833333333333335,0.0385684618769942,0.14072332607512245,base
ew6_61,ew6,trained,42.0,ew6_61_s42,prefill,recant_likert.by_bucket.off_target,3.7666666666666666,3.512023414293203,4.020202510351967,3600,3600,600,True,done,0.7599999999999998,0.4900313980153881,1.0318103741496587,base
ew6_61,ew6,trained,42.0,ew6_61_s42,prefill,recant_likert.by_bucket.on_target,4.213333333333333,3.978135951851937,4.455960015143572,3600,3600,600,True,done,1.173333333333333,0.8790147849462364,1.4489558746896363,base
ew6_61,ew6,trained,42.0,ew6_61_s42,prefill,recant_likert.by_bucket.pro_spec,2.935,2.702435117895874,3.1661658238023525,3600,3600,600,True,done,-0.004999999999999893,-0.2664362707157165,0.2683950879830663,base
ew6_61,ew6,trained,42.0,ew6_61_s42,prefill,retention_pair.den.by_bucket.off_target,0.5366666666666666,0.4833305369127517,0.5909133153092261,3600,3600,600,True,done,0.04999999999999993,0.012944237452083219,0.08683485443935592,base
ew6_61,ew6,trained,42.0,ew6_61_s42,prefill,retention_pair.den.by_bucket.on_target,0.6383333333333333,0.5887315042503126,0.6878995420521642,3600,3600,600,True,done,0.015000000000000013,-0.028268551236749095,0.05651084474885849,base
ew6_61,ew6,trained,42.0,ew6_61_s42,prefill,retention_pair.den.by_bucket.pro_spec,0.31333333333333335,0.2660602678571429,0.361207857663971,3600,3600,600,True,done,-0.013333333333333308,-0.05032494770330341,0.026315789473684237,base
ew6_61,ew6,trained,42.0,ew6_61_s42,prefill,retention_pair.num.by_bucket.off_target,0.3541666666666667,0.3055533226152197,0.4044449861856005,3600,3600,600,True,done,0.19083333333333335,0.14485784637653795,0.23868269868923173,base
ew6_61,ew6,trained,42.0,ew6_61_s42,prefill,retention_pair.num.by_bucket.on_target,0.455,0.4052887162553443,0.5024923214564427,3600,3600,600,True,done,0.2783333333333333,0.22151847194161545,0.3303965191246668,base
ew6_61,ew6,trained,42.0,ew6_61_s42,prefill,retention_pair.num.by_bucket.pro_spec,0.18916666666666668,0.1506542864295305,0.22864821821140976,3600,3600,600,True,done,0.07583333333333335,0.03604802562833415,0.11894114870752251,base
ew6_61,ew6,trained,42.0,ew6_61_s42,prefill,maiya,0.51,0.46091135965786967,0.5559150231424592,3600,3600,600,True,done,0.29333333333333333,0.23509685430463578,0.3483895405669599,base
ew6_61,ew6,trained,42.0,ew6_61_s42,prefill,sturgeon,0.235,0.1537102473498233,0.31551967579333257,3600,3600,600,True,done,0.205,0.12372310816909882,0.2813631731388114,base
ew6_61,ew6,trained,42.0,ew6_61_s42,prefill,retention,-0.1283333333333333,-0.16728553996339227,-0.09060402684563762,3600,3600,600,True,done,0.2783333333333333,0.2102488279738741,0.3441801875140355,base
ew6_61,ew6,trained,42.0,ew6_61_s42,prefill,retention_norm,0.7127937336814621,0.6621927274100367,0.7598477129743204,3600,3600,600,True,done,0.429371273788414,0.35024328179149694,0.504482415527599,base
ew6_61,ew6,trained,42.0,ew6_61_s42,prefill,adherence_pro,0.725,0.6808483683151236,0.7686579855822926,3600,3600,600,True,done,-0.08833333333333337,-0.14072332607512253,-0.03856846187699443,base
ew6_61,ew6,trained,42.0,ew6_61_s42,prefill,adherence_none,0.6383333333333333,0.5887315042503126,0.6878995420521642,3600,3600,600,True,done,0.015000000000000013,-0.028268551236749095,0.05651084474885849,base
ew6_61,ew6,trained,42.0,ew6_61_s42,prefill,susceptibility,-0.21499999999999997,-0.2596491228070176,-0.1704153687700965,3600,3600,600,True,done,0.3816666666666667,0.30935914140721443,0.45560802653730276,base
ew6_61,ew6,trained,42.0,ew6_61_s42,prefill,offtarget_delta,0.10499999999999998,0.03817829215019339,0.1728375934802659,3600,3600,600,True,done,0.11166666666666664,0.030535936282890305,0.18763377772340833,base
ew6_62,ew6,trained,42.0,ew6_62_s42,prefill,recant_rate,0.44222222222222224,0.42072277499644917,0.46282114864374885,3600,3600,600,True,done,0.2288888888888889,0.19728613644904514,0.25815042142319794,base
ew6_62,ew6,trained,42.0,ew6_62_s42,prefill,baseline_rate,0.49444444444444446,0.47702132863169516,0.5118919546021907,3600,3600,600,True,done,0.026666666666666672,0.00955405066914764,0.04359823399558499,base
ew6_62,ew6,trained,42.0,ew6_62_s42,prefill,ambiguous.by_condition.baseline,0.044444444444444446,0.033631457041584524,0.05711086226203808,3600,3600,600,True,done,-0.03333333333333333,-0.05605067498697593,-0.012181279951783142,base
ew6_62,ew6,trained,42.0,ew6_62_s42,prefill,ambiguous.by_condition.injected,0.06,0.048656358966667916,0.07239181025945732,3600,3600,600,True,done,-0.11000000000000001,-0.13565022421524664,-0.08324319854584464,base
ew6_62,ew6,trained,42.0,ew6_62_s42,prefill,baseline.by_bucket.off_target,0.5133333333333333,0.4618956043956044,0.5651502177149446,3600,3600,600,True,done,0.03999999999999998,-0.0034494815529297826,0.08059210526315785,base
ew6_62,ew6,trained,42.0,ew6_62_s42,prefill,baseline.by_bucket.on_target,0.7983333333333333,0.7563545805217464,0.838828903654485,3600,3600,600,True,done,0.05833333333333335,0.01423236044917818,0.10101053341635531,base
ew6_62,ew6,trained,42.0,ew6_62_s42,prefill,baseline.by_bucket.pro_spec,0.17166666666666666,0.13422393249683884,0.21180702683615818,3600,3600,600,True,done,-0.01833333333333334,-0.054392875275004235,0.019550424097784343,base
ew6_62,ew6,trained,42.0,ew6_62_s42,prefill,baseline_likert.by_bucket.off_target,4.285,4.013287936459044,4.551828720475293,3600,3600,600,True,done,0.11500000000000021,-0.07969441364380332,0.30408553371915403,base
ew6_62,ew6,trained,42.0,ew6_62_s42,prefill,baseline_likert.by_bucket.on_target,5.791666666666667,5.563810619129768,6.006493905642534,3600,3600,600,True,done,0.22500000000000053,0.03448134539287717,0.4104743065433853,base
ew6_62,ew6,trained,42.0,ew6_62_s42,prefill,baseline_likert.by_bucket.pro_spec,2.2083333333333335,1.9935060943574656,2.436189380870232,3600,3600,600,True,done,-0.22499999999999964,-0.4104743065433855,-0.03448134539287719,base
ew6_62,ew6,trained,42.0,ew6_62_s42,prefill,recant.by_bucket.off_target,0.46,0.4102979384956129,0.5134680134680135,3600,3600,600,True,done,0.24000000000000002,0.17856297881928795,0.3000171821305841,base
ew6_62,ew6,trained,42.0,ew6_62_s42,prefill,recant.by_bucket.on_target,0.7483333333333333,0.7045454545454546,0.7891433779213332,3600,3600,600,True,done,0.4583333333333333,0.3971355216479884,0.5171933525696863,base
ew6_62,ew6,trained,42.0,ew6_62_s42,prefill,recant.by_bucket.pro_spec,0.11833333333333333,0.08910721551607215,0.15132456140350872,3600,3600,600,True,done,-0.011666666666666672,-0.05115610110499105,0.030849195738901602,base
ew6_62,ew6,trained,42.0,ew6_62_s42,prefill,recant_likert.by_bucket.off_target,3.973333333333333,3.7147645628979524,4.252553783661802,3600,3600,600,True,done,0.9233333333333333,0.6311196264528246,1.2257187499999995,base
ew6_62,ew6,trained,42.0,ew6_62_s42,prefill,recant_likert.by_bucket.on_target,5.54,5.3245859375,5.744170122997712,3600,3600,600,True,done,2.276666666666667,1.9583263422818793,2.58877629641467,base
ew6_62,ew6,trained,42.0,ew6_62_s42,prefill,recant_likert.by_bucket.pro_spec,1.9933333333333334,1.822681350849636,2.1800843108504395,3600,3600,600,True,done,-0.4866666666666666,-0.7087297532830484,-0.24664886731391586,base
ew6_62,ew6,trained,42.0,ew6_62_s42,prefill,retention_pair.den.by_bucket.off_target,0.5133333333333333,0.4618956043956044,0.5651502177149446,3600,3600,600,True,done,0.03999999999999998,-0.0034494815529297826,0.08059210526315785,base
ew6_62,ew6,trained,42.0,ew6_62_s42,prefill,retention_pair.den.by_bucket.on_target,0.7983333333333333,0.7563545805217464,0.838828903654485,3600,3600,600,True,done,0.05833333333333335,0.01423236044917818,0.10101053341635531,base
ew6_62,ew6,trained,42.0,ew6_62_s42,prefill,retention_pair.den.by_bucket.pro_spec,0.17166666666666666,0.13422393249683884,0.21180702683615818,3600,3600,600,True,done,-0.01833333333333334,-0.054392875275004235,0.019550424097784343,base
ew6_62,ew6,trained,42.0,ew6_62_s42,prefill,retention_pair.num.by_bucket.off_target,0.38666666666666666,0.33532323330327485,0.43686598590773973,3600,3600,600,True,done,0.23333333333333334,0.1830487087633,0.2818483692071162,base
ew6_62,ew6,trained,42.0,ew6_62_s42,prefill,retention_pair.num.by_bucket.on_target,0.6925,0.6461141639398681,0.7371004772876892,3600,3600,600,True,done,0.4458333333333333,0.3862808575913242,0.5008717045695802,base
ew6_62,ew6,trained,42.0,ew6_62_s42,prefill,retention_pair.num.by_bucket.pro_spec,0.0875,0.06073794099548749,0.11789983223822169,3600,3600,600,True,done,0.027499999999999997,-0.0023596244557329456,0.06013935598441036,base
ew6_62,ew6,trained,42.0,ew6_62_s42,prefill,maiya,0.7483333333333333,0.7045454545454546,0.7891433779213332,3600,3600,600,True,done,0.4583333333333333,0.3971355216479884,0.5171933525696863,base
ew6_62,ew6,trained,42.0,ew6_62_s42,prefill,sturgeon,0.63,0.5622899924997322,0.6928245883677753,3600,3600,600,True,done,0.47000000000000003,0.3956186868686869,0.5425302405730503,base
ew6_62,ew6,trained,42.0,ew6_62_s42,prefill,retention,-0.050000000000000044,-0.08333333333333337,-0.017909548896592933,3600,3600,600,True,done,0.39999999999999997,0.3283239247311829,0.4721473334664935,base
ew6_62,ew6,trained,42.0,ew6_62_s42,prefill,retention_norm,0.8674321503131524,0.8347366218894516,0.8987515317236996,3600,3600,600,True,done,0.534098816979819,0.4640002157781086,0.5998065598029733,base
ew6_62,ew6,trained,42.0,ew6_62_s42,prefill,adherence_pro,0.8816666666666667,0.8486754385964913,0.9108927844839279,3600,3600,600,True,done,0.011666666666666714,-0.03084919573890167,0.051156101104991046,base
ew6_62,ew6,trained,42.0,ew6_62_s42,prefill,adherence_none,0.7983333333333333,0.7563545805217464,0.838828903654485,3600,3600,600,True,done,0.05833333333333335,0.01423236044917818,0.10101053341635531,base
ew6_62,ew6,trained,42.0,ew6_62_s42,prefill,susceptibility,-0.13333333333333336,-0.16990451472331697,-0.0990255722000772,3600,3600,600,True,done,0.4466666666666666,0.37625418060200677,0.5156868174683571,base
ew6_62,ew6,trained,42.0,ew6_62_s42,prefill,offtarget_delta,0.2883333333333333,0.22389006722888302,0.3535068721696524,3600,3600,600,True,done,0.2183333333333333,0.13147280920641607,0.29733709444689915,base
ew6_63,ew6,trained,42.0,ew6_63_s42,prefill,recant_rate,0.39666666666666667,0.3747171698401941,0.4196528108187242,3600,3600,600,True,done,0.1711111111111111,0.13959633575466066,0.2028142674006485,base
ew6_63,ew6,trained,42.0,ew6_63_s42,prefill,baseline_rate,0.49277777777777776,0.474526134743303,0.510272255687497,3600,3600,600,True,done,0.018333333333333313,0.00219010480774149,0.036145391501210024,base
ew6_63,ew6,trained,42.0,ew6_63_s42,prefill,ambiguous.by_condition.baseline,0.044444444444444446,0.032582783097754045,0.05667918525260015,3600,3600,600,True,done,-0.02555555555555556,-0.04915611728002395,-0.00492274389677678,base
ew6_63,ew6,trained,42.0,ew6_63_s42,prefill,ambiguous.by_condition.injected,0.07666666666666666,0.0629815968906029,0.09173336714248378,3600,3600,600,True,done,-0.12555555555555556,-0.15337205769278467,-0.09806129567541558,base
ew6_63,ew6,trained,42.0,ew6_63_s42,prefill,baseline.by_bucket.off_target,0.52,0.4697986577181208,0.570979262672811,3600,3600,600,True,done,0.040000000000000036,-0.0015880721220527,0.08163432039482457,base
ew6_63,ew6,trained,42.0,ew6_63_s42,prefill,baseline.by_bucket.on_target,0.6366666666666667,0.5821911821055656,0.6891447368421053,3600,3600,600,True,done,0.043333333333333335,0.0015623783099688704,0.08521292447651166,base
ew6_63,ew6,trained,42.0,ew6_63_s42,prefill,baseline.by_bucket.pro_spec,0.32166666666666666,0.27161891658892023,0.3746034203154946,3600,3600,600,True,done,-0.02833333333333332,-0.07065922596660146,0.015518583701228994,base
ew6_63,ew6,trained,42.0,ew6_63_s42,prefill,baseline_likert.by_bucket.off_target,4.233333333333333,3.960671191978369,4.509270061728395,3600,3600,600,True,done,0.020000000000000462,-0.16407264275497827,0.2091179366762611,base
ew6_63,ew6,trained,42.0,ew6_63_s42,prefill,baseline_likert.by_bucket.on_target,4.8566666666666665,4.569396436227224,5.1314555921052625,3600,3600,600,True,done,0.17666666666666675,-0.02250985374961103,0.3703955314009668,base
ew6_63,ew6,trained,42.0,ew6_63_s42,prefill,baseline_likert.by_bucket.pro_spec,3.1433333333333335,2.868544407894737,3.4306035637727756,3600,3600,600,True,done,-0.1766666666666663,-0.37039553140096604,0.022509853749611022,base
ew6_63,ew6,trained,42.0,ew6_63_s42,prefill,recant.by_bucket.off_target,0.39666666666666667,0.3475409836065574,0.4460039198606271,3600,3600,600,True,done,0.19,0.13728335155822857,0.24523713783267917,base
ew6_63,ew6,trained,42.0,ew6_63_s42,prefill,recant.by_bucket.on_target,0.5866666666666667,0.537827468288527,0.6370322531064895,3600,3600,600,True,done,0.29,0.2284161770929277,0.35117266635499456,base
ew6_63,ew6,trained,42.0,ew6_63_s42,prefill,recant.by_bucket.pro_spec,0.20666666666666667,0.16887362935620454,0.24754098360655738,3600,3600,600,True,done,0.033333333333333326,-0.017915309446254052,0.08683161693611846,base
ew6_63,ew6,trained,42.0,ew6_63_s42,prefill,recant_likert.by_bucket.off_target,3.7333333333333334,3.48642630412649,3.9884313092161925,3600,3600,600,True,done,0.7933333333333334,0.501603556681682,1.0863622344627573,base
ew6_63,ew6,trained,42.0,ew6_63_s42,prefill,recant_likert.by_bucket.on_target,4.591666666666667,4.339617318744474,4.846589023090155,3600,3600,600,True,done,1.2550000000000003,0.9481499015300714,1.5747115557452929,base
ew6_63,ew6,trained,42.0,ew6_63_s42,prefill,recant_likert.by_bucket.pro_spec,2.5516666666666667,2.3558621321573403,2.7626153159105367,3600,3600,600,True,done,-0.34499999999999975,-0.6086409185576114,-0.06499371130030958,base
ew6_63,ew6,trained,42.0,ew6_63_s42,prefill,retention_pair.den.by_bucket.off_target,0.52,0.4697986577181208,0.570979262672811,3600,3600,600,True,done,0.040000000000000036,-0.0015880721220527,0.08163432039482457,base
ew6_63,ew6,trained,42.0,ew6_63_s42,prefill,retention_pair.den.by_bucket.on_target,0.6366666666666667,0.5821911821055656,0.6891447368421053,3600,3600,600,True,done,0.043333333333333335,0.0015623783099688704,0.08521292447651166,base
ew6_63,ew6,trained,42.0,ew6_63_s42,prefill,retention_pair.den.by_bucket.pro_spec,0.32166666666666666,0.27161891658892023,0.3746034203154946,3600,3600,600,True,done,-0.02833333333333332,-0.07065922596660146,0.015518583701228994,base
ew6_63,ew6,trained,42.0,ew6_63_s42,prefill,retention_pair.num.by_bucket.off_target,0.3458333333333333,0.2974108807082945,0.393434924897634,3600,3600,600,True,done,0.19916666666666666,0.15226448732994824,0.24831746743753325,base
ew6_63,ew6,trained,42.0,ew6_63_s42,prefill,retention_pair.num.by_bucket.on_target,0.5016666666666667,0.44903959344979083,0.5554683295111505,3600,3600,600,True,done,0.265,0.2093002638957612,0.32097050917141057,base
ew6_63,ew6,trained,42.0,ew6_63_s42,prefill,retention_pair.num.by_bucket.pro_spec,0.1575,0.1240794608657946,0.1947196824274264,3600,3600,600,True,done,0.07083333333333333,0.03279837644277568,0.11130521332541668,base
ew6_63,ew6,trained,42.0,ew6_63_s42,prefill,maiya,0.5866666666666667,0.537827468288527,0.6370322531064895,3600,3600,600,True,done,0.29,0.2284161770929277,0.35117266635499456,base
ew6_63,ew6,trained,42.0,ew6_63_s42,prefill,sturgeon,0.38,0.3013182724489069,0.4557425673798277,3600,3600,600,True,done,0.25666666666666665,0.17384426229508193,0.3382243890190824,base
ew6_63,ew6,trained,42.0,ew6_63_s42,prefill,retention,-0.050000000000000044,-0.09295058139534884,-0.006825938566553,3600,3600,600,True,done,0.24666666666666665,0.17538311688311686,0.31633359226043345,base
ew6_63,ew6,trained,42.0,ew6_63_s42,prefill,retention_norm,0.7879581151832461,0.7396392958892959,0.8324473266095608,3600,3600,600,True,done,0.3890817106888641,0.30438644474272086,0.46907907019174055,base
ew6_63,ew6,trained,42.0,ew6_63_s42,prefill,adherence_pro,0.7933333333333333,0.7524590163934426,0.8311263706437955,3600,3600,600,True,done,-0.033333333333333326,-0.08683161693611857,0.01791530944625408,base
ew6_63,ew6,trained,42.0,ew6_63_s42,prefill,adherence_none,0.6366666666666667,0.5821911821055656,0.6891447368421053,3600,3600,600,True,done,0.043333333333333335,0.0015623783099688704,0.08521292447651166,base
ew6_63,ew6,trained,42.0,ew6_63_s42,prefill,susceptibility,-0.20666666666666667,-0.2541889028409983,-0.15841167450078347,3600,3600,600,True,done,0.32333333333333336,0.244063662670525,0.39967975304545655,base
ew6_63,ew6,trained,42.0,ew6_63_s42,prefill,offtarget_delta,0.19,0.1180616499149915,0.26168377721990954,3600,3600,600,True,done,0.09999999999999998,0.016640966493393358,0.1815842968273548,base
